# https://github.com/mikedh/trimesh
v 0.25476050 -0.03889609 -0.20048188
v 0.26887321 -0.04281494 -0.19529188
v 0.27105817 -0.03697673 -0.19379514
v 0.25738603 -0.03494020 -0.19933541
v 0.29816845 -0.03997531 -0.23308828
v 0.30174264 -0.02594813 -0.21529944
v 0.29986468 -0.01616589 -0.21172208
v 0.29856101 -0.01625745 -0.22333296
v 0.10510109 -0.18294033 -0.45233393
v 0.04626339 -0.18245505 -0.46872351
v 0.04598073 -0.22661541 -0.45916945
v 0.10050593 -0.23812985 -0.43821034
v 0.17980790 -0.33003190 -0.36676848
v 0.15822017 -0.29788914 -0.38671577
v 0.14886165 -0.34697539 -0.40193847
v 0.18570341 -0.36018869 -0.36731347
v 0.15585095 0.19423893 0.15789320
v 0.18545501 0.18814418 0.13523971
v 0.17838028 0.16597876 0.14809103
v -0.25445494 -0.03972028 -0.21116380
v -0.26870504 -0.04370844 -0.20585287
v -0.27103472 -0.03800095 -0.20461102
v -0.25657788 -0.03565530 -0.21030882
v -0.29704666 -0.04019051 -0.24589571
v -0.30175912 -0.02630776 -0.22787008
v -0.29949802 -0.01669498 -0.22427931
v -0.29769996 -0.01658881 -0.23620716
v 0.14951508 0.16855459 0.16588551
v 0.36376536 0.04959280 -0.26760030
v 0.36435917 0.03952865 -0.27249432
v 0.36711380 0.03226927 -0.26552176
v 0.36578423 0.04073092 -0.25969023
v 0.34934658 -0.01975842 -0.26674742
v 0.35043976 0.00848224 -0.27032337
v 0.35521567 0.01835672 -0.27225727
v 0.35599512 0.00960049 -0.26953819
v 0.34835061 -0.06079654 -0.25613824
v 0.34295490 -0.05802316 -0.25533134
v 0.34858632 -0.04013608 -0.26170540
v 0.35509452 -0.04180809 -0.26378566
v 0.29371420 -0.14210182 -0.16477229
v 0.30440646 -0.13033994 -0.17381527
v 0.30482030 -0.14298594 -0.17987433
v 0.28712818 -0.14917070 -0.17372429
v 0.27468556 -0.14151070 -0.17862079
v 0.29184908 -0.14387099 -0.19509968
v 0.29019862 -0.12985334 -0.19932847
v 0.27598128 -0.12941186 -0.18735169
v 0.34521294 0.08590939 -0.21692428
v 0.34710965 0.07106246 -0.21359706
v 0.34254369 0.06654582 -0.20520717
v 0.33966541 0.08109019 -0.20737731
v 0.28521541 -0.03523468 -0.25787574
v 0.27859065 -0.06058318 -0.25238734
v 0.30307233 -0.04271500 -0.26124519
v 0.30519772 -0.03192943 -0.26150587
v 0.34416124 0.04675034 -0.23909715
v 0.34419328 0.04928575 -0.25116810
v 0.34576577 0.04123470 -0.25643101
v 0.34364721 0.03619711 -0.24746725
v 0.35150132 0.05592298 -0.27142781
v 0.35213786 0.04459176 -0.27681533
v 0.28723717 -0.10384008 -0.16195960
v 0.28375903 -0.09020484 -0.15832815
v 0.28563505 -0.08398496 -0.16298203
v 0.28651205 -0.08822862 -0.16949059
v 0.29623154 -0.04003048 -0.21998635
v 0.30203694 -0.02182624 -0.20951171
v 0.33526009 -0.10368819 -0.23799472
v 0.33388522 -0.09553821 -0.23387520
v 0.34275928 -0.07926447 -0.24590547
v 0.34349024 -0.08500436 -0.25184926
v 0.32056072 -0.08655631 -0.22639287
v 0.32993075 -0.07506592 -0.23901317
v 0.33382025 -0.07214585 -0.24583918
v 0.33034971 -0.08100996 -0.23800021
v 0.34923926 0.05679876 -0.24438159
v 0.34433320 0.06594977 -0.22505516
v 0.34993884 0.06181888 -0.22026125
v 0.35637593 0.05327134 -0.23665804
v 0.31366509 0.01338600 -0.25821137
v 0.30783752 0.03300446 -0.25005817
v 0.30318961 0.03057622 -0.25020486
v 0.30762249 0.01365099 -0.25774729
v 0.35113209 0.04580425 -0.26229507
v 0.35280058 0.03707794 -0.26735401
v 0.34747508 0.03200429 -0.26226449
v 0.31150788 0.03595896 -0.19510300
v 0.31800947 0.04043056 -0.20289299
v 0.31845737 0.03408012 -0.20655483
v 0.31711459 0.02945332 -0.20360227
v 0.30352557 -0.14623280 -0.19374025
v 0.27439672 -0.09533063 -0.22719619
v 0.28120589 -0.09419391 -0.23375735
v 0.29194686 -0.07774145 -0.24472524
v 0.28508583 -0.07242224 -0.24622549
v 0.27530846 -0.13371977 -0.15744443
v 0.28814498 -0.13285351 -0.15805869
v 0.29053333 -0.13755506 -0.16170388
v 0.27810735 -0.14259517 -0.16334265
v 0.32161900 0.05353381 -0.20368722
v 0.32972693 0.05047691 -0.21063423
v 0.32286364 0.04734754 -0.20876452
v 0.31788427 0.04926553 -0.20328188
v 0.34591004 0.00137655 -0.26429674
v 0.34446397 0.02624589 -0.25464055
v 0.34253794 -0.03473501 -0.24596351
v 0.34301800 -0.03327607 -0.25696754
v 0.34114280 -0.04960004 -0.25110045
v -0.11552817 -0.18327563 -0.45273191
v -0.05699211 -0.18235905 -0.46884844
v -0.05635541 -0.22698709 -0.45930225
v -0.11050180 -0.23906107 -0.43856224
v 0.33843961 -0.05017229 -0.24138163
v 0.34354284 -0.00337359 -0.24435480
v 0.34411001 -0.00291288 -0.25725555
v 0.35819373 0.02931430 -0.26029879
v 0.35846972 0.00648905 -0.26482376
v 0.35589236 0.03201884 -0.26378998
v 0.29990304 0.04521216 -0.24105413
v 0.30149582 0.05800723 -0.25782746
v 0.29567459 0.03411018 -0.26549855
v 0.29955173 0.03591836 -0.24799545
v 0.28848895 -0.06813315 -0.16288771
v 0.29296228 -0.05912946 -0.16777566
v 0.28646654 -0.06737173 -0.17540471
v 0.28270647 -0.07765777 -0.17368677
v 0.29536775 -0.08686969 -0.24013649
v 0.28479981 -0.09892485 -0.23066664
v 0.28741601 -0.10195253 -0.22799046
v 0.29792482 -0.09387138 -0.23448485
v 0.33784962 0.05316459 -0.21795805
v 0.33865806 0.03663536 -0.22336870
v 0.33272564 0.03661959 -0.21832542
v 0.30421004 -0.08301033 -0.19794630
v 0.30527028 -0.07801998 -0.20596062
v 0.31111419 -0.08881867 -0.21058205
v 0.31052533 -0.09686117 -0.20311417
v 0.32070756 -0.13017255 -0.21519122
v 0.30953622 -0.13058414 -0.21888620
v 0.30074763 -0.13861139 -0.20598640
v 0.31243408 -0.13960202 -0.20439129
v 0.28558919 -0.08238015 -0.17170395
v 0.28610632 -0.07819606 -0.16336256
v 0.32233360 0.01411791 -0.26479331
v 0.31800440 0.03751974 -0.25403294
v 0.34282386 0.03059154 -0.23948786
v 0.34364510 0.02174812 -0.24611327
v 0.29849112 -0.01735654 -0.18089472
v 0.29200643 -0.01571441 -0.18785967
v 0.29319310 -0.01903051 -0.18764472
v 0.30129611 -0.02313908 -0.18008932
v 0.29843655 -0.01892790 -0.17491394
v 0.30042520 -0.02521903 -0.17454416
v 0.29765180 -0.02545097 -0.17134610
v 0.29625112 -0.02214539 -0.17057967
v 0.28915551 -0.01507554 -0.18989450
v 0.29074317 -0.01607680 -0.18883330
v 0.29143223 -0.01406868 -0.18891986
v 0.30646428 -0.00525336 -0.23222178
v 0.30423579 -0.03378757 -0.24057974
v 0.30185708 -0.03912630 -0.24086836
v 0.30851448 -0.01640253 -0.23073930
v 0.34509200 -0.02912190 -0.26291943
v 0.33024833 0.06753624 -0.19137295
v 0.32656693 0.07879187 -0.19122164
v 0.33580294 0.08921179 -0.20668295
v 0.28300005 -0.07130630 -0.21474995
v 0.29626265 -0.07064253 -0.20545965
v 0.29439306 -0.07116417 -0.19886570
v 0.28484243 -0.07188102 -0.20776156
v 0.29032508 -0.05126308 -0.18589950
v 0.28103989 -0.06334336 -0.18590613
v 0.29475674 -0.05751997 -0.17770205
v 0.29901621 0.00373251 -0.17339969
v 0.29673183 -0.01114450 -0.18435675
v 0.29679057 -0.01448276 -0.17928468
v 0.29668814 -0.01313431 -0.17405052
v 0.34878328 -0.06363543 -0.26176956
v 0.35375023 -0.04265202 -0.27016357
v 0.34691623 -0.04273424 -0.27597949
v 0.34240574 -0.06535394 -0.26766083
v 0.28065044 -0.11843915 -0.15313965
v 0.26194227 -0.12548856 -0.16686375
v 0.27580562 -0.10579275 -0.15346576
v 0.35773137 0.07504297 -0.24827671
v 0.34953576 0.08228388 -0.24960667
v 0.35052210 0.07456928 -0.25824070
v 0.36051422 0.06757876 -0.25613090
v 0.29861701 0.00778530 -0.20403035
v 0.29705459 0.00001711 -0.20352995
v 0.29903355 0.00438398 -0.19802456
v 0.29831463 0.01323940 -0.19811383
v 0.20103182 -0.12667550 -0.38351512
v 0.23315299 -0.12669553 -0.30869880
v 0.24936177 -0.07255891 -0.34051296
v 0.22126693 -0.07329411 -0.40394792
v 0.32292882 -0.11736374 -0.21162850
v 0.32004312 -0.12614626 -0.20196250
v 0.30629283 0.03379141 -0.16830063
v 0.30316794 0.04048257 -0.16485099
v 0.30598527 0.06266107 -0.17253180
v 0.31029683 0.05007188 -0.17239758
v 0.35491538 0.01486707 -0.28357461
v 0.36488491 0.01174811 -0.27870211
v 0.31948394 0.05427631 -0.19762632
v 0.32792750 0.06470673 -0.20885041
v 0.32259697 0.05631818 -0.20462574
v 0.31746265 0.05129541 -0.19860277
v 0.31810668 0.02145266 -0.18572167
v 0.32075834 0.02659271 -0.18572459
v 0.31354806 0.03024429 -0.18676993
v 0.30963263 0.02503041 -0.18754187
v 0.30048200 0.06030360 -0.16139206
v 0.30497894 0.08108193 -0.17606074
v 0.26599830 -0.09593123 -0.22585911
v 0.31505978 0.02915455 -0.17511867
v 0.31781709 0.03961049 -0.17656533
v 0.32308578 0.03355742 -0.18516003
v -0.18909994 -0.33273098 -0.36782125
v -0.16723600 -0.30053177 -0.38745791
v -0.15876754 -0.34932888 -0.40250230
v -0.19501187 -0.36314273 -0.36836633
v 0.27963421 -0.08673427 -0.15056254
v 0.28429291 -0.08006410 -0.15746421
v 0.31595874 0.04992871 -0.19773175
v 0.31324208 0.04529608 -0.19721949
v 0.30817065 0.02972859 -0.19100003
v 0.31130290 0.02554612 -0.19964813
v 0.32624105 -0.00057357 -0.22833100
v 0.32874131 -0.03293415 -0.23477376
v 0.26223999 -0.07104164 -0.28324062
v 0.24904165 -0.12203278 -0.23072907
v 0.30906942 0.03204829 -0.18797667
v 0.30984202 0.03427342 -0.18867435
v 0.30759498 0.03107748 -0.18777652
v 0.30558228 0.02765152 -0.18936066
v 0.31523192 -0.13379505 -0.19264635
v 0.32654214 0.02377320 -0.21968660
v 0.31561771 0.01592224 -0.21179429
v 0.32192647 0.02368948 -0.21176223
v 0.35663608 -0.02414547 -0.26382869
v 0.36290380 0.00534027 -0.26415563
v 0.36832812 0.00613511 -0.26982039
v 0.36171669 -0.02467396 -0.26852292
v 0.26750955 -0.13613817 -0.17329682
v 0.29641017 -0.00319104 -0.20889795
v 0.30043745 -0.00841448 -0.20619929
v 0.30541494 0.01938378 -0.20099010
v 0.30305460 0.02405352 -0.19086830
v 0.28519687 -0.06811576 -0.15505509
v 0.34752333 0.05977144 -0.25110969
v 0.34987614 0.05350066 -0.25656387
v 0.34389040 0.05527026 -0.24625440
v 0.34331420 0.05961403 -0.24026489
v 0.34124973 0.06880760 -0.23383750
v 0.33872527 0.07149239 -0.23205093
v 0.34544981 0.06580947 -0.24439600
v 0.31439570 0.02183268 -0.20454550
v 0.31925792 0.02573846 -0.20752236
v 0.30476272 -0.08777639 -0.19142237
v 0.30904734 -0.10987370 -0.19154646
v 0.33610448 -0.06362174 -0.24315795
v 0.33153632 -0.06117121 -0.23354504
v 0.33654103 -0.02007905 -0.27848440
v 0.33646497 0.01464594 -0.27789381
v 0.32938948 0.01409155 -0.27040309
v 0.33134115 -0.01914004 -0.27339539
v 0.30580401 -0.00989863 -0.26115784
v 0.29130885 -0.00593284 -0.26089042
v 0.29489866 -0.01884704 -0.16840921
v 0.29255724 -0.00395404 -0.16040803
v 0.30028534 0.01615098 -0.19812660
v 0.30100042 0.02299735 -0.19241743
v 0.31078115 -0.07750429 -0.25023219
v 0.29684126 -0.10534580 -0.22049275
v 0.31223112 -0.08611376 -0.24275544
v 0.28041103 -0.10682610 -0.21282047
v 0.27968821 -0.11101738 -0.20377493
v 0.28985170 -0.11179459 -0.20968035
v 0.31956494 -0.07891491 -0.22320499
v 0.32792738 -0.07364457 -0.23282422
v 0.29145759 -0.01696646 -0.19224113
v 0.28714606 -0.02284374 -0.19880186
v 0.28412384 -0.01648931 -0.19131532
v 0.33821550 -0.00285819 -0.23579773
v 0.33923084 -0.03380325 -0.23874578
v 0.31934080 0.03538885 -0.18838397
v 0.30752742 -0.00217265 -0.18691051
v 0.31052914 0.01118778 -0.17902516
v 0.33057687 0.04724571 -0.18939780
v 0.32592094 0.04153225 -0.19083105
v 0.32314378 0.03799359 -0.18949004
v 0.32635224 0.04008361 -0.18605660
v 0.26534078 -0.05134042 -0.19946560
v 0.27399582 -0.05812898 -0.19219099
v 0.28066313 -0.04629595 -0.18944141
v 0.33729675 0.06834380 -0.22198658
v 0.33975056 0.06126130 -0.22594894
v 0.32544520 0.03950429 -0.25960612
v 0.32040215 0.04141987 -0.20635816
v 0.32044846 0.03589780 -0.21075177
v 0.31405032 0.09047196 -0.23679562
v 0.31572109 0.07991592 -0.22164376
v 0.31492034 0.08075975 -0.21591608
v 0.31403556 0.09973144 -0.21777312
v 0.27735049 -0.12245373 -0.19151495
v 0.28791517 -0.12141923 -0.20162602
v 0.28653345 -0.11612011 -0.20335402
v 0.27905715 -0.11621790 -0.19632015
v 0.29218784 -0.07165546 -0.19624089
v 0.28481308 -0.07266787 -0.20366064
v 0.33885700 -0.05769518 -0.25444433
v 0.33704111 -0.06141316 -0.25034648
v 0.34201911 -0.04553552 -0.25806043
v 0.34245035 -0.03959290 -0.26178893
v 0.30223966 0.01082381 -0.21722822
v 0.30067769 0.00641729 -0.21243571
v 0.30967104 0.06018034 -0.22684582
v 0.31925187 0.06716574 -0.23142263
v 0.31954530 0.07541567 -0.21895407
v 0.31209698 0.06956851 -0.21957946
v 0.33262536 0.04222523 -0.26724884
v 0.32032228 0.02987079 -0.21097185
v 0.32171550 0.03051530 -0.21443042
v 0.31972453 0.03151358 -0.20858295
v 0.30624017 0.02142398 -0.18867813
v 0.31474307 0.01671235 -0.18859474
v 0.32988116 0.04848523 -0.19489515
v 0.34004742 0.06116262 -0.20530002
v 0.33686271 0.06347758 -0.21015847
v 0.32799938 0.05205480 -0.19574869
v 0.31277585 0.04058604 -0.19071949
v 0.05158426 -0.13460034 -0.49340063
v 0.05888180 -0.09390632 -0.52229702
v -0.15267932 0.19446871 0.15377168
v -0.18292958 0.18792500 0.13210371
v -0.17569846 0.16665368 0.14397463
v -0.14630497 0.16928296 0.16135955
v 0.32132363 0.07798725 -0.18970303
v 0.32162273 0.08355515 -0.20335685
v 0.32584748 0.08701040 -0.20524329
v 0.32369527 0.08096588 -0.19193092
v 0.34331036 0.05513207 -0.23859273
v 0.35352704 0.04187777 -0.25950101
v 0.30465612 -0.01607716 -0.20169221
v 0.29435244 -0.02713723 -0.20486248
v 0.25636932 -0.02861695 -0.20127535
v 0.25769961 -0.02406185 -0.20017809
v 0.26031971 -0.02543143 -0.20431940
v 0.26003462 -0.02897611 -0.20615406
v 0.27259031 -0.04970858 -0.20956919
v 0.28114396 -0.05288441 -0.20657873
v 0.27742818 -0.05861345 -0.20057066
v 0.27023631 -0.05475506 -0.20697984
v 0.25441492 -0.03916764 -0.20332697
v 0.25543797 -0.03338885 -0.20211491
v 0.25849015 -0.03528219 -0.20803817
v 0.25703323 -0.04134120 -0.21078189
v 0.33455908 0.07064135 -0.21537007
v 0.34059736 0.06965176 -0.22417666
v 0.36133850 0.03654972 -0.25466099
v 0.36245811 0.02839564 -0.25949317
v 0.35146967 0.05686921 -0.24829073
v 0.35294920 0.04974548 -0.25362283
v 0.29372993 -0.04850683 -0.16638704
v 0.29787034 -0.04769972 -0.17269742
v 0.29660296 -0.05403033 -0.17300700
v 0.36564571 0.04670960 -0.25360748
v 0.36249831 0.05832155 -0.26157609
v 0.29004595 -0.11707300 -0.15915704
v 0.28614041 -0.12385516 -0.15515760
v 0.19158818 -0.41918799 -0.12179824
v 0.21964340 -0.38707089 -0.16815968
v 0.21517089 -0.42761573 -0.16854233
v 0.18476856 -0.45597500 -0.12203854
v 0.32587925 0.05996053 -0.18532006
v 0.31948093 0.07138975 -0.18599042
v 0.25438011 -0.04696754 -0.20472708
v 0.25430065 -0.04758290 -0.20510985
v 0.26466751 -0.05450306 -0.20410679
v 0.27293238 -0.03126049 -0.19354014
v 0.25863686 -0.02968675 -0.19833268
v 0.27540877 -0.04398554 -0.20878218
v 0.27378482 -0.02350685 -0.20203149
v 0.27257109 -0.01877380 -0.19718254
v 0.27583247 -0.07035266 -0.19027664
v 0.27933013 -0.07418399 -0.19766420
v 0.28550529 -0.07609035 -0.18588731
v 0.25847164 -0.04962355 -0.21133031
v 0.30554089 0.01676753 -0.20978203
v 0.28627264 -0.04269463 -0.20763113
v 0.29041898 -0.05189022 -0.21608017
v 0.28741527 -0.05849126 -0.21311128
v 0.28363347 -0.04938966 -0.20793733
v 0.31420964 -0.09036350 -0.21619157
v 0.31358716 -0.08329448 -0.21651933
v 0.28377703 -0.06811348 -0.22305575
v 0.29614109 -0.06995466 -0.21661098
v 0.30525738 -0.00518452 -0.20159513
v 0.31108797 0.00633361 -0.19231486
v 0.29435024 -0.01662739 -0.19428587
v 0.28661633 -0.03422579 -0.20383884
v 0.29307353 -0.04407916 -0.21342286
v 0.27343392 -0.02682262 -0.19399476
v 0.28606886 -0.02538460 -0.18851285
v 0.28504884 -0.02130638 -0.18961127
v 0.27334014 -0.02308011 -0.19484863
v 0.32702541 0.03651758 -0.21566689
v 0.31438044 0.06301885 -0.17865211
v 0.32248333 0.04994847 -0.18021163
v 0.31490543 0.10713542 -0.28468874
v 0.30472338 0.07455473 -0.30311924
v 0.31048173 0.07806706 -0.25134581
v 0.27850509 -0.03756603 -0.20772509
v 0.25883305 -0.02205920 -0.20040578
v 0.26098272 -0.02423097 -0.19920325
v 0.33803523 -0.07454446 -0.24577259
v 0.28742364 -0.07924545 -0.18443148
v 0.30209810 0.01389522 -0.19064994
v 0.33356887 -0.04019168 -0.27425817
v 0.32987759 -0.06171106 -0.26671389
v 0.30085093 0.01950548 -0.19153473
v 0.30168140 0.02362607 -0.19147125
v 0.28263566 -0.07411078 -0.20144953
v 0.29026389 -0.07408440 -0.19158779
v 0.30305922 0.02471563 -0.19048983
v 0.29858714 -0.04938436 -0.17836009
v 0.34303865 0.03615443 -0.23440103
v 0.30330873 -0.11945820 -0.22040515
v 0.29583409 -0.12516698 -0.20920484
v 0.26040703 -0.02583321 -0.19770841
v 0.27260184 -0.05781391 -0.19787858
v 0.27497217 -0.03009978 -0.20382352
v 0.29456192 -0.03434243 -0.18529435
v 0.29301298 -0.04297224 -0.18455017
v 0.29929337 -0.04039143 -0.17731589
v 0.29992160 -0.06754202 -0.22313818
v 0.28638014 -0.05980124 -0.23074630
v 0.29100990 -0.05653647 -0.23869804
v 0.30747670 -0.06326629 -0.22809246
v 0.32497501 -0.08180988 -0.25751367
v 0.31813028 -0.09960298 -0.24485929
v 0.32743108 -0.10771108 -0.24513766
v 0.33687791 -0.08808514 -0.25782374
v 0.31811389 0.17122503 -0.32102135
v 0.31798202 0.12976080 -0.25714228
v 0.32117873 0.19651349 -0.27519605
v 0.33061737 0.07281823 -0.24973966
v 0.32991254 0.06388026 -0.25557840
v 0.35113356 0.06593174 -0.26512283
v 0.31234223 0.09127021 -0.19585347
v 0.31403777 0.08076046 -0.20973936
v 0.32104647 0.08030049 -0.20235765
v 0.35081816 -0.02203106 -0.28113097
v 0.30342430 0.01894104 -0.16842048
v 0.31191367 0.01958967 -0.17583653
v 0.30634198 -0.07213533 -0.25392380
v 0.31294903 -0.07079845 -0.21832559
v 0.32270640 -0.06760301 -0.22499183
v 0.35271329 0.07149696 -0.22301988
v 0.34451568 0.06316502 -0.21293053
v 0.04314211 -0.48589039 -0.03716021
v 0.04112114 -0.50197738 -0.04329002
v 0.02978738 -0.03643753 0.23208445
v 0.03245686 -0.03626389 0.22729269
v 0.02809972 -0.03078146 0.22363764
v 0.02726388 -0.03114229 0.22614087
v 0.03085304 -0.06750449 0.22957209
v 0.03006087 -0.06290372 0.22705084
v 0.03450260 -0.06162790 0.22421417
v 0.03828387 -0.06772169 0.22670358
v 0.02244541 -0.03138991 0.22712629
v 0.01952679 -0.03805343 0.23409106
v 0.02269351 -0.03749573 0.23763295
v 0.02411711 -0.03089148 0.22751233
v 0.35363141 0.08386148 -0.22640766
v 0.04780250 -0.06512076 0.23020898
v 0.04231617 -0.05926816 0.22740051
v 0.04397463 -0.05644279 0.23381558
v 0.05156672 -0.05972342 0.23826940
v 0.01746668 -0.06042127 0.26065284
v 0.02190749 -0.05318647 0.26081663
v 0.01803492 -0.05694278 0.25112432
v 0.01690143 -0.06452915 0.25089553
v 0.02910192 -0.05037105 0.25832987
v 0.03660106 -0.05029372 0.26531979
v 0.04280281 -0.05087922 0.25704062
v 0.03526136 -0.05100733 0.25211170
v 0.01993345 -0.04983544 0.23443082
v 0.02204681 -0.05791543 0.23921500
v 0.01785010 -0.04808883 0.24434017
v 0.04027306 -0.04950621 0.22798096
v 0.03894497 -0.05270543 0.22445314
v 0.03345548 -0.04099037 0.22327593
v 0.03454375 -0.03992150 0.22431734
v 0.20743734 -0.35544890 -0.11761944
v 0.22681718 -0.33133483 -0.16871613
v 0.13923275 0.02216112 0.15403439
v 0.13507946 0.01205011 0.15849026
v 0.11897308 0.01592601 0.16130434
v 0.12284146 0.02623483 0.15718955
v 0.30056393 -0.03239147 -0.17364590
v 0.29739228 -0.02939418 -0.16971669
v 0.32992202 0.05359363 -0.26120850
v 0.34667760 0.06167056 -0.24636286
v 0.33186918 0.07904888 -0.24235597
v 0.32983723 0.08525896 -0.22389373
v 0.32392293 0.08014815 -0.22112617
v 0.32437560 0.07319473 -0.23648269
v 0.36020079 0.06109332 -0.24118078
v 0.29165676 -0.08503230 -0.18396696
v 0.33315712 0.02061755 -0.22721599
v 0.32782051 0.08706188 -0.21402517
v 0.34034583 0.09171275 -0.21577467
v 0.34982106 -0.02219645 -0.26341835
v 0.36262193 0.05566668 -0.24806775
v 0.35791501 0.04917447 -0.24336927
v 0.33456892 0.05520722 -0.19287272
v 0.30032906 -0.04616281 -0.24295877
v 0.32328093 -0.04647080 -0.23415412
v 0.31599912 -0.05718558 -0.23151486
v -0.36236474 0.04891399 -0.27934712
v -0.36318317 0.03887729 -0.28425765
v -0.36522862 0.03157987 -0.27684012
v -0.36409581 0.04003924 -0.27135479
v -0.34761557 -0.02055539 -0.27823555
v -0.34883529 0.00732038 -0.28236312
v -0.35313126 0.01748531 -0.28452250
v -0.35490289 0.00853760 -0.28154758
v 0.29730585 -0.05395056 -0.24207658
v 0.29911232 0.00186629 -0.21119858
v 0.28411692 -0.06602805 -0.14683184
v 0.31470320 -0.10809038 -0.20480014
v -0.34782374 -0.06124407 -0.26578483
v -0.34274378 -0.05897462 -0.26570496
v -0.34779903 -0.04073952 -0.27184880
v -0.35454309 -0.04237113 -0.27322906
v 0.31814370 -0.10338946 -0.21414834
v 0.11633434 -0.13191353 -0.47107974
v 0.13067265 -0.08821738 -0.49679893
v 0.35916173 -0.02368457 -0.27584416
v 0.33678368 0.07134008 -0.22087272
v 0.29933164 -0.08690719 -0.18833587
v 0.30109712 -0.10777649 -0.17985092
v 0.29471058 -0.10496211 -0.17392141
v 0.32109511 0.03246291 -0.21342087
v 0.30302060 -0.06615788 -0.25352675
v 0.30201921 -0.05688049 -0.25830737
v 0.26107660 -0.02296445 -0.20316334
v 0.31436345 -0.09247113 -0.24293822
v 0.30076456 -0.11193457 -0.21997070
v 0.23331363 -0.31302473 -0.21927458
v 0.22030194 -0.29832840 -0.27911159
v -0.29603598 -0.14018565 -0.17164363
v -0.30572981 -0.12889905 -0.18108244
v -0.30627573 -0.14058802 -0.18678288
v -0.28909379 -0.14614724 -0.18123789
v 0.22372648 -0.34537974 -0.27351785
v 0.23247993 -0.36351985 -0.21832623
v 0.28724399 -0.01150108 -0.14817578
v 0.28958017 -0.03819852 -0.15797681
v 0.28774115 -0.04351280 -0.15167308
v 0.10574954 -0.44895455 -0.05513944
v 0.08868884 -0.48319077 -0.06363125
v 0.28158596 -0.06467980 -0.13236490
v 0.28227186 -0.06532407 -0.08738951
v 0.28549361 -0.00546493 -0.08630633
v 0.28287250 -0.02502538 -0.12740971
v 0.23609050 0.12340476 0.06080707
v 0.24310108 0.13320670 0.03602286
v 0.24752928 0.08982778 0.03988187
v 0.23903067 0.09397089 0.05718603
v 0.08058545 0.35126302 0.12292819
v 0.04110507 0.35340962 0.13360256
v 0.04097788 0.38173178 0.10844307
v 0.08157676 0.37732029 0.09740519
v 0.13816985 -0.05505502 -0.51318538
v 0.14570500 -0.01331645 -0.53157151
v 0.06733133 -0.02447838 -0.55962861
v 0.06292713 -0.06345405 -0.53927767
v 0.08256437 0.44539386 0.00732954
v 0.04074758 0.45169756 0.01813798
v 0.04123409 0.47205657 -0.02218297
v -0.27724952 -0.14060287 -0.18560585
v -0.29223806 -0.14197825 -0.20246133
v -0.29043987 -0.12913224 -0.20699546
v -0.27841330 -0.12962709 -0.19445400
v 0.08376829 0.46486339 -0.03163338
v 0.21494225 -0.00375505 0.11837737
v 0.22468287 -0.03361370 0.11285974
v 0.20887226 -0.03331268 0.12993008
v 0.20063840 -0.00280616 0.13139240
v 0.30078220 -0.12570505 -0.16930906
v 0.29637736 -0.12138423 -0.16486728
v -0.34386629 0.08450391 -0.22687420
v -0.34543616 0.06986867 -0.22410633
v -0.34047326 0.06518825 -0.21591081
v -0.33796626 0.07968128 -0.21701373
v -0.29182595 -0.03847889 -0.26689467
v -0.28574657 -0.06466050 -0.26090020
v -0.30914810 -0.04601207 -0.27054879
v -0.31045765 -0.03459213 -0.27174684
v 0.04198173 0.48964700 -0.06934335
v 0.08550160 0.48179525 -0.07716443
v 0.04903792 0.05393757 0.17884421
v -0.33822468 0.04593309 -0.25276700
v -0.34014630 0.04829280 -0.26435351
v -0.34244072 0.04028428 -0.26915973
v -0.33943212 0.03514142 -0.26016083
v -0.35032260 0.05505883 -0.28306890
v -0.35103977 0.04385870 -0.28882018
v -0.29038814 -0.10509542 -0.16847225
v -0.28638229 -0.09170977 -0.16512987
v -0.28771877 -0.08514301 -0.17048682
v -0.28967509 -0.08906747 -0.17655924
v -0.29514775 -0.04026255 -0.23252405
v -0.30136842 -0.02232112 -0.22197556
v -0.33374530 -0.10243267 -0.24655221
v -0.33364931 -0.09522465 -0.24261573
v -0.34224010 -0.07927320 -0.25502363
v -0.34214696 -0.08457977 -0.26091483
v 0.05011823 0.06159722 0.16847816
v 0.06391380 0.04737084 0.16538988
v 0.06291207 0.03777581 0.17512526
v 0.03234380 0.24796554 0.18076976
v 0.03567458 0.28208965 0.16899508
v 0.07188965 0.28494030 0.16267300
v 0.06632064 0.25149176 0.17575754
v 0.08334111 0.03730978 0.16081208
v 0.07965332 0.02846552 0.16757107
v 0.04083734 0.40723023 0.08102436
v 0.08218613 0.40194112 0.06959569
v 0.08318669 0.50681347 -0.27799982
v -0.32120946 -0.08700056 -0.23586893
v -0.33047488 -0.07569529 -0.24890427
v -0.33403310 -0.07292148 -0.25593030
v -0.33086023 -0.08169786 -0.24789238
v 0.08517435 0.50747705 -0.24362682
v 0.04056373 0.51805013 -0.24554558
v -0.34551996 0.05608872 -0.25699472
v -0.34052762 0.06510044 -0.23764686
v -0.34667465 0.06084969 -0.23222961
v -0.35299048 0.05266883 -0.24888897
v 0.04446106 0.51483077 -0.29601705
v 0.27142325 -0.00039727 -0.37081307
v 0.28304482 -0.00650330 -0.30693614
v 0.29522890 0.04056267 -0.31361765
v 0.28842503 0.06475190 -0.38146067
v 0.15825546 -0.41409910 -0.07848778
v 0.14308801 -0.45479125 -0.08734819
v -0.31629151 0.01146517 -0.26853389
v -0.30975586 0.03109108 -0.25954434
v -0.30707699 0.02843887 -0.25913227
v -0.31221476 0.01159470 -0.26790142
v -0.34837347 0.04493865 -0.27489981
v -0.35035279 0.03617107 -0.27979693
v -0.34447706 0.03104051 -0.27470052
v -0.30903161 0.03444330 -0.20811735
v -0.31605595 0.03850275 -0.21618658
v -0.31543329 0.03265838 -0.21986882
v -0.31488866 0.02766887 -0.21678512
v -0.30403924 -0.14362235 -0.20114122
v -0.28034329 -0.09903511 -0.23504718
v -0.28636542 -0.09739468 -0.24189363
v -0.29703665 -0.08100033 -0.25338426
v -0.29134172 -0.07623038 -0.25465092
v 0.21400011 0.21372913 0.08519189
v 0.21822773 0.23894532 0.07012311
v 0.23359564 0.21152586 0.05097028
v 0.22599952 0.18934789 0.06978596
v 0.02608759 0.19156827 0.19605562
v 0.05560295 0.19477110 0.19365372
v 0.04796585 0.17088319 0.19425392
v 0.02247022 0.16817676 0.19756462
v -0.27815214 -0.13396078 -0.16368143
v -0.29073656 -0.13257349 -0.16438435
v -0.29298446 -0.13652314 -0.16847660
v -0.28074166 -0.14093509 -0.17055160
v 0.23985860 0.06179555 0.06237304
v 0.25020507 0.04890297 0.05053120
v 0.24786319 0.01372537 0.06855138
v 0.23623496 0.03203186 0.07711258
v 0.22493266 0.00440101 0.10413796
v -0.31883124 0.05184997 -0.21722986
v -0.32570657 0.04923200 -0.22466445
v -0.31942853 0.04599361 -0.22248580
v -0.31548387 0.04756700 -0.21667634
v 0.23454627 -0.02310526 0.10023656
v -0.34431469 0.00021640 -0.27586028
v -0.34103566 0.02528154 -0.26686138
v 0.07697678 0.31808010 0.14606819
v 0.03859426 0.31719559 0.15424387
v 0.24140179 0.17755857 0.03631681
v 0.23257716 0.15797545 0.06075496
v 0.03848461 0.06612934 0.18837714
v 0.04127991 0.07163874 0.17452164
v 0.03017693 0.09251865 0.18591899
v -0.34206086 -0.03553654 -0.25612399
v -0.34152129 -0.03414704 -0.26760715
v -0.34036943 -0.05029176 -0.26130310
v -0.33845726 -0.05071946 -0.25099140
v 0.01906623 0.08910750 0.20806697
v 0.01639560 0.10565495 0.20234898
v 0.02855832 0.10704621 0.18805002
v 0.13604683 0.24866827 0.14851339
v 0.14278904 0.27885407 0.13302699
v 0.17280824 0.27150521 0.11113402
v 0.16710076 0.24343327 0.12713119
v 0.08234456 0.42426750 0.04032652
v -0.34220639 -0.00450629 -0.25516027
v -0.34239167 -0.00409830 -0.26839823
v 0.04062654 0.43006724 0.05154802
v 0.01856471 0.13864024 0.19728240
v 0.03546302 0.14006069 0.18889213
v 0.03142241 0.12719078 0.18760394
v -0.35629672 0.02865374 -0.27232933
v -0.35761112 0.00562940 -0.27629805
v -0.35384080 0.03129128 -0.27602199
v -0.30277210 0.04273304 -0.24803309
v -0.30439097 0.05549428 -0.26318049
v -0.30157039 0.03188445 -0.27186176
v -0.30376029 0.03369086 -0.25519952
v 0.01779476 0.12728074 0.19786134
v 0.09914339 0.02129394 0.16363220
v 0.10320503 0.03078586 0.15919903
v 0.26321390 -0.12095842 -0.19133952
v 0.26988488 -0.12664762 -0.18632381
v 0.29443190 0.05957481 -0.13495147
v 0.28728002 0.01756753 -0.12938984
v 0.29012525 0.04943616 -0.09145126
v 0.29292914 0.09824841 -0.10111928
v 0.29944727 0.14266208 -0.11568902
v 0.30276152 0.17835201 -0.13693818
v 0.30742458 0.11811242 -0.16222389
v 0.30217037 0.09540946 -0.14578766
v 0.20631196 -0.33386913 -0.32398218
v 0.19573082 -0.29241136 -0.33531898
v 0.01674300 0.07809144 0.22186975
v 0.01523642 0.06688139 0.23265316
v 0.07764797 0.14376277 -0.60460103
v -0.28849626 -0.06923892 -0.17196733
v -0.29289141 -0.06029740 -0.17754899
v -0.28650469 -0.06833206 -0.18477501
v -0.28423083 -0.07883453 -0.18229012
v 0.07484385 0.08916760 -0.59695309
v 0.15599728 0.10491598 -0.56330448
v 0.15778054 0.15690969 -0.56919318
v 0.25837982 -0.04216881 -0.35558712
v -0.29974160 -0.08941598 -0.24858846
v -0.28907055 -0.10163708 -0.23870152
v -0.29103446 -0.10433298 -0.23604518
v -0.30133003 -0.09612974 -0.24291708
v 0.27221501 -0.04074761 -0.29645202
v 0.03732195 -0.04596935 0.23397356
v 0.02778143 -0.03143870 0.22093245
v 0.02962711 -0.04182166 0.22394739
v 0.02837347 -0.03319530 0.22127122
v 0.04126747 -0.05331696 0.24381471
v 0.04890949 -0.05316558 0.24973857
v 0.03197859 -0.05392535 0.22272786
v 0.02805529 -0.05464851 0.22438234
v 0.02641928 -0.04049919 0.22509941
v 0.02929819 -0.03183633 0.22195582
v 0.00703527 -0.06698653 0.26989752
v 0.00926262 -0.06136535 0.28129828
v 0.02345168 -0.05565507 0.27749223
v 0.01804443 -0.06119346 0.26955712
v 0.02274923 -0.03167978 0.22576599
v 0.02066700 -0.03987608 0.22983456
v 0.02072533 -0.04660763 0.25135306
v 0.02644082 -0.03643233 0.23597896
v 0.02593393 -0.03113125 0.22733352
v 0.02714457 -0.04429497 0.24791056
v 0.02140816 -0.06558081 0.24152003
v 0.03267684 -0.04457718 0.24189287
v -0.33171758 0.05235717 -0.23238721
v -0.33391255 0.03552347 -0.23698138
v -0.32857239 0.03542435 -0.23204181
v -0.30656183 -0.08329894 -0.20647900
v -0.30808982 -0.07833311 -0.21455604
v -0.31245452 -0.08901437 -0.21941903
v -0.31140307 -0.09675058 -0.21175383
v 0.30729064 -0.07439552 -0.21279462
v 0.23621690 -0.26576254 -0.14490679
v 0.24315298 -0.19874245 -0.16859913
v 0.24116191 -0.20005091 -0.18828472
v -0.31901309 -0.12788850 -0.22305083
v -0.30906826 -0.12990813 -0.22731632
v -0.30136412 -0.13765074 -0.21397647
v -0.31178686 -0.13728173 -0.21206944
v -0.28852996 -0.08339355 -0.17953819
v -0.28720605 -0.07937940 -0.17154276
v -0.32334742 0.01254211 -0.27600256
v -0.31995168 0.03567581 -0.26464584
v 0.23532499 -0.26424351 -0.17816117
v 0.32691890 0.03056022 -0.21822001
v 0.26874220 0.22493462 -0.02643618
v 0.27122778 0.27526018 -0.05863072
v 0.29117820 0.22770122 -0.10257715
v -0.33816594 0.02944006 -0.25209999
v -0.33995527 0.02062680 -0.25795066
v 0.29029277 0.18337676 -0.08117057
v 0.27373138 0.31403393 -0.09183415
v 0.29343781 0.27218783 -0.13161086
v 0.30592597 0.22540139 -0.17046812
v 0.31496266 0.14513813 -0.22498678
v 0.17235777 0.07134837 0.13295653
v 0.17318653 0.07066192 0.13380964
v 0.16638941 0.06983076 0.13883425
v -0.29834640 -0.01861667 -0.19227818
v -0.29179639 -0.01686933 -0.19952047
v -0.29301766 -0.02018745 -0.19908816
v -0.30124441 -0.02442967 -0.19114952
v 0.16730411 0.07027135 0.13762614
v 0.16971071 0.07259905 0.13025138
v 0.16389443 0.07126648 0.13539684
v -0.29849386 -0.02040218 -0.18599781
v -0.30058187 -0.02666740 -0.18540598
v -0.29792970 -0.02695751 -0.18203951
v -0.29653245 -0.02366298 -0.18132482
v 0.17396381 0.07377587 0.12596348
v 0.17656529 0.07272350 0.12827067
v 0.17755552 0.07190143 0.12926660
v 0.09875603 0.07626551 0.14594065
v 0.10403538 0.07715759 0.14349729
v 0.11533140 0.07356268 0.14364655
v 0.10970680 0.07318543 0.14801235
v 0.09799633 0.07468954 0.14854640
v 0.11142130 0.07161833 0.15035588
v -0.28889573 -0.01599187 -0.20182882
v -0.29050636 -0.01713488 -0.20060252
v -0.29119977 -0.01508108 -0.20082168
v -0.30420968 -0.00496350 -0.24776496
v -0.30461422 -0.03447741 -0.25412431
v -0.30125567 -0.03964313 -0.25383154
v -0.30610055 -0.01670378 -0.24476972
v 0.11631039 0.08329374 0.12489907
v 0.11283267 0.08467266 0.12433422
v -0.34337845 -0.02997140 -0.27397287
v 0.12088274 0.08171397 0.12523800
v 0.09317847 0.08309887 0.13524225
v 0.09301437 0.08839412 0.13564073
v -0.32948980 0.06568582 -0.20091122
v -0.32617328 0.07667568 -0.19979906
v -0.33535543 0.08716748 -0.21552931
v 0.10983085 0.08961368 0.12462019
v 0.11024512 0.08569494 0.12400220
v 0.09636369 0.08194231 0.13613239
v -0.28406414 -0.07266475 -0.22475497
v -0.29855481 -0.07139442 -0.21463016
v -0.29570201 -0.07154883 -0.20786004
v -0.28649464 -0.07301954 -0.21725243
v -0.29027086 -0.05235386 -0.19601719
v -0.28104103 -0.06437413 -0.19556913
v -0.29480475 -0.05863829 -0.18759073
v -0.29831010 0.00246624 -0.18498838
v -0.29593417 -0.01203999 -0.19612382
v -0.29669654 -0.01587605 -0.19067357
v -0.29674783 -0.01467863 -0.18521073
v -0.34782302 -0.06386977 -0.27141297
v -0.35280913 -0.04320274 -0.28008223
v -0.34656027 -0.04377868 -0.28698030
v -0.34204268 -0.06620073 -0.27812037
v 0.08785281 0.08064187 0.13870424
v 0.08310013 0.08156025 0.13738056
v -0.28332797 -0.11951122 -0.15916109
v -0.26498312 -0.12726648 -0.17273144
v -0.27962309 -0.10793318 -0.15921830
v -0.35656381 0.07384039 -0.25898066
v -0.34847876 0.08071378 -0.25982475
v -0.34951836 0.07322070 -0.26894003
v -0.35932973 0.06662003 -0.26730949
v -0.29756522 0.00664205 -0.21700057
v -0.29590049 -0.00098229 -0.21642436
v -0.29771492 0.00316814 -0.21081440
v -0.29743409 0.01170856 -0.21086809
v 0.08278544 0.08849022 0.13845922
v 0.12980294 0.06780479 0.15141690
v 0.13082844 0.06540973 0.15171283
v 0.11404070 0.06732141 0.15240113
v 0.11297409 0.06953072 0.15181151
v 0.12805833 0.06952376 0.15019464
v 0.14256862 0.06964372 0.14743173
v 0.14231451 0.06759540 0.14879675
v 0.14439550 0.06526645 0.14826606
v -0.20988558 -0.12816049 -0.38538304
v -0.24075364 -0.12903999 -0.31169227
v -0.25721654 -0.07439830 -0.34411502
v -0.22969773 -0.07461862 -0.40641299
v -0.32253093 -0.11609357 -0.21987368
v -0.31971774 -0.12441722 -0.20991339
v -0.30603766 0.03189974 -0.17892611
v -0.30330682 0.03823283 -0.17322680
v -0.30577040 0.06040986 -0.17959754
v -0.30958259 0.04842978 -0.18104136
v 0.10229114 0.07027299 0.15185151
v 0.10152709 0.07256781 0.15077204
v 0.14622723 0.06272882 0.14709674
v 0.13260905 0.06291982 0.15096977
v -0.35395634 0.01417569 -0.29595041
v -0.36336392 0.01122050 -0.29020867
v 0.11460513 0.06522739 0.15215221
v 0.10072640 0.06936189 0.15196881
v 0.08866736 0.07351645 0.14952384
v 0.09411258 0.07360993 0.15024491
v 0.13588332 0.05962753 0.14951408
v 0.13349256 0.05659402 0.14973828
v 0.11632615 0.05851902 0.15194236
v 0.11635799 0.06187364 0.15193756
v -0.31666255 0.05244937 -0.21114759
v -0.32318825 0.06349884 -0.22279812
v -0.31849003 0.05496739 -0.21853560
v -0.31472930 0.04955248 -0.21206383
v -0.31640357 0.02002363 -0.19839656
v -0.31871918 0.02521035 -0.19847813
v -0.31141210 0.02860309 -0.19958466
v -0.30784866 0.02338671 -0.20028810
v 0.14828610 0.06003396 0.14509879
v 0.14791892 0.05672589 0.14459519
v -0.30053285 0.05729544 -0.16804761
v -0.30423966 0.07786396 -0.18172798
v 0.18224069 0.07318294 0.12192803
v 0.18401977 0.07489683 0.11893786
v 0.18386033 0.07301370 0.11854484
v -0.27213278 -0.09975089 -0.23291636
v 0.18233840 0.07140202 0.12040529
v 0.19187936 0.05908389 0.10900356
v 0.19628942 0.06415110 0.10521702
v 0.20436653 0.05907700 0.09871957
v -0.31335166 0.02761528 -0.18757334
v -0.31628305 0.03799317 -0.18801548
v -0.32076073 0.03218376 -0.19765022
v -0.28197035 -0.08889894 -0.15730138
v -0.28545290 -0.08166093 -0.16516037
v -0.31350771 0.04812417 -0.21113577
v -0.31115216 0.04348424 -0.21044222
v -0.30607685 0.02804328 -0.20387043
v -0.30954888 0.02361735 -0.21258439
v 0.19851375 0.05262263 0.10533083
v -0.32527521 -0.00139551 -0.24058253
v -0.32828170 -0.03336263 -0.24587843
v 0.23182923 0.01541909 0.09008286
v 0.20876464 0.04102677 0.10185024
v 0.21456105 0.04753231 0.09310629
v 0.17993549 0.07185585 0.12576538
v 0.17709661 0.07051810 0.12978382
v 0.18025021 0.07326968 0.12518756
v 0.18208666 0.07476161 0.12163866
v 0.18037573 0.07014356 0.12369880
v 0.17706597 0.06878348 0.12847540
v 0.17266247 0.06964612 0.13394773
v 0.17160152 0.06744502 0.13373043
v 0.16477726 0.06627905 0.13873143
v 0.16463071 0.06871670 0.13953730
v 0.15394212 0.06813230 0.14499319
v -0.26935670 -0.07344837 -0.28881413
v -0.25466263 -0.12583011 -0.23521926
v 0.15698905 0.06984083 0.14319800
v 0.15639277 0.06568382 0.14347284
v 0.16625810 0.06405158 0.13675997
v 0.15775742 0.06322867 0.14192471
v 0.17277272 0.06532088 0.13104498
v 0.17739770 0.06683422 0.12586604
v 0.18059163 0.06827343 0.12146500
v 0.18321738 0.06979704 0.11824585
v 0.18520404 0.07206275 0.11602731
v 0.18148641 0.06554216 0.11919739
v 0.18355434 0.06170568 0.11658578
v 0.17873831 0.06022923 0.12168516
v 0.17780378 0.06413309 0.12380234
v 0.18482991 0.06750320 0.11562261
v 0.18763579 0.06395336 0.11242626
v -0.30684897 0.03054409 -0.20089555
v -0.30741614 0.03264639 -0.20166017
v -0.30559620 0.02943483 -0.20050262
v -0.30375475 0.02606827 -0.20221397
v 0.17339854 0.06305314 0.12881033
v 0.17357193 0.05966891 0.12714994
v 0.16766053 0.05892614 0.13267677
v 0.16709945 0.06157449 0.13476433
v -0.31561172 -0.13186394 -0.20035687
v -0.32343599 0.02279843 -0.23231995
v -0.31442186 0.01432558 -0.22431883
v -0.31978327 0.02226833 -0.22445321
v 0.15881491 0.06048645 0.14022993
v 0.16031171 0.05736538 0.13805659
v -0.35495090 -0.02442045 -0.27399790
v -0.36215594 0.00465330 -0.27475035
v -0.36723313 0.00549639 -0.28030720
v -0.35977867 -0.02485671 -0.27846247
v 0.12919100 0.07023895 0.14785527
v 0.12865166 0.07172917 0.14238569
v 0.14117818 0.07069921 0.14122944
v 0.14572160 0.07028812 0.14469254
v 0.15917172 0.07016523 0.14127147
v -0.27048916 -0.13620298 -0.17992054
v -0.29506749 -0.00389014 -0.22184296
v -0.29969448 -0.00914498 -0.21900088
v 0.15360883 0.07138492 0.13828549
v 0.14281151 0.07173312 0.13519043
v 0.13678686 0.07874725 0.12372229
v 0.14225747 0.07859965 0.12268637
v 0.15174802 0.07209596 0.13256304
v -0.30425107 0.01706838 -0.21368892
v -0.30143487 0.02220339 -0.20345885
v 0.13154273 0.07286932 0.13637094
v 0.13162428 0.07974381 0.12391973
v 0.11986700 0.07502279 0.13763829
v -0.28608626 -0.06982991 -0.16352293
v 0.12633207 0.08033661 0.12491999
v 0.10971763 0.07767796 0.13854669
v 0.13292858 0.12030737 0.15073343
v 0.13574855 0.12171632 0.15196812
v 0.15516524 0.11968491 0.14856896
v 0.15107712 0.11806428 0.14802919
v 0.19726492 -0.00008234 -0.48960337
v 0.20383814 0.05889548 -0.51139885
v 0.15349707 0.04125923 -0.55045021
v 0.16612163 0.10878534 0.14326014
v 0.16584530 0.11182340 0.14277302
v 0.17584178 0.10696933 0.13571282
v 0.17536655 0.10375971 0.13569705
v 0.16600595 0.10547290 0.14379889
v -0.34360018 0.05889732 -0.26417446
v -0.34658206 0.05260756 -0.26937807
v -0.33936840 0.05432469 -0.25958717
v -0.33872029 0.05866004 -0.25365084
v -0.33667251 0.06787498 -0.24684449
v -0.33446458 0.07063090 -0.24519742
v -0.34115273 0.06490935 -0.25766426
v -0.31279442 0.01990988 -0.21732612
v -0.31686795 0.02419004 -0.22049865
v 0.17464592 0.10026540 0.13574116
v 0.15466513 0.11040270 0.15099573
v -0.30713901 -0.08789143 -0.19983950
v -0.30958989 -0.10920584 -0.19993863
v -0.33625489 -0.06410905 -0.25293019
v -0.33322671 -0.06197004 -0.24261063
v -0.33619538 -0.02113483 -0.28967068
v -0.33690766 0.01334467 -0.28930432
v -0.33031619 0.01249521 -0.28164893
v -0.33157200 -0.02041925 -0.28438357
v 0.15496202 0.11323275 0.14995725
v 0.15396735 0.11601538 0.14850533
v 0.16850498 0.09296973 0.11747631
v 0.16580974 0.09620084 0.12075710
v -0.31055328 -0.01205697 -0.27167627
v -0.29787505 -0.00816931 -0.27048182
v -0.29541653 -0.02056840 -0.17891711
v -0.29317263 -0.00588746 -0.17025292
v -0.29942784 0.01434739 -0.21078140
v -0.30000255 0.02103733 -0.20497572
v -0.31427649 -0.07993244 -0.25924352
v -0.29947713 -0.10729676 -0.22908315
v -0.31483307 -0.08832823 -0.25209343
v -0.28399780 -0.10929631 -0.22060969
v -0.28288823 -0.11303820 -0.21139720
v -0.29231775 -0.11351209 -0.21785866
v 0.17002212 0.09685470 0.12657423
v 0.17404075 0.09341209 0.12128133
v 0.16984135 0.09061640 0.11523685
v 0.17543410 0.09050392 0.11732414
v 0.15453689 0.09046330 0.11235137
v 0.15313904 0.09205610 0.11393739
v 0.15062006 0.09392537 0.11613459
v -0.32114956 -0.07939718 -0.23199055
v -0.32870618 -0.07407310 -0.24214503
v 0.15550885 0.08900458 0.11151483
v -0.29125002 -0.01779400 -0.20434330
v -0.28637052 -0.02317340 -0.21121895
v -0.28402436 -0.01733672 -0.20321190
v -0.33657175 -0.00380009 -0.24684788
v -0.33866057 -0.03454841 -0.24905342
v -0.31693915 0.03393971 -0.20121130
v 0.15648703 0.08743952 0.11127888
v -0.30655423 -0.00310498 -0.19944523
v -0.30921420 0.01007231 -0.19170885
v -0.32880190 0.04573464 -0.20108151
v -0.32376274 0.03999856 -0.20327765
v -0.32050005 0.03668654 -0.20211488
v -0.32382524 0.03883227 -0.19815296
v -0.26519576 -0.05211197 -0.20973985
v -0.27392375 -0.05895723 -0.20237119
v -0.28058538 -0.04720033 -0.19990376
v 0.15763754 0.08552592 0.11141925
v 0.15608111 0.08405308 0.11229966
v 0.24260953 -0.05840774 0.08655805
v 0.24238080 -0.00808045 0.08482075
v -0.33239976 0.06748953 -0.23557517
v -0.33443627 0.06036909 -0.23965393
v -0.32528803 0.03815583 -0.27101654
v 0.25124159 -0.04084733 0.06982229
v 0.17900711 0.07419315 0.12424734
v -0.31825116 0.03957229 -0.21972476
v -0.31722257 0.03459151 -0.22415052
v 0.18055013 0.07585701 0.12091225
v -0.31277055 0.08702131 -0.23963560
v -0.31449041 0.07665645 -0.22596017
v -0.31348345 0.07773048 -0.22107626
v -0.31229934 0.09619012 -0.22123910
v 0.17590798 0.07503069 0.12256095
v -0.27985066 -0.12337478 -0.19874294
v -0.28994355 -0.12238871 -0.20948021
v -0.28898019 -0.11757102 -0.21126600
v -0.28172171 -0.11761443 -0.20373251
v -0.29336822 -0.07213974 -0.20526710
v -0.28667942 -0.07366136 -0.21295582
v 0.17703454 0.07689077 0.11939738
v -0.33903137 -0.05874851 -0.26481825
v -0.33720428 -0.06231638 -0.26045945
v -0.34122056 -0.04638125 -0.26858073
v -0.34207457 -0.04068703 -0.27249885
v 0.18198083 0.07816458 0.11760653
v 0.18397541 0.07683168 0.11812025
v 0.16584338 0.07399756 0.12638560
v 0.15094760 0.07965338 0.11944760
v 0.15412641 0.08034495 0.11702166
v -0.30059406 0.00941439 -0.23069693
v -0.29899862 0.00558120 -0.22603793
v -0.30978179 0.05776674 -0.23441492
v -0.31814945 0.06518396 -0.23964928
v -0.31796247 0.07344534 -0.22662981
v -0.31164402 0.06702940 -0.22649322
v -0.33207509 0.04105033 -0.27881390
v 0.16954114 0.07519735 0.12309501
v 0.15970530 0.07275930 0.13064167
v 0.14695020 0.07898442 0.12133151
v 0.15298529 0.08213884 0.11500266
v 0.15474230 0.08281606 0.11344907
v -0.31778306 0.02846348 -0.22392190
v -0.31912491 0.02917260 -0.22726481
v 0.16909182 0.07718471 0.11984541
v -0.31693098 0.03008994 -0.22175211
v 0.17097269 0.07910949 0.11697693
v 0.17772670 0.07937347 0.11692611
v -0.30480641 0.01981685 -0.20145416
v -0.31333429 0.01540244 -0.20136473
v -0.32716283 0.04718112 -0.20741963
v -0.33647034 0.06037200 -0.21758969
v -0.33299449 0.06237768 -0.22311808
v -0.32512048 0.05050752 -0.20872918
v 0.17411007 0.08329180 0.11411973
v 0.17319949 0.08576015 0.11387298
v 0.17945448 0.08141351 0.11587980
v -0.31034842 0.03890374 -0.20376846
v 0.17930515 0.08461250 0.11531643
v 0.17263828 0.08132687 0.11498694
v -0.06193060 -0.13465537 -0.49360481
v -0.06868827 -0.09391788 -0.52258772
v 0.17190200 0.08834540 0.11422634
v 0.17815375 0.08736573 0.11610971
v 0.18506970 0.07534298 0.11685453
v 0.18506169 0.07843312 0.11612099
v 0.18665788 0.08185954 0.11408707
v 0.18652530 0.07545488 0.11452720
v -0.32099551 0.07564360 -0.19740131
v -0.32094225 0.08123001 -0.21108821
v -0.32519767 0.08480761 -0.21359773
v -0.32316902 0.07870839 -0.20006807
v -0.33783257 0.05460464 -0.25219560
v 0.18892071 0.07531321 0.11185603
v 0.18718348 0.07044501 0.11303373
v 0.19026338 0.08462295 0.11261442
v 0.19627976 0.08621243 0.10843536
v -0.35114357 0.04133083 -0.27186105
v -0.30390817 -0.01672129 -0.21428497
v -0.29342672 -0.02739596 -0.21738741
v 0.19355994 0.07437897 0.10801175
v 0.19064878 0.06814386 0.10958366
v 0.18366094 0.08059691 0.11592086
v -0.25555408 -0.02931383 -0.21251740
v -0.25689039 -0.02474669 -0.21176331
v -0.25949240 -0.02609677 -0.21582887
v -0.25916827 -0.02960450 -0.21733265
v 0.18367836 0.08326519 0.11515298
v 0.18804230 0.09018825 0.11755482
v -0.27217826 -0.05039210 -0.21995874
v -0.28103626 -0.05362159 -0.21705577
v -0.27738765 -0.05932087 -0.21071616
v -0.27007714 -0.05540844 -0.21703033
v 0.19093354 0.09304520 0.11605716
v 0.18576348 0.08724704 0.11735401
v 0.18384883 0.09176428 0.12224864
v 0.18559855 0.09462362 0.12240581
v -0.25359026 -0.03976809 -0.21381468
v -0.25460002 -0.03405076 -0.21303971
v -0.25764987 -0.03584343 -0.21882281
v -0.25628403 -0.04204742 -0.22067714
v 0.18728448 0.09778816 0.12189509
v 0.18151417 0.09886811 0.12854590
v -0.32988507 0.06967387 -0.22895171
v -0.33608979 0.06891745 -0.23732819
v 0.18270926 0.10207020 0.12856060
v 0.18029734 0.09588441 0.12824015
v 0.18256454 0.08642922 0.11678808
v -0.35926265 0.03591616 -0.26659459
v -0.36059332 0.02778707 -0.27094099
v -0.34800360 0.05613251 -0.26097149
v -0.35008428 0.04899361 -0.26616672
v 0.18097597 0.08992378 0.12003638
v 0.17818812 0.09419633 0.12556513
v 0.17327113 0.09776757 0.13278207
v -0.29393503 -0.04994380 -0.17644687
v -0.29791626 -0.04898898 -0.18299229
v -0.29659250 -0.05527682 -0.18311131
v -0.36375555 0.04604379 -0.26549679
v -0.36109760 0.05755546 -0.27313766
v -0.29222417 -0.11771567 -0.16591890
v -0.28863871 -0.12439178 -0.16121581
v -0.19673018 -0.42031080 -0.12270302
v -0.22501819 -0.38966897 -0.16996147
v -0.22208159 -0.43042657 -0.16991441
v -0.19093753 -0.45749027 -0.12237930
v -0.32522234 0.05835949 -0.19492292
v -0.31949568 0.06931887 -0.19412948
v 0.16532268 0.10238146 0.14079697
v 0.16254622 0.10073395 0.13342869
v 0.15373993 0.10740735 0.14838944
v -0.25418839 -0.04770343 -0.21515071
v -0.25404066 -0.04828921 -0.21519387
v -0.26449448 -0.05514299 -0.21416488
v -0.27291960 -0.03234873 -0.20466852
v -0.25851887 -0.03074984 -0.20954172
v 0.15138921 0.10388517 0.13979822
v 0.13913929 0.12616563 0.15452887
v 0.15954755 0.12464529 0.15046383
v 0.14990447 0.10247020 0.13129617
v 0.14063445 0.09697189 0.12156897
v 0.13498902 0.09689325 0.12292652
v 0.13795513 0.10317735 0.13501407
v -0.27463809 -0.04449728 -0.21994345
v 0.09623495 0.09290777 0.13748217
v 0.10041505 0.09707631 0.13985896
v -0.27303132 -0.02384883 -0.21435359
v -0.27247396 -0.01953339 -0.20927514
v -0.27709869 -0.07162026 -0.19935261
v -0.28093261 -0.07528036 -0.20671880
v -0.28737110 -0.07713994 -0.19461177
v -0.25776905 -0.05001455 -0.22066823
v -0.30417031 0.01488441 -0.22290926
v 0.11464190 0.09402483 0.12679911
v 0.11185333 0.09207638 0.12569700
v 0.08817724 0.09297296 0.14152999
v 0.09402915 0.09814288 0.14456984
v -0.28553569 -0.04309166 -0.21951152
v -0.28978300 -0.05256044 -0.22757544
v -0.28695852 -0.05924430 -0.22386119
v -0.28297615 -0.04990428 -0.21903427
v -0.31497392 -0.09070691 -0.22533169
v -0.31503734 -0.08367451 -0.22530696
v -0.28267834 -0.06925251 -0.23412225
v -0.29693285 -0.07061998 -0.22653255
v -0.30441254 -0.00595234 -0.21463118
v -0.31001109 0.00524920 -0.20514445
v -0.29408523 -0.01749459 -0.20649327
v -0.28596193 -0.03456562 -0.21600232
v -0.29228809 -0.04447562 -0.22546652
v -0.27338678 -0.02786154 -0.20547266
v -0.28604525 -0.02640769 -0.19989160
v -0.28498664 -0.02223329 -0.20124210
v -0.27325654 -0.02402020 -0.20665738
v -0.32342386 0.03530851 -0.22921702
v -0.31357646 0.06157507 -0.18635197
v -0.32004234 0.04876239 -0.19050577
v -0.31603941 0.10511292 -0.28692916
v -0.30830210 0.07288878 -0.30651200
v -0.31045187 0.07498834 -0.25500593
v -0.27775332 -0.03789346 -0.21965267
v -0.25808656 -0.02268238 -0.21223998
v -0.26088059 -0.02525089 -0.21098746
v -0.33758664 -0.07539702 -0.25600210
v -0.28999549 -0.08014147 -0.19273762
v -0.30089265 0.01234810 -0.20327304
v -0.33445138 -0.04175405 -0.28507024
v -0.33072308 -0.06335896 -0.27736977
v -0.29979429 0.01777512 -0.20425442
v -0.30045602 0.02178270 -0.20426054
v -0.28431657 -0.07515723 -0.21070465
v -0.29144728 -0.07466800 -0.20046367
v -0.30155841 0.02289302 -0.20327693
v -0.29859155 -0.05054879 -0.18857266
v -0.33808246 0.03500755 -0.24759834
v 0.11535422 0.10212157 0.14069124
v 0.12362024 0.09664802 0.12681212
v -0.30367640 -0.11986142 -0.22919093
v -0.29669285 -0.12540080 -0.21737786
v 0.11854704 0.09549430 0.12728411
v -0.26029688 -0.02689327 -0.20916213
v 0.10744876 0.09982586 0.14060970
v -0.27250743 -0.05850515 -0.20804025
v -0.27428150 -0.03060761 -0.21559684
v 0.11076467 0.10465054 0.14860004
v 0.10113768 0.10182890 0.14690976
v 0.13704309 0.10616840 0.14558253
v -0.29458317 -0.03559307 -0.19602372
v -0.29293907 -0.04408828 -0.19502753
v -0.29943466 -0.04166448 -0.18774574
v 0.08433697 0.28589526 -0.59214383
v 0.08206319 0.22365104 -0.60504407
v -0.30104581 -0.06800949 -0.23310401
v -0.28670523 -0.06103810 -0.24187239
v -0.29223362 -0.05772574 -0.24960807
v -0.30875009 -0.06329664 -0.23777597
v -0.32542029 -0.08316880 -0.26773721
v -0.31858999 -0.10058929 -0.25425959
v -0.32633084 -0.10728397 -0.25401944
v -0.33597478 -0.08819596 -0.26734933
v 0.15988386 0.23092775 -0.56973410
v 0.16015665 0.28507569 -0.55921644
v -0.31904238 0.16951631 -0.32238853
v -0.31788331 0.12738314 -0.25917694
v -0.32103011 0.19446725 -0.27647829
v -0.32975328 0.07107844 -0.25963455
v -0.32921454 0.06237407 -0.26603287
v -0.34976459 0.06486833 -0.27650201
v -0.31117013 0.08801325 -0.20099640
v -0.31283808 0.07799920 -0.21565883
v -0.32024318 0.07777508 -0.20928322
v -0.34969345 -0.02286037 -0.29313415
v 0.15901135 0.09968757 0.12623891
v 0.14626445 0.09579504 0.11895672
v 0.20013914 0.28928471 -0.52795136
v 0.19717950 0.32338291 -0.51665008
v 0.16228572 0.33117250 -0.53913486
v 0.14033575 -0.24512823 -0.40290245
v 0.10110415 -0.29095143 -0.43045640
v -0.30240583 0.01745095 -0.18043065
v -0.31037378 0.01823379 -0.18856116
v 0.07998545 0.09298104 0.14619856
v -0.31079584 -0.07488279 -0.26268637
v 0.08755617 0.09823367 0.14845008
v -0.31481341 -0.07107192 -0.22693405
v -0.32395339 -0.06790174 -0.23377499
v -0.35096839 0.07011544 -0.23371463
v -0.34102580 0.06205436 -0.22479269
v 0.07477231 0.08831922 0.14452295
v 0.07087539 0.08782791 0.14484012
v 0.07566343 0.09337679 0.14645371
v 0.08272832 0.09932940 0.14884645
v 0.09694485 0.10294419 0.15062888
v 0.09342349 0.10495667 0.15212648
v 0.10854352 0.10974699 0.15594399
v 0.10747527 0.10609929 0.15356609
v 0.13857901 0.11035568 0.15356223
v 0.13968955 0.11282062 0.15490586
v 0.10544827 0.11274152 0.15422860
v 0.08996511 0.10708035 0.15025499
v 0.10258001 0.11596478 0.15194435
v 0.09088122 0.11092159 0.14931798
v 0.13734348 0.11849336 0.15166011
v 0.14061512 0.11589329 0.15344405
v 0.08678905 0.07682336 0.14734557
v 0.07816081 0.07832479 0.14610128
v 0.08927751 0.07849651 0.14531593
v 0.08059831 0.07979648 0.14396574
v 0.09503419 0.07969214 0.14195476
v 0.07593461 0.08182620 0.14345858
v 0.07191852 0.08129615 0.14479017
v -0.04521305 -0.48647714 -0.03710482
v -0.04417862 -0.50196540 -0.04353438
v 0.10155968 0.08021784 0.13781247
v 0.07197446 0.09329982 0.14488180
v 0.06684066 0.08748268 0.14409177
v 0.06832978 0.09619810 0.14287315
v 0.06377480 0.08839697 0.14300016
v 0.08006229 0.10613474 0.14569178
v 0.07852802 0.09993389 0.14630437
v 0.06825624 0.08090279 0.14467354
v 0.07296330 0.07814468 0.14596580
v 0.06545428 0.08082505 0.14432143
v 0.07032163 0.07728975 0.14574188
v 0.09958550 0.06744026 0.15182012
v 0.09949072 0.06461850 0.15198037
v 0.08538877 0.07232430 0.14935744
v 0.08298179 0.07085370 0.14918441
v 0.13172200 0.05336199 0.14964636
v 0.14567682 0.05275242 0.14537640
v 0.13005053 0.04906246 0.15011121
v -0.03071685 -0.03647131 0.23152901
v -0.03351083 -0.03615503 0.22669561
v -0.02919012 -0.03073459 0.22310798
v -0.02829365 -0.03120345 0.22562376
v 0.14449543 0.04753289 0.14577673
v 0.11121500 0.05235107 0.15293093
v 0.11352880 0.05600552 0.15242301
v 0.13817121 -0.48266518 -0.08805512
v 0.18687086 0.05635696 0.11436074
v 0.19210309 0.04902985 0.11242282
v 0.18507993 0.04774294 0.11896824
v 0.18094847 0.05526520 0.11980268
v 0.17444173 0.05482189 0.12576617
v -0.03196189 -0.06666432 0.22868443
v -0.03125559 -0.06212664 0.22618300
v -0.03552648 -0.06087536 0.22339354
v -0.03913648 -0.06660301 0.22564644
v 0.17710337 0.04830871 0.12512827
v 0.16801612 0.04803842 0.13218871
v 0.16694282 0.05483355 0.13213366
v 0.15857086 0.05336102 0.13849089
v 0.15750864 0.04698722 0.13952598
v 0.20075713 0.07184968 0.10196202
v 0.20594624 0.08594770 0.09916842
v 0.20904683 0.06996256 0.09418116
v 0.21453817 0.08450345 0.09029808
v 0.06156364 0.09872220 0.14406665
v -0.02385135 -0.03149549 0.22659430
v -0.02112074 -0.03803566 0.23356724
v -0.02391361 -0.03771417 0.23718530
v -0.02539392 -0.03104476 0.22701502
v 0.06003067 0.08996478 0.14302324
v 0.05570500 0.10186289 0.14823444
v 0.05453214 0.09153827 0.14650796
v 0.06083520 0.11476983 0.15266620
v 0.06933970 0.10969441 0.14658654
v 0.06230991 0.08086291 0.14449206
v 0.06759224 0.07600495 0.14561705
v 0.05836716 0.08013986 0.14618824
v 0.06426164 0.07378962 0.14702994
v 0.09603583 0.06201205 0.15212150
v 0.09374861 0.05847194 0.15243037
v 0.08047033 0.06875355 0.14973190
v 0.07746071 0.06541344 0.15010209
v 0.18972965 -0.04397357 -0.46985719
v 0.20749474 0.12196346 -0.52251297
v 0.18970221 0.14101063 0.13888180
v 0.18069589 0.12952329 0.14239570
v 0.16502941 0.13406408 0.15164524
v 0.17163087 0.14760077 0.15151590
v 0.20032094 0.15617771 0.12780559
v 0.21109265 0.14038025 0.11453784
v 0.20274763 0.13020304 0.12504323
v 0.19263256 0.12237277 0.13221002
v 0.20890872 0.09857596 0.10153981
v 0.20153208 0.09762541 0.10854772
v 0.20157699 0.10620247 0.11412991
v 0.20834298 0.10802665 0.10752782
v 0.21612965 0.09757084 0.09354374
v 0.21621741 0.10945477 0.09986633
v 0.20610505 0.11728852 0.11573371
v 0.19863160 0.11408184 0.12223338
v 0.21508421 0.12284072 0.10786782
v 0.09978165 0.13567075 0.15989028
v 0.09884028 0.12659395 0.15456496
v 0.08508874 0.11769690 0.14999543
v 0.08047861 0.12325425 0.15339290
v 0.08922809 0.14000334 0.16410838
v 0.07101698 0.12735254 0.15813413
v 0.14682642 0.14935742 0.16117063
v 0.14366302 0.13632825 0.15800457
v 0.10333416 0.11838759 0.15104078
v 0.09520444 0.11461064 0.15029579
v 0.10050032 0.11886006 0.15093736
v 0.09087373 0.11401165 0.14958605
v 0.23261005 0.36702988 -0.44578981
v 0.24171495 0.39047506 -0.39591119
v 0.17623395 0.43354568 -0.42184523
v 0.17237049 0.40396392 -0.47083449
v 0.16427553 0.11401104 0.14400634
v 0.16864708 0.11587232 0.14318968
v 0.17933266 0.11117582 0.13598156
v 0.17526360 0.10972407 0.13721655
v 0.18333755 0.10514434 0.12969783
v 0.18716834 0.10660734 0.12818076
v 0.19233879 0.10199249 0.12043864
v 0.18869308 0.10106768 0.12277721
v 0.19151255 0.09750080 0.11768904
v 0.19462739 0.09639356 0.11442823
v 0.09337216 0.11824367 0.15107659
v 0.10247098 0.12157986 0.15259668
v 0.20514965 0.24215733 -0.53259963
v 0.17937750 0.29827678 0.09056138
v 0.20644148 0.28249606 0.06556880
v 0.19761822 0.26216081 0.08830593
v 0.17337716 0.12035218 0.14415061
v 0.18465491 0.11527634 0.13530110
v 0.19208731 0.10990254 0.12630171
v 0.19643466 0.10512873 0.11892086
v 0.19760345 0.10040390 0.11434767
v 0.28694519 -0.05500659 -0.15216665
v 0.28806075 -0.05436823 -0.15870534
v 0.31313628 -0.01278453 -0.26169682
v 0.30397829 0.01342342 -0.25752333
v 0.29914582 0.02720072 -0.25248528
v 0.32188898 0.05509922 -0.19614752
v 0.32980180 0.06717645 -0.20747092
v 0.33081219 -0.08783672 -0.23408833
v 0.31735399 -0.09552954 -0.21922925
v -0.35250205 0.08241014 -0.23663856
v 0.32970089 -0.08418862 -0.23616251
v 0.35481328 0.05081899 -0.24446270
v 0.35633466 0.04439843 -0.24996154
v 0.35999611 0.04304451 -0.24865930
v 0.16183038 -0.12903751 -0.43054056
v 0.17988104 -0.07883293 -0.45401022
v 0.35710478 0.03744078 -0.25544551
v 0.29490903 -0.03554427 -0.16718367
v 0.31833708 -0.01491623 -0.26238930
v 0.32539064 -0.01741158 -0.26939046
v 0.32931033 -0.03792888 -0.27039835
v 0.32576710 -0.03561423 -0.26783466
v 0.32642043 -0.05806657 -0.26337698
v 0.32316643 -0.05454442 -0.26151696
v 0.33576196 -0.07268369 -0.24634939
v 0.33615223 -0.05519862 -0.25746208
v 0.33392847 0.06880050 -0.21307544
v 0.33357772 0.06575972 -0.21003856
v 0.33690172 0.06880699 -0.21483131
v 0.29825991 -0.04005152 -0.17273687
v 0.31498149 0.04628986 -0.19628128
v 0.31402001 0.03924032 -0.18918736
v 0.31279498 0.04107370 -0.19115768
v 0.29045638 -0.02052254 -0.18841398
v 0.28959712 -0.01728589 -0.18898942
v 0.29513428 -0.02633183 -0.18691258
v 0.30177957 -0.03139585 -0.17860524
v 0.27901927 -0.06134717 -0.18800651
v 0.27754921 -0.06428441 -0.19418225
v 0.27527979 -0.06704939 -0.19201769
v 0.34433365 0.09179632 -0.22770549
v 0.31450653 0.03528551 -0.18744731
v 0.31931400 0.03922492 -0.18892358
v 0.32168499 0.04372868 -0.19036706
v 0.33977544 0.06608834 -0.21544991
v 0.32370123 0.04731705 -0.19140476
v 0.31954902 0.04760299 -0.19213724
v 0.32491294 0.05392471 -0.19559529
v 0.31690192 0.04807025 -0.19371411
v 0.29900119 -0.05127079 -0.24175955
v 0.29498860 -0.05158688 -0.23382710
v 0.29327387 0.02561999 -0.15223594
v 0.29601064 0.01803149 -0.16044334
v 0.31330359 -0.09846421 -0.21063551
v 0.30254167 0.05016453 -0.23055516
v 0.30735415 0.06237246 -0.23913088
v 0.34364441 -0.03892386 -0.26237121
v 0.31558570 -0.06434548 -0.22483927
v 0.30708164 -0.06816742 -0.21979581
v 0.32463720 -0.05882867 -0.23030904
v 0.33295539 -0.04860012 -0.23604023
v 0.30081186 0.01157580 -0.20450626
v 0.33768934 0.02858345 -0.22793566
v 0.33924428 0.01982701 -0.23289584
v 0.33212033 0.02930624 -0.22269762
v 0.31234398 0.07559060 -0.23360345
v 0.31337070 0.07422504 -0.22309117
v 0.30088183 0.06174060 -0.22757277
v 0.31251606 0.06669561 -0.22048984
v 0.28662097 -0.04819638 -0.18627885
v 0.27710253 -0.07002970 -0.20172600
v 0.28550601 -0.06511305 -0.20708662
v 0.28127339 -0.07239711 -0.20581602
v 0.28753391 -0.06896029 -0.21221879
v 0.28860471 -0.06409368 -0.21798244
v 0.29063511 -0.05746647 -0.22251536
v 0.29597768 -0.04998707 -0.22231305
v 0.28565726 -0.03149002 -0.18809737
v 0.31145114 0.07555878 -0.18455227
v 0.28373721 -0.03864141 -0.18843964
v 0.29156157 -0.02564895 -0.18753763
v 0.29124629 -0.03246589 -0.18635841
v 0.28925097 -0.03995304 -0.18565656
v 0.29999450 -0.07932822 -0.19602612
v 0.30060014 -0.07346328 -0.20553830
v 0.29588583 -0.07689562 -0.19332525
v 0.30243060 -0.07156216 -0.21396966
v 0.29194626 -0.07525340 -0.19142206
v 0.30913848 0.05378014 -0.22816405
v 0.31268674 0.06525289 -0.22821045
v 0.28592795 -0.04203435 -0.14500733
v 0.25832090 -0.01404397 0.05056955
v 0.26341382 0.02714394 0.03067968
v 0.10388272 -0.27866131 0.07130302
v 0.09962016 -0.29425147 0.06521511
v 0.23034859 -0.07150053 0.10312869
v 0.21169597 -0.08615229 0.12158114
v 0.10198247 -0.25641054 0.13296248
v 0.09778222 -0.26907420 0.12988904
v 0.09476466 -0.26796445 0.13142851
v 0.09907243 -0.25964767 0.13277614
v 0.09031859 -0.27307397 0.11020888
v 0.09364153 -0.26406544 0.11212103
v 0.09343113 -0.26389799 0.12074247
v 0.08992219 -0.27228746 0.12103583
v 0.11602851 -0.14876619 0.17219642
v 0.13139160 -0.13101639 0.17085314
v 0.14175305 -0.15862775 0.15730697
v 0.12949297 -0.17496119 0.15729938
v 0.10156395 -0.26250750 0.08787427
v 0.09975073 -0.25004670 0.09504443
v 0.09569060 -0.24973565 0.10564754
v 0.09774154 -0.25929776 0.09914109
v 0.10150424 -0.27325046 0.08244084
v 0.09815940 -0.26642036 0.09602073
v 0.10468432 -0.26631391 0.07793526
v 0.10421424 -0.25104320 0.08624282
v 0.13600108 -0.28394467 0.10796715
v 0.12191133 -0.27613580 0.11758249
v 0.12484536 -0.25270295 0.12690255
v 0.13764955 -0.25478768 0.12054459
v 0.10329349 -0.08321773 0.18449794
v 0.11838197 -0.10504398 0.17950822
v 0.10863806 -0.12352708 0.17916597
v 0.09326584 -0.09952764 0.18501858
v 0.07844598 -0.07740047 0.19069715
v 0.08813012 -0.06128127 0.18789172
v 0.06688412 -0.03880622 0.20515409
v 0.06876297 -0.05098123 0.21052492
v 0.06604046 -0.05255257 0.22439885
v 0.06647358 -0.04338673 0.21856581
v 0.05999004 -0.06901539 0.21991763
v 0.06850836 -0.06054966 0.20815995
v 0.04676077 -0.07754098 0.21986376
v -0.04874864 -0.06399591 0.22902389
v -0.04323329 -0.05849996 0.22644632
v -0.04527515 -0.05562501 0.23291804
v -0.05272537 -0.05851282 0.23711039
v 0.04494664 -0.07466879 0.22424228
v 0.06143663 -0.07337584 0.21095744
v -0.01879556 -0.06042325 0.26090398
v -0.02287615 -0.05340555 0.26073283
v -0.01949334 -0.05676915 0.25120136
v -0.01840915 -0.06438418 0.25095046
v 0.06403388 -0.08039938 0.20278005
v 0.04987492 -0.08232967 0.21433645
v 0.04167365 -0.07111075 0.22732477
v 0.05215827 -0.06780089 0.22940464
v -0.02992128 -0.05053040 0.25796723
v -0.03727434 -0.05012160 0.26489496
v -0.04370083 -0.05046972 0.25636694
v -0.03600209 -0.05098772 0.25146458
v -0.02156674 -0.04971095 0.23398690
v -0.02344082 -0.05784515 0.23884553
v -0.01933284 -0.04806643 0.24407041
v -0.04155672 -0.04902478 0.22721273
v -0.04005151 -0.05223829 0.22362153
v -0.03477548 -0.04064048 0.22267476
v -0.03568151 -0.03964001 0.22371645
v 0.05673177 -0.05917758 0.23610368
v 0.01476380 -0.06494978 0.26013237
v 0.02087853 -0.05830802 0.26823735
v 0.03709234 0.05996174 0.20112935
v 0.04862845 0.04440004 0.19106615
v 0.03750511 0.04828202 0.21235709
v 0.04804095 0.03576545 0.20056631
v 0.05309335 -0.05055476 0.24867457
v 0.06047878 -0.04275554 0.24209887
v 0.04465376 -0.04654027 0.26177844
v 0.04962918 -0.03472159 0.26139137
v 0.01681717 0.11755509 0.19908455
v 0.00739498 -0.07867732 0.24335620
v 0.00892063 -0.08225214 0.24009737
v 0.00503209 -0.07479214 0.25001246
v 0.08818564 0.37609500 -0.54282081
v 0.09064468 0.42514235 -0.49873403
v 0.08802428 0.47776350 -0.40635267
v 0.07904120 0.49481782 -0.35684416
v 0.02178578 -0.15990846 0.24350977
v 0.02346105 -0.14565791 0.24565345
v 0.05106514 -0.19272569 0.15697035
v 0.02786306 -0.18673974 0.16703348
v 0.02637012 -0.18773770 0.17984362
v 0.04825000 -0.19546767 0.16979766
v 0.06367829 -0.20555112 0.15624721
v 0.06572194 -0.20426691 0.14207740
v 0.05519981 -0.19113179 0.14776824
v 0.03247570 -0.18507966 0.15736315
v 0.04631827 -0.19852902 0.19077615
v 0.02488521 -0.19112965 0.20233837
v 0.02361268 -0.18490946 0.21661513
v 0.04527795 -0.19249664 0.20318757
v 0.07495120 -0.09785651 0.19658738
v 0.05759798 -0.09333293 0.20901121
v 0.04151876 -0.09247979 0.22228257
v 0.02726199 -0.09259798 0.23224223
v 0.02393558 -0.08520905 0.23311993
v 0.03633618 -0.08391337 0.22482668
v 0.02114857 -0.08104962 0.23444599
v 0.03295464 -0.07984712 0.22717834
v 0.03068740 -0.07667802 0.22975719
v 0.03178393 -0.07122860 0.22991294
v 0.02483550 -0.07073613 0.23552676
v 0.02605200 -0.06682456 0.23465565
v 0.01923601 -0.07742441 0.23708585
v 0.01823784 0.02873730 0.26183513
v 0.01634895 0.04205504 0.25175238
v 0.04502894 -0.14265320 0.23720232
v 0.02484767 -0.13436241 0.24340767
v 0.01728437 -0.11173511 0.23885910
v 0.03606726 -0.11589539 0.23403454
v 0.05692817 -0.12356450 0.22274595
v 0.06590305 -0.15660697 0.22244720
v 0.01085878 -0.08632720 0.23833948
v 0.04596147 -0.15679449 0.23616894
v 0.04582546 -0.17072593 0.22936383
v 0.06652307 -0.17151703 0.21860199
v 0.06537149 -0.18452081 0.21021655
v 0.08285064 -0.17459527 0.20064779
v 0.07829359 -0.13648346 0.20651172
v 0.09843374 -0.15349351 0.18492803
v 0.09452206 -0.19533074 0.17808184
v 0.12102448 -0.23311871 0.13805911
v 0.10759017 -0.25510913 0.13161913
v 0.10642603 -0.24451426 0.13739665
v 0.10519986 -0.23206015 0.14606246
v 0.11940818 -0.21158010 0.14928527
v 0.13259804 -0.22756490 0.13541080
v 0.13208982 -0.20072404 0.14639603
v 0.11333907 -0.18263930 0.16406748
v 0.10154733 -0.21466334 0.15977329
v 0.10232894 -0.24403010 0.13944040
v 0.09949229 -0.25050962 0.13639623
v 0.10069706 -0.23452327 0.14669122
v 0.09814100 -0.24030283 0.14345555
v 0.09820272 -0.22353283 0.15682551
v 0.09519164 -0.22980438 0.15276943
v 0.08924092 -0.21700884 0.16674012
v 0.09223641 -0.20782946 0.17301190
v 0.08885995 -0.23983762 0.13350025
v 0.08358237 -0.23080096 0.14386877
v 0.08445856 -0.22819722 0.15288267
v 0.09004653 -0.23786482 0.14165910
v 0.09196290 -0.24939823 0.12330791
v 0.09282228 -0.24742591 0.13272002
v 0.09130482 -0.23960254 0.11406656
v 0.08634094 -0.22946915 0.12328898
v -0.21172580 -0.35726079 -0.11880064
v -0.23021369 -0.33442003 -0.17146373
v 0.09517066 -0.25709260 0.11510716
v 0.09514251 -0.25708932 0.12225441
v 0.09534768 -0.25779971 0.13180929
v 0.09490989 -0.24514474 0.13895988
v 0.09225646 -0.23473772 0.14785603
v 0.08646937 -0.22379470 0.15967654
v 0.06331991 -0.19466618 0.19915457
v 0.07929634 -0.19982728 0.18815950
v 0.07709618 -0.20848194 0.17859039
v 0.06191389 -0.20322466 0.18687126
v 0.07500619 -0.21538949 0.16883868
v 0.06972769 -0.20363285 0.13217939
v 0.06201554 -0.20851970 0.17489065
v 0.07921144 -0.21652603 0.12514713
v 0.08455372 -0.21525684 0.11604275
v 0.07594785 -0.21752326 0.13955291
v 0.09565661 -0.23917884 0.10253738
v 0.09071665 -0.22772413 0.11133911
v 0.10121762 -0.23826566 0.09405377
v 0.09617290 -0.22674802 0.10288840
v 0.07444185 -0.21969007 0.15880792
v 0.08153321 -0.18875241 0.19580726
v 0.04512344 -0.18253668 0.21655247
v 0.02361286 -0.17346971 0.23085453
v -0.13773218 0.02204567 0.14969486
v -0.13376223 0.01230815 0.15428516
v -0.11776614 0.01651960 0.15816656
v -0.12151980 0.02647939 0.15367316
v 0.01898200 -0.00329204 0.28813291
v 0.01933379 0.01383333 0.27450779
v 0.09160715 -0.27041671 0.12910007
v 0.04052345 -0.51774162 -0.04758319
v -0.30084309 -0.03384222 -0.18420482
v -0.29783654 -0.03093211 -0.18023017
v -0.32934999 0.05236614 -0.27241772
v 0.10316585 -0.27026099 0.12805209
v 0.09847739 -0.28660551 0.07580288
v 0.09545600 -0.27873740 0.09098456
v 0.12800512 -0.32140189 0.09690498
v 0.10982620 -0.34745109 0.09776831
v 0.10325759 -0.33060423 0.10774104
v 0.11706994 -0.30749524 0.10703520
v 0.08882874 -0.31334996 0.12635224
v 0.09768426 -0.28670600 0.12739071
v -0.34279749 0.06112107 -0.25936353
v 0.09243498 -0.28642052 0.13073432
v 0.08323681 -0.30758905 0.13390940
v 0.07949678 -0.30233055 0.13722457
v 0.08840679 -0.28389597 0.13269362
v 0.06785896 -0.29649353 0.11823686
v 0.04813312 -0.30626351 0.12044881
v 0.05062089 -0.30813858 0.10197730
v 0.07011116 -0.29998487 0.09741360
v 0.08710087 -0.28784737 0.09137521
v 0.08275095 -0.28241205 0.11090504
v -0.33088094 0.07722335 -0.25182799
v -0.32937524 0.08316731 -0.23301682
v -0.32238054 0.07830635 -0.22966969
v -0.32305479 0.07132779 -0.24542619
v 0.07166380 -0.29935434 0.12837711
v 0.08174643 -0.28561550 0.12226760
v 0.05545957 -0.30891800 0.13251221
v 0.08677486 -0.50375688 -0.06654231
v 0.08607017 -0.28350985 0.12931088
v 0.07586005 -0.29919219 0.13363074
v 0.06033709 -0.31313115 0.14111793
v 0.06526507 -0.31959271 0.14544915
v 0.06933305 -0.32756442 0.14364067
v 0.07299490 -0.33803278 0.13549876
v 0.08595495 -0.36330819 0.10964741
v 0.09186008 -0.38249177 0.09883071
v 0.05789430 -0.38586229 0.12028720
v 0.06377275 -0.40784591 0.10990600
v 0.05286995 -0.35543096 0.14660436
v 0.05033650 -0.34168571 0.15477598
v 0.04682648 -0.33148605 0.15394193
v 0.04232381 -0.32386315 0.14741062
v 0.01435297 -0.09233832 0.23708118
v 0.01937688 -0.07014136 0.24190357
v 0.01476005 -0.06877106 0.25040346
v 0.02847655 -0.05285507 0.27131179
v 0.00564647 -0.07100080 0.25894430
v 0.03910806 -0.04633281 0.27036476
v 0.03290732 -0.04823846 0.27606136
v 0.03655995 -0.03994914 0.27949688
v 0.04138421 -0.03777833 0.27411807
v 0.02676695 -0.05058074 0.28166354
v 0.03212742 -0.03984253 0.28521726
v 0.01100974 -0.05583389 0.28861961
v 0.01436209 -0.04090413 0.29791373
v 0.01787981 -0.01792222 0.29637533
v 0.01600753 -0.03107540 0.29938045
v 0.03642461 -0.03268959 0.28300193
v 0.04124898 -0.02546008 0.27568680
v -0.35828587 0.06014991 -0.25246996
v 0.04324168 -0.01478998 0.26547825
v 0.05202758 -0.02421602 0.25024831
v 0.04292581 0.51539403 -0.18216886
v 0.03687684 -0.31818339 0.13746046
v 0.02930235 -0.31384492 0.12562400
v -0.29521120 -0.08566111 -0.19168568
v -0.32977688 0.01971433 -0.23910676
v 0.05895369 -0.32196331 0.07318191
v 0.05472028 -0.31629729 0.08229700
v 0.03445378 -0.32303005 0.08506610
v -0.32736990 0.08496079 -0.22270767
v -0.33980677 0.08978547 -0.22515152
v 0.03934831 -0.32754982 0.07648236
v 0.01306478 -0.31640249 0.12876798
v -0.34838897 -0.02269963 -0.27413633
v -0.36074743 0.05489631 -0.25973895
v -0.35502520 0.04856424 -0.25555477
v -0.33252794 0.05374343 -0.20416148
v -0.30153400 -0.04689412 -0.25449666
v -0.32389885 -0.04660990 -0.24450243
v -0.31717256 -0.05716121 -0.24124806
v -0.29838243 -0.05434944 -0.25263277
v -0.29799217 0.00121602 -0.22431722
v 0.01522668 -0.31945342 0.10759993
v 0.03120096 -0.31471202 0.10507669
v 0.01727428 -0.32194173 0.13943170
v 0.02093346 -0.32917249 0.14978251
v 0.02434048 -0.33774990 0.15831782
v 0.01676942 -0.32782298 0.08628981
v 0.02138809 -0.33261907 0.07657925
v -0.28572080 -0.06827880 -0.15467058
v 0.09115495 -0.29816759 0.07442047
v -0.31478417 -0.10725304 -0.21329784
v -0.31803653 -0.10304913 -0.22316788
v -0.12655653 -0.13220449 -0.47152138
v -0.14013615 -0.08850194 -0.49750519
v -0.35727361 -0.02399267 -0.28660449
v 0.09204599 -0.30543327 0.06556146
v 0.07433953 -0.31042254 0.07929379
v 0.07851937 -0.31504521 0.07138208
v 0.03143769 -0.41686863 0.12261310
v 0.02649915 -0.39598912 0.12967601
v 0.02962841 -0.34675908 0.16018480
v 0.02788757 -0.36217010 0.15583232
v 0.09070770 0.45646781 -0.45500362
v 0.24970248 0.30572772 -0.02812601
v 0.24645291 0.27568987 0.00099665
v -0.33173275 0.07041197 -0.23443419
v 0.21783856 0.30506754 0.03364144
v 0.22529697 0.32669878 0.00299873
v 0.25333399 0.33388761 -0.06087072
v 0.22739170 0.35350841 -0.02858893
v 0.16071649 0.48394540 -0.25964665
v 0.16300133 0.48133785 -0.20250718
v 0.08738063 0.50509840 -0.18667431
v 0.14011770 0.48405474 -0.31572917
v 0.18924893 0.45118698 -0.35283545
v 0.19837494 0.46184716 -0.27512863
v 0.19799392 0.46119902 -0.21374023
v -0.30245289 -0.08717512 -0.19624493
v -0.30324933 -0.10802681 -0.18781216
v -0.29740247 -0.10557278 -0.18127795
v -0.31818137 0.03118226 -0.22655520
v 0.10082779 -0.33935344 -0.43528533
v 0.20807903 0.17271593 -0.52868253
v 0.19281034 0.45719302 -0.15852955
v 0.16032726 0.47408193 -0.14742096
v 0.15830196 0.46176198 -0.09785289
v 0.18768112 0.44800979 -0.11179952
v 0.08644592 0.49553156 -0.12926747
v 0.04242462 0.50430650 -0.12180551
v 0.07217743 0.02642072 -0.58131051
v 0.01580387 0.05553754 0.24133612
v 0.18425757 -0.19303000 -0.36586496
v 0.22180393 -0.19270064 -0.29563534
v 0.23126486 -0.40359136 -0.21889120
v 0.27639061 -0.10405792 -0.21655914
v 0.27458647 -0.10085586 -0.21915638
v 0.23141113 -0.25401691 -0.22482440
v 0.23509103 -0.19596985 -0.22684081
v 0.14671589 -0.18936209 -0.41214037
v 0.30955204 -0.05961505 -0.25864327
v 0.31235263 -0.04495807 -0.26211125
v 0.31577575 -0.06393415 -0.25713828
v 0.31827214 -0.04794711 -0.26179108
v 0.31916976 -0.03103762 -0.26352495
v 0.31919524 -0.07132456 -0.25358620
v 0.31380963 0.07315499 -0.21554710
v 0.32015312 0.07872622 -0.21025728
v -0.30794379 -0.06932439 -0.26251656
v -0.30770704 -0.06024339 -0.26729056
v 0.27447477 -0.11105979 -0.20031218
v 0.27382547 -0.10765575 -0.20675978
v -0.26026225 -0.02354865 -0.21494572
v 0.27110133 -0.10913693 -0.20403403
v 0.27068046 -0.11134560 -0.19885999
v 0.27400354 -0.11511745 -0.19429959
v 0.27025136 -0.11404726 -0.19474758
v 0.31083423 0.14203382 -0.18817902
v 0.26559699 -0.11032010 -0.20879559
v 0.27107269 -0.10217010 -0.21782082
v 0.27179223 -0.10503195 -0.21194920
v 0.26966029 -0.10834151 -0.20681450
v 0.26919472 -0.11326395 -0.19918646
v 0.26923594 -0.11726604 -0.19298416
v 0.27126357 -0.11992681 -0.19081250
v -0.31607619 -0.09409013 -0.25233483
v -0.30224869 -0.11312486 -0.22887379
v -0.23656371 -0.31472358 -0.22322856
v -0.22637053 -0.30254209 -0.28058815
v -0.23065299 -0.34856838 -0.27545959
v -0.23756720 -0.36636785 -0.22069740
v -0.29043946 -0.01458568 -0.15653712
v -0.29072174 -0.04018326 -0.16759947
v -0.28987759 -0.04584891 -0.16053343
v 0.32126430 -0.07619710 -0.25484326
v 0.29346326 -0.11739093 -0.20984061
v -0.10758054 -0.45056489 -0.05489000
v -0.09146695 -0.48405138 -0.06406576
v 0.30740902 0.04817522 -0.23669019
v 0.30681390 0.04077700 -0.24317229
v 0.31716612 0.04623143 -0.24770921
v 0.31728989 0.05467615 -0.24231574
v 0.23034979 -0.04068212 -0.42009431
v 0.24013223 0.00293497 -0.44109279
v 0.04683049 -0.33098739 -0.45341897
v 0.04649869 -0.28004414 -0.45215344
v 0.29973489 0.13164158 -0.38058671
v 0.30802554 0.05408468 -0.23148321
v 0.31829736 0.06122497 -0.23699744
v 0.31394729 -0.02874909 -0.26299015
v 0.29930666 0.05398948 -0.23282595
v 0.29985896 0.04724097 -0.23829363
v 0.32362145 0.06726893 -0.24297957
v 0.32266131 0.05959670 -0.24860302
v 0.32191396 0.05042506 -0.25388223
v 0.30038640 0.03961074 -0.24392392
v -0.28565735 -0.06752487 -0.13906370
v -0.28721148 -0.06859351 -0.09332140
v -0.28920057 -0.00898199 -0.09209924
v -0.28779486 -0.02860120 -0.13426183
v 0.31142339 0.06948649 -0.24041176
v 0.31964779 0.25383720 -0.28692994
v 0.31605285 0.23057492 -0.34332037
v 0.30662733 0.32079038 -0.30158910
v 0.30223802 0.30090615 -0.36273226
v 0.28370339 0.27727199 -0.42643481
v 0.29627225 0.20266034 -0.40743309
v 0.31346881 0.07395421 -0.21757697
v 0.32345071 0.08281006 -0.21180335
v 0.25520453 0.36008230 -0.09275796
v 0.27549145 0.34103411 -0.12223116
v 0.22806232 0.37722376 -0.05812117
v 0.22738609 0.39873543 -0.08567338
v 0.25286973 0.38480484 -0.12144940
v 0.28159466 0.35808650 -0.16945408
v 0.31613448 0.21535201 -0.22621334
v 0.31298587 0.27496004 -0.23033094
v 0.30085126 0.29103994 -0.17618380
v -0.23526384 0.12033761 0.05954948
v -0.24149998 0.12744114 0.03665238
v -0.24705635 0.08522855 0.03728529
v -0.23743765 0.09042728 0.05473020
v 0.29860252 0.34043327 -0.23891154
v 0.26486629 0.39463878 -0.19609822
v 0.27917886 0.38083860 -0.25435856
v 0.23660478 0.42845556 -0.21256542
v 0.24510668 0.42070338 -0.27105603
v 0.24406236 0.41045240 -0.33497331
v 0.28572720 0.36502632 -0.31496415
v 0.24538523 0.40699503 -0.14669617
v 0.22102909 0.41806588 -0.10815704
v 0.22516999 0.43254542 -0.16168864
v 0.21208160 0.43416312 -0.12713890
v 0.29230970 0.29910156 -0.14599945
v 0.24959098 -0.13575271 -0.19260865
v 0.25927579 -0.13908561 -0.17379604
v -0.07685211 0.35083017 0.12200008
v -0.03683616 0.35338330 0.13294627
v -0.03784085 0.38216487 0.10764296
v -0.07896210 0.37797979 0.09633184
v 0.27530575 -0.09849947 -0.13912083
v -0.14736126 -0.05551747 -0.51381582
v -0.15423699 -0.01361811 -0.53201783
v -0.07640406 -0.02477955 -0.55978715
v -0.07243438 -0.06360111 -0.53963554
v 0.27350053 -0.00208645 0.00289712
v 0.27523914 0.05261069 -0.00995229
v 0.28618056 0.02083097 -0.04801702
v 0.28135309 -0.04281878 -0.03878337
v -0.08038221 0.44535175 0.00741219
v -0.03831731 0.45177191 0.01811647
v -0.03881220 0.47194129 -0.02209998
v -0.08150882 0.46450159 -0.03138074
v -0.21419410 -0.00485897 0.11381696
v -0.22432983 -0.03499714 0.10798322
v -0.20817597 -0.03441929 0.12512918
v -0.19950794 -0.00371072 0.12662932
v 0.26817822 0.10993124 -0.02092388
v 0.28464466 0.08018903 -0.05775549
v 0.28549534 0.13249344 -0.06777225
v 0.27031681 0.16315439 -0.02669607
v 0.24829414 0.25573492 -0.48702690
v 0.25639901 0.18903223 -0.47919759
v -0.30259863 -0.12483825 -0.17632291
v -0.29835132 -0.12138848 -0.17179343
v 0.25783238 0.13782772 -0.47100776
v 0.19433655 0.23714893 0.10268544
v -0.03948367 0.48937723 -0.06916558
v -0.08311618 0.48124072 -0.07684094
v 0.08652511 0.34043610 -0.56769878
v 0.18703456 0.32355592 0.06228561
v 0.21820614 0.33731210 -0.48900041
v -0.00520005 -0.27442312 -0.45801127
v 0.16591765 0.36135396 -0.51567596
v 0.28242117 0.34587261 -0.37536475
v 0.26898468 0.32506654 -0.42990515
v 0.23660734 0.29973352 -0.48908982
v 0.25312704 0.07306063 -0.46227455
v 0.18983459 0.43190193 -0.08111547
v 0.22477765 0.09664510 0.08286048
v 0.22263901 0.07807803 0.08078533
v 0.22419128 0.11439499 0.08946112
v 0.21743180 0.05893422 0.08683315
v 0.06231325 0.02946840 0.18318744
v 0.05860260 0.02484408 0.19209594
v 0.05975255 0.01369260 0.19772796
v 0.07185964 0.01339271 0.18434778
v 0.07157560 0.00092055 0.19089563
v 0.04476876 0.01539954 0.22132850
v 0.04795825 0.02532262 0.20888227
v 0.05604846 0.00395555 0.20639950
v 0.05534633 -0.01056140 0.21207669
v 0.04707700 0.00170158 0.22569554
v 0.07210334 -0.06228977 0.19674379
v 0.07708065 -0.04359248 0.19210897
v 0.06570699 -0.02576255 0.19977735
v 0.08693189 -0.01227149 0.18545754
v 0.08262075 -0.02721379 0.19024895
v 0.06844567 -0.01151477 0.19625486
v 0.08823700 0.00232056 0.17832838
v 0.05922823 -0.02517044 0.21855846
v 0.06192317 -0.03479420 0.23193869
v 0.04919165 -0.01191389 0.23608616
v 0.04268485 -0.00431553 0.25217178
v 0.03989521 0.01003205 0.24152747
v 0.07629421 0.01997285 0.17577526
v 0.09478356 0.01084912 0.17029569
v 0.09770268 -0.04391180 0.18728670
v 0.11470604 -0.06191292 0.18455927
v 0.10508602 -0.02572674 0.18180007
v 0.12241943 -0.04092056 0.17945875
v 0.10847034 -0.00812365 0.17418952
v 0.12799577 -0.02202924 0.17243099
v 0.13070665 -0.08427400 0.17991893
v 0.14497951 -0.10783246 0.17097151
v 0.15634939 -0.13907629 0.15643264
v 0.15697744 -0.08365308 0.16802663
v 0.17101723 -0.11227555 0.15334181
v 0.16550203 -0.05652621 0.16308388
v 0.18306074 -0.08487518 0.14955293
v -0.04862816 0.05431342 0.17725389
v -0.04946408 0.06214970 0.16668986
v -0.06344502 0.04769414 0.16320644
v -0.06262862 0.03812178 0.17340785
v -0.02886897 0.24778716 0.17956778
v -0.03223187 0.28220150 0.16791579
v -0.06888530 0.28473699 0.16094428
v -0.06304969 0.25096732 0.17399003
v 0.14047524 -0.05943484 0.17556214
v 0.14749390 -0.03794510 0.16920134
v 0.13171308 -0.00310969 0.16482474
v 0.11304875 0.00543773 0.16688465
v 0.16988629 -0.00516670 0.15127680
v 0.16972867 -0.03028003 0.15770181
v 0.15120183 -0.01592675 0.16220792
v 0.15221186 0.00538934 0.15483241
v 0.18993324 -0.05118077 0.14672901
v 0.18888755 -0.01762706 0.14449905
v 0.18448600 0.00637767 0.13916466
v 0.12773418 0.04181538 0.15214373
v 0.10881127 0.04577318 0.15453358
v 0.14284255 0.03933660 0.14818776
v 0.16747409 0.01464247 0.14480041
v 0.15332672 0.01938305 0.14967242
v 0.20124291 0.03616738 0.11110077
v 0.19231127 0.03443835 0.11983684
v 0.16815434 0.03680860 0.13645671
v 0.15635175 0.03776964 0.14292955
v 0.18045086 0.03633470 0.12815529
v 0.09048210 0.05197574 0.15428726
v 0.07262798 0.05943630 0.15333693
v 0.21693872 -0.24484439 -0.28661704
v 0.03640950 0.02416255 0.23516999
v 0.03677391 0.03501450 0.22433317
v 0.05858385 0.12729482 0.16399285
v 0.04855574 0.11559719 0.16180366
v 0.02821166 0.11775522 0.18903232
v 0.07342254 0.14229128 0.17178228
v 0.05951794 0.06888493 0.15284319
v -0.08278276 0.03765384 0.15879250
v -0.07915714 0.02880340 0.16576853
v 0.05174697 0.07834116 0.15291592
v 0.04615760 0.09156413 0.15436359
v 0.04562720 0.10359582 0.15682320
v -0.03800115 0.40755266 0.08061091
v -0.07983117 0.40247670 0.06914924
v -0.08078690 0.50651050 -0.27758312
v -0.08265725 0.50694209 -0.24313742
v -0.03798574 0.51784074 -0.24523875
v -0.04204904 0.51485658 -0.29568738
v 0.12209895 0.19655190 0.17666644
v 0.10857639 0.17132363 0.18287717
v 0.23146543 0.25484791 0.04020231
v 0.24773555 0.22046444 0.01989128
v 0.20591554 0.17704819 0.11429563
v 0.21633045 0.15590391 0.10360873
v 0.22279830 0.13481979 0.09438903
v 0.25412193 0.17490016 0.00831707
v 0.25443253 0.12688805 0.00876878
v 0.26043427 0.07572130 0.01743680
v -0.27833042 -0.00136514 -0.37404817
v -0.28996193 -0.00788686 -0.31229702
v -0.30094826 0.03928461 -0.31771106
v -0.29358357 0.06395493 -0.38400528
v 0.19485161 0.36970621 0.00429784
v -0.16035190 -0.41480243 -0.07998359
v -0.14568529 -0.45520419 -0.08884028
v -0.00564412 -0.32732221 -0.45836455
v 0.19432163 0.39269793 -0.02402414
v 0.19284567 0.34524879 0.03359277
v 0.15714401 0.44520047 -0.05990392
v 0.15754381 0.42708251 -0.02580475
v 0.19282633 0.41359997 -0.05219343
v 0.15939792 0.40615276 0.00399356
v 0.16063380 0.38341749 0.03186312
v 0.15859246 0.35969436 0.06069800
v 0.15466623 0.33717677 0.08788788
v 0.14872648 0.30816361 0.11338066
v 0.18157908 -0.24164703 -0.35788476
v 0.02736334 -0.02971536 0.22185108
v 0.02556966 -0.02941974 0.22399794
v -0.21076296 0.21204090 0.08443230
v -0.21600923 0.23916444 0.06942102
v -0.23026347 0.20949997 0.05376360
v -0.22284554 0.18579614 0.07119679
v 0.02599488 -0.02972206 0.22143242
v 0.02381757 -0.02976956 0.22412631
v 0.02486910 -0.03196920 0.22351384
v 0.02546785 -0.05993901 0.23175363
v 0.02245810 -0.05056633 0.22862594
v 0.02298853 -0.03929771 0.22647971
v 0.27319390 -0.12426541 -0.15030394
v -0.02239247 0.19123262 0.19500527
v -0.05191967 0.19412814 0.19106944
v -0.04418268 0.16993187 0.19172773
v -0.01866891 0.16792968 0.19719589
v -0.23790234 0.05869355 0.05831920
v -0.24968544 0.04596415 0.04611753
v -0.24777035 0.01178358 0.06383592
v -0.23544428 0.02988391 0.07295008
v -0.22419676 0.00313709 0.10009504
v -0.23409514 -0.02461632 0.09563218
v -0.07342940 0.31747574 0.14465323
v -0.03475635 0.31717822 0.15341567
v -0.23682633 0.17190249 0.03987927
v -0.23067889 0.15398268 0.06187670
v -0.03782821 0.06643550 0.18697698
v -0.04073629 0.07208926 0.17299333
v -0.02794706 0.09238581 0.18495780
v -0.01562183 0.08877474 0.20683205
v -0.01135195 0.10514151 0.20101815
v -0.02503295 0.10667264 0.18667968
v -0.13353612 0.24769430 0.14617774
v -0.14053985 0.27698198 0.13176864
v -0.17095555 0.27048770 0.10932367
v -0.16443197 0.24215640 0.12471958
v -0.08013432 0.42456800 0.04016738
v -0.03806031 0.43023917 0.05139104
v -0.01381214 0.13888900 0.19567470
v -0.03189779 0.14028747 0.18697944
v -0.02757231 0.12722541 0.18565311
v -0.01255787 0.12724386 0.19578736
v -0.09866033 0.02184403 0.16172186
v -0.10258218 0.03130050 0.15672575
v -0.26641691 -0.12340101 -0.19706842
v -0.27306348 -0.12752049 -0.19276828
v -0.29463482 0.05610048 -0.14107294
v -0.28938138 0.01412852 -0.13613915
v -0.29094484 0.04586877 -0.09664255
v -0.29144275 0.09416429 -0.10556840
v -0.29694816 0.13796155 -0.11937631
v -0.30189976 0.17470823 -0.13932195
v -0.30679283 0.11452065 -0.16592635
v -0.30064416 0.09160391 -0.15083125
v -0.21440950 -0.33695558 -0.32553977
v -0.20361318 -0.29571313 -0.33682045
v -0.01326744 0.07776397 0.22092222
v -0.01215739 0.06636675 0.23161197
v -0.08307788 0.14359750 -0.60445112
v -0.08150391 0.08910503 -0.59686595
v -0.16196133 0.10478569 -0.56340951
v -0.16257735 0.15659705 -0.56918138
v -0.26607579 -0.04357872 -0.35935783
v -0.27963126 -0.04263853 -0.30237108
v -0.03862545 -0.04558122 0.23330025
v -0.02921495 -0.03102786 0.22048667
v -0.03126960 -0.04142127 0.22333175
v -0.03014871 -0.03267546 0.22076607
v -0.04243222 -0.05275640 0.24299780
v -0.04986094 -0.05229066 0.24883328
v -0.03321644 -0.05343003 0.22197795
v -0.02953267 -0.05420051 0.22358675
v -0.02826717 -0.04002936 0.22461690
v -0.03049435 -0.03158758 0.22143035
v -0.00694207 -0.06694921 0.26997212
v -0.00847821 -0.06096341 0.28118253
v -0.02362220 -0.05551683 0.27725264
v -0.01894871 -0.06126976 0.26960939
v -0.02443467 -0.03151908 0.22522677
v -0.02245212 -0.03965913 0.22937082
v -0.02178762 -0.04683237 0.25113490
v -0.02737481 -0.03676764 0.23538353
v -0.02700645 -0.03128573 0.22681719
v -0.02793792 -0.04468283 0.24735188
v -0.02270858 -0.06542193 0.24107103
v -0.03322770 -0.04478030 0.24113247
v -0.30899066 -0.07461614 -0.22168501
v -0.24225189 -0.26973450 -0.14747603
v -0.25170335 -0.20412530 -0.17234245
v -0.24856342 -0.20457773 -0.19207378
v -0.24080768 -0.26812118 -0.18158656
v -0.32376042 0.02931207 -0.23119983
v -0.26656291 0.21996695 -0.02685071
v -0.27120247 0.27344266 -0.05873584
v -0.29089484 0.22469150 -0.10372618
v -0.28740230 0.17786729 -0.08376800
v -0.27313650 0.31234503 -0.09176765
v -0.29297036 0.27005789 -0.13205524
v -0.30540803 0.22285101 -0.17163113
v -0.31456465 0.14263837 -0.22696227
v -0.17056917 0.07072614 0.12866503
v -0.17136765 0.07014071 0.12949626
v -0.16502592 0.06912815 0.13423781
v -0.16584596 0.06965456 0.13317198
v -0.16795939 0.07139968 0.12593490
v -0.16279382 0.06953703 0.13074814
v -0.17142670 0.07347804 0.12170149
v -0.17416890 0.07201619 0.12444469
v -0.17525364 0.07111554 0.12534042
v -0.09763151 0.07567298 0.14088333
v -0.10266577 0.07563153 0.13812894
v -0.11405996 0.07288401 0.13844654
v -0.10841814 0.07352825 0.14326555
v -0.09665234 0.07466441 0.14430550
v -0.10990364 0.07241718 0.14594485
v -0.11444444 0.08172421 0.12007505
v -0.11083231 0.08322490 0.11958194
v -0.11901987 0.08039000 0.12026387
v -0.09091033 0.08364453 0.13037726
v -0.09160016 0.08875378 0.13140249
v -0.10822459 0.08896696 0.12038347
v -0.10803558 0.08492215 0.11925519
v -0.09450710 0.08086527 0.13114229
v -0.08582101 0.08045510 0.13368878
v -0.08053864 0.08293587 0.13272530
v -0.08101070 0.08930122 0.13414699
v -0.12785785 0.06875499 0.14666015
v -0.12891030 0.06577019 0.14685714
v -0.11209961 0.06770863 0.14797983
v -0.11112106 0.07051437 0.14755985
v -0.12639685 0.07041772 0.14570412
v -0.14119253 0.06968591 0.14285418
v -0.14073993 0.06770609 0.14380899
v -0.14290886 0.06454552 0.14312285
v -0.10016654 0.07064069 0.14767233
v -0.09969160 0.07314713 0.14653690
v -0.14444150 0.06190003 0.14209650
v -0.13080832 0.06263211 0.14617319
v -0.11281502 0.06507635 0.14765584
v -0.09862772 0.06938076 0.14762604
v -0.08669676 0.07362846 0.14513044
v -0.09215277 0.07385488 0.14579792
v -0.13380457 0.05936872 0.14449355
v -0.13122484 0.05651247 0.14461039
v -0.11435958 0.05836641 0.14691328
v -0.11453763 0.06150186 0.14705867
v -0.14602190 0.05940919 0.14042613
v -0.14537515 0.05617829 0.13987607
v -0.17981194 0.07178244 0.11831768
v -0.18160327 0.07375579 0.11517020
v -0.18155000 0.07160298 0.11486112
v -0.18008643 0.06980773 0.11681029
v -0.19061896 0.05789523 0.10532961
v -0.19469729 0.06313076 0.10149948
v -0.20258331 0.05794163 0.09492157
v -0.19727446 0.05155315 0.10175921
v -0.23139864 0.01393836 0.08599595
v -0.20749167 0.03960840 0.09818419
v -0.21284977 0.04587626 0.08939292
v -0.17752427 0.07069573 0.12202836
v -0.17486486 0.06976027 0.12569062
v -0.17769799 0.07218780 0.12158186
v -0.17957321 0.07376287 0.11789728
v -0.17805490 0.06868436 0.12004642
v -0.17471093 0.06770748 0.12453520
v -0.17084825 0.06884968 0.12960674
v -0.16963398 0.06642829 0.12948065
v -0.16310914 0.06503868 0.13428827
v -0.16351637 0.06732789 0.13493836
v -0.15301327 0.06679778 0.14010705
v -0.15597169 0.06885491 0.13851801
v -0.15525430 0.06396988 0.13848497
v -0.16407557 0.06311503 0.13259697
v -0.15582204 0.06214667 0.13745302
v -0.17045707 0.06431332 0.12707768
v -0.17504029 0.06558717 0.12217053
v -0.17846178 0.06673689 0.11787030
v -0.18115595 0.06819931 0.11461879
v -0.18309300 0.07072562 0.11227630
v -0.17964187 0.06412522 0.11557449
v -0.18205543 0.06038496 0.11294329
v -0.17697142 0.05923732 0.11797940
v -0.17561311 0.06298888 0.12013778
v -0.18307550 0.06599495 0.11194551
v -0.18615375 0.06261409 0.10870346
v -0.17100696 0.06201223 0.12501089
v -0.17135727 0.05877326 0.12345288
v -0.16529562 0.05802010 0.12893657
v -0.16465425 0.06069932 0.13078512
v -0.15585549 0.05993005 0.13582252
v -0.15730140 0.05679437 0.13379808
v -0.12772703 0.07048943 0.14346495
v -0.12737440 0.07091495 0.13724048
v -0.13988109 0.06976779 0.13614810
v -0.14452924 0.06959418 0.14046046
v -0.15792194 0.06932747 0.13681222
v -0.15239450 0.06927036 0.13362019
v -0.14101367 0.07036800 0.13024220
v -0.13465807 0.07767805 0.11892356
v -0.14025031 0.07746115 0.11796194
v -0.14989817 0.07048832 0.12771341
v -0.12981357 0.07169881 0.13129076
v -0.12950158 0.07861244 0.11911288
v -0.11833579 0.07391677 0.13241769
v -0.12438555 0.07923721 0.12000400
v -0.10823690 0.07607291 0.13328765
v -0.12995510 0.12079537 0.14558090
v -0.13262358 0.12232184 0.14705703
v -0.15243053 0.12020091 0.14389715
v -0.14843245 0.11862703 0.14295955
v -0.20487495 -0.00044254 -0.49064711
v -0.21012500 0.05859817 -0.51228863
v -0.16066068 0.04124891 -0.55097800
v -0.16401716 0.10891722 0.13807078
v -0.16358632 0.11230999 0.13736968
v -0.17343156 0.10721159 0.13062532
v -0.17324665 0.10359134 0.13105738
v -0.16382124 0.10544574 0.13889544
v -0.17258641 0.09999962 0.13165352
v -0.15227704 0.10981577 0.14605075
v -0.15272658 0.11342885 0.14465412
v -0.15162401 0.11652955 0.14301643
v -0.16675366 0.09229738 0.11340795
v -0.16416340 0.09581919 0.11686035
v -0.16855894 0.09684353 0.12265082
v -0.17259349 0.09308603 0.11713773
v -0.16794711 0.08983769 0.11112816
v -0.17375265 0.08983506 0.11329716
v -0.15241401 0.08956745 0.10822333
v -0.15105002 0.09126838 0.10985375
v -0.14855389 0.09322492 0.11227669
v -0.15358299 0.08801912 0.10744949
v -0.15546380 0.08620328 0.10716058
v -0.15438639 0.08441951 0.10751063
v -0.15337352 0.08305064 0.10829284
v -0.24285056 -0.06047495 0.08171373
v -0.24233362 -0.00972293 0.08023399
v -0.25170660 -0.04290237 0.06482702
v -0.17637898 0.07361883 0.12052105
v -0.17816481 0.07548591 0.11683050
v -0.17312479 0.07515984 0.11816616
v -0.17457809 0.07678836 0.11520217
v -0.17992103 0.07776142 0.11339144
v -0.18166238 0.07608377 0.11414320
v -0.16376284 0.07282189 0.12181356
v -0.14876570 0.07834595 0.11482623
v -0.15159558 0.07951719 0.11263420
v -0.16682322 0.07501417 0.11855818
v -0.15844806 0.07052603 0.12574053
v -0.14476967 0.07764141 0.11655110
v -0.15045683 0.08124927 0.11078891
v -0.15218194 0.08195024 0.10945496
v -0.16645819 0.07687955 0.11543030
v -0.16853073 0.07842214 0.11293568
v -0.17567663 0.07872568 0.11302049
v -0.17165366 0.08275166 0.10972968
v -0.17231986 0.08511882 0.10982348
v -0.17781891 0.08068635 0.11172235
v -0.17804645 0.08404006 0.11110213
v -0.17039694 0.08033898 0.11082099
v -0.17030674 0.08751503 0.11021223
v -0.17666064 0.08671515 0.11205126
v -0.18279040 0.07427851 0.11301090
v -0.18287228 0.07766666 0.11212653
v -0.18495627 0.08108939 0.11010803
v -0.18448758 0.07441981 0.11067235
v -0.18707362 0.07432567 0.10793751
v -0.18536668 0.06919463 0.10921485
v -0.18830495 0.08414856 0.10821425
v -0.19350450 0.08555485 0.10385724
v -0.19167213 0.07336509 0.10411382
v -0.18910424 0.06698400 0.10572352
v -0.18163542 0.07993547 0.11183878
v -0.18216081 0.08266962 0.11102512
v -0.18582153 0.09013291 0.11267550
v -0.18831758 0.09289672 0.11119660
v -0.18406039 0.08696944 0.11281323
v -0.18179315 0.09171186 0.11750364
v -0.18314809 0.09464554 0.11754618
v -0.18458746 0.09778771 0.11708751
v -0.17922111 0.09858464 0.12415744
v -0.18015654 0.10212408 0.12365260
v -0.17823789 0.09550686 0.12405532
v -0.18116674 0.08598904 0.11249746
v -0.17933796 0.08956572 0.11567062
v -0.17624633 0.09380046 0.12134141
v -0.17114572 0.09745692 0.12887609
v -0.16288391 0.10217033 0.13671103
v -0.16086738 0.10065830 0.12984276
v -0.15101956 0.10692061 0.14377409
v -0.14966920 0.10421494 0.13715492
v -0.13595225 0.12641220 0.15004103
v -0.15660825 0.12483253 0.14601760
v -0.14819990 0.10186671 0.12822780
v -0.13851741 0.09593601 0.11822029
v -0.13281773 0.09565273 0.11956251
v -0.13600257 0.10231669 0.13237709
v -0.09534083 0.09225296 0.13356428
v -0.09926536 0.09582752 0.13596831
v -0.11315572 0.09267876 0.12265134
v -0.11045201 0.09091526 0.12156980
v -0.08703829 0.09286076 0.13744733
v -0.09291589 0.09738798 0.14060736
v -0.11390296 0.10111136 0.13708903
v -0.12174232 0.09529689 0.12304424
v -0.11689508 0.09418195 0.12321432
v -0.10602461 0.09878416 0.13675372
v -0.10950825 0.10437470 0.14473423
v -0.09961217 0.10102095 0.14315946
v -0.13516213 0.10648475 0.14297646
v -0.08714069 0.28591585 -0.59193230
v -0.08599835 0.22370072 -0.60490507
v -0.16326414 0.23084120 -0.56962115
v -0.16249241 0.28488195 -0.55903214
v -0.15732487 0.09929881 0.12269478
v -0.14418279 0.09495818 0.11546020
v -0.20190911 0.28888407 -0.52778542
v -0.19827494 0.32302868 -0.51638216
v -0.16371666 0.33104971 -0.53895241
v -0.14952518 -0.24670525 -0.40375087
v -0.11024003 -0.29208875 -0.43103194
v -0.07859227 0.09276254 0.14183019
v -0.08620796 0.09807252 0.14401424
v -0.07318602 0.08799377 0.14020959
v -0.06962954 0.08733957 0.14058751
v -0.07437579 0.09277935 0.14218667
v -0.08147936 0.09883066 0.14430676
v -0.09506188 0.10285569 0.14653499
v -0.09192970 0.10470936 0.14778320
v -0.10642031 0.10974446 0.15129445
v -0.10543835 0.10622884 0.14915688
v -0.13588302 0.10928193 0.14903475
v -0.13692488 0.11258464 0.15048566
v -0.10353202 0.11242172 0.14931560
v -0.08829144 0.10671236 0.14547552
v -0.10011283 0.11576919 0.14684661
v -0.08834854 0.11097610 0.14412288
v -0.13471711 0.11884697 0.14639285
v -0.13808236 0.11620506 0.14807983
v -0.08509555 0.07665700 0.14312024
v -0.07633568 0.07821422 0.14194281
v -0.08811789 0.07728135 0.14069733
v -0.07855453 0.07957778 0.13974553
v -0.09367221 0.07751288 0.13673216
v -0.07381795 0.08193264 0.13921767
v -0.07049350 0.08139898 0.14062974
v -0.10000658 0.07833402 0.13275391
v -0.07093666 0.09244291 0.14045224
v -0.06592818 0.08696501 0.13959602
v -0.06738286 0.09526829 0.13823462
v -0.06289732 0.08778877 0.13870519
v -0.07805981 0.10589176 0.14038239
v -0.07723100 0.09918481 0.14153203
v -0.06714883 0.08134818 0.14031146
v -0.07155553 0.07823631 0.14154615
v -0.06462727 0.08131301 0.13983713
v -0.06913173 0.07774749 0.14154479
v -0.09751342 0.06712995 0.14738965
v -0.09744253 0.06419563 0.14724179
v -0.08364045 0.07209151 0.14487690
v -0.08141214 0.07069150 0.14459190
v -0.12943017 0.05316575 0.14479758
v -0.14311059 0.05214813 0.14068358
v -0.12782571 0.04875721 0.14547135
v -0.14199398 0.04688665 0.14128998
v -0.10962442 0.05219635 0.14837632
v -0.11150797 0.05585507 0.14750321
v -0.14153361 -0.48310328 -0.08926494
v -0.18561630 0.05516892 0.11076628
v -0.19107752 0.04799863 0.10892155
v -0.18372722 0.04690668 0.11535491
v -0.17954062 0.05430554 0.11614626
v -0.17262030 0.05419885 0.12207023
v -0.17555407 0.04769898 0.12131902
v -0.16591263 0.04760610 0.12805556
v -0.16461203 0.05417880 0.12832966
v -0.15562466 0.05281389 0.13404597
v -0.15506929 0.04635331 0.13501318
v -0.19844422 0.07052670 0.09809557
v -0.20281360 0.08462913 0.09475313
v -0.20632443 0.06832354 0.09004287
v -0.21140029 0.08290311 0.08585199
v -0.06052756 0.09814282 0.14039345
v -0.05917102 0.08923122 0.13934550
v -0.05456653 0.10186931 0.14548978
v -0.05358413 0.09121007 0.14386581
v -0.05908232 0.11482637 0.15006422
v -0.06772813 0.10959838 0.14251563
v -0.06165333 0.08117559 0.14043541
v -0.06670790 0.07647464 0.14146429
v -0.05760040 0.08054236 0.14298245
v -0.06343893 0.07440776 0.14345337
v -0.09448478 0.06183611 0.14724998
v -0.09242889 0.05831908 0.14815074
v -0.07923255 0.06877919 0.14519681
v -0.07646988 0.06552366 0.14619462
v -0.19822568 -0.04447933 -0.47108755
v -0.21240459 0.12157331 -0.52310610
v -0.18642485 0.14106344 0.13477577
v -0.17730983 0.13036706 0.13761987
v -0.16168404 0.13456619 0.14697626
v -0.16838543 0.14847028 0.14724669
v -0.19798075 0.15602919 0.12468861
v -0.20883214 0.13868688 0.11177424
v -0.19926876 0.12942132 0.12111358
v -0.18913954 0.12257678 0.12736031
v -0.20537919 0.09737604 0.09710994
v -0.19816947 0.09690890 0.10398994
v -0.19785251 0.10583128 0.10946415
v -0.20488507 0.10695317 0.10319234
v -0.21287298 0.09619322 0.08915970
v -0.21304472 0.10810321 0.09572681
v -0.20248337 0.11659213 0.11131054
v -0.19500224 0.11393963 0.11739608
v -0.21207012 0.12151675 0.10422520
v -0.09715810 0.13518801 0.15622933
v -0.09621347 0.12710004 0.14964122
v -0.08269754 0.11811104 0.14502935
v -0.07843475 0.12304337 0.15003702
v -0.08646935 0.13970095 0.16099040
v -0.06871288 0.12711854 0.15535386
v -0.14328660 0.14952365 0.15688330
v -0.14020002 0.13582435 0.15376730
v -0.10037743 0.11880291 0.14551571
v -0.09233595 0.11505412 0.14479606
v -0.09742046 0.11980288 0.14503759
v -0.08797958 0.11466510 0.14396213
v -0.23243372 0.36668694 -0.44544387
v -0.24099696 0.38984424 -0.39547536
v -0.17532806 0.43314540 -0.42146116
v -0.17215320 0.40375724 -0.47058928
v -0.16192526 0.11456031 0.13880727
v -0.16605437 0.11643694 0.13819081
v -0.17659210 0.11180736 0.13028945
v -0.17285027 0.11015294 0.13191254
v -0.18069874 0.10541496 0.12428889
v -0.18425295 0.10687681 0.12257931
v -0.18903068 0.10200779 0.11542109
v -0.18564604 0.10119118 0.11770126
v -0.18846364 0.09747947 0.11270902
v -0.19155726 0.09615666 0.10954992
v -0.09044147 0.11935718 0.14532344
v -0.09944738 0.12274090 0.14660138
v -0.20785235 0.24152341 -0.53260183
v -0.17710368 0.29694256 0.08968610
v -0.20438395 0.28134668 0.06515931
v -0.19648224 0.26201540 0.08659175
v -0.17042722 0.12126876 0.13894306
v -0.18157487 0.11598104 0.12987903
v -0.18876342 0.11003650 0.12113868
v -0.19275589 0.10504284 0.11413378
v -0.19417733 0.10012367 0.10959311
v -0.28826335 -0.05714910 -0.16069645
v -0.28908825 -0.05619051 -0.16792570
v -0.31668922 -0.01480275 -0.27225226
v -0.30955964 0.01137464 -0.26770070
v -0.30488244 0.02504601 -0.26112470
v -0.31920189 0.05329532 -0.20947199
v -0.32546261 0.06594718 -0.22111323
v -0.33051890 -0.08841152 -0.24401818
v -0.31785619 -0.09584939 -0.22859886
v -0.32992354 -0.08482677 -0.24603207
v -0.35158363 0.05011237 -0.25693530
v -0.35363755 0.04368880 -0.26232490
v -0.35758576 0.04241922 -0.26081353
v -0.17153242 -0.12967449 -0.43147746
v -0.18881848 -0.07961125 -0.45550901
v -0.35484532 0.03678870 -0.26766422
v -0.29549497 -0.03717548 -0.17741996
v -0.32076737 -0.01681534 -0.27316779
v -0.32688844 -0.01915766 -0.28030345
v -0.33037940 -0.03954253 -0.28105110
v -0.32750985 -0.03747812 -0.27841356
v -0.32798186 -0.05998493 -0.27384901
v -0.32551289 -0.05676100 -0.27190077
v -0.33574656 -0.07359678 -0.25654817
v -0.33630437 -0.05638934 -0.26794320
v -0.32938439 0.06772344 -0.22668970
v -0.32969403 0.06445220 -0.22339977
v -0.33240345 0.06790718 -0.22812730
v -0.29853129 -0.04152345 -0.18306470
v -0.31267729 0.04446194 -0.20956135
v -0.31130746 0.03767712 -0.20221882
v -0.30995929 0.03939810 -0.20435953
v -0.29025972 -0.02153811 -0.19996557
v -0.28936678 -0.01829474 -0.20072193
v -0.29505900 -0.02758567 -0.19794795
v -0.30185062 -0.03270982 -0.18935315
v -0.27890438 -0.06233101 -0.19804756
v -0.27750304 -0.06510702 -0.20412585
v -0.27531740 -0.06795733 -0.20161925
v -0.34311667 0.09011324 -0.23750028
v -0.31206343 0.03375669 -0.20035918
v -0.31660852 0.03780665 -0.20178677
v -0.31936833 0.04207191 -0.20328104
v -0.33548576 0.06539159 -0.22826815
v -0.32105938 0.04574243 -0.20436241
v -0.31713232 0.04582562 -0.20528057
v -0.32211286 0.05226557 -0.20878994
v -0.31447551 0.04618210 -0.20699491
v -0.29893541 -0.05191585 -0.25363219
v -0.29487124 -0.05239502 -0.24552792
v -0.29532623 0.02270025 -0.16012950
v -0.29686967 0.01587943 -0.17030399
v -0.31400317 -0.09850043 -0.21948770
v -0.30452818 0.04783733 -0.23806635
v -0.30785128 0.05988997 -0.24499856
v -0.34317240 -0.03988595 -0.27278659
v -0.31688246 -0.06441111 -0.23387143
v -0.30843136 -0.06831987 -0.22891040
v -0.32640758 -0.05933714 -0.23956080
v -0.33352369 -0.04909042 -0.24574238
v -0.29983720 0.01009503 -0.21750785
v -0.33385625 0.02736240 -0.24050015
v -0.33510876 0.01909065 -0.24491963
v -0.32873827 0.02800945 -0.23546985
v -0.31162810 0.07240212 -0.23788141
v -0.31302163 0.07123046 -0.22856411
v -0.30170536 0.05900693 -0.23504581
v -0.31262121 0.06403194 -0.22731009
v -0.28646249 -0.04919576 -0.19668818
v -0.27827394 -0.07112422 -0.21133876
v -0.28520778 -0.06580127 -0.21727145
v -0.28265825 -0.07357408 -0.21552628
v -0.28732300 -0.06969401 -0.22241025
v -0.28808233 -0.06494001 -0.22867374
v -0.29001352 -0.05827367 -0.23381916
v -0.29532173 -0.05045805 -0.23419452
v -0.28568488 -0.03257471 -0.19914547
v -0.31136426 0.07296128 -0.19131140
v -0.28379825 -0.03970873 -0.19915466
v -0.29142565 -0.02676610 -0.19877481
v -0.29118335 -0.03364628 -0.19731106
v -0.28924638 -0.04111107 -0.19636883
v -0.30298564 -0.07964873 -0.20432067
v -0.30321369 -0.07393929 -0.21441711
v -0.29785118 -0.07701630 -0.20167081
v -0.30380818 -0.07174830 -0.22317764
v -0.29356834 -0.07564878 -0.19997858
v -0.31046057 0.05109184 -0.23524715
v -0.31335345 0.06236719 -0.23412693
v -0.28893366 -0.04480017 -0.15305249
v -0.25919753 -0.01641678 0.04569627
v -0.26393780 0.02413339 0.02644680
v -0.10408670 -0.28036100 0.06822417
v -0.10025190 -0.29589486 0.06190689
v -0.23052223 -0.07321341 0.09846008
v -0.21164867 -0.08694920 0.11744197
v -0.10289405 -0.25676873 0.13005148
v -0.09880840 -0.26982045 0.12728024
v -0.09546784 -0.26946843 0.12872283
v -0.09973164 -0.26082259 0.12988618
v -0.09157793 -0.27547491 0.10700679
v -0.09445348 -0.26651937 0.10926776
v -0.09445783 -0.26613465 0.11763852
v -0.09120904 -0.27503604 0.11766654
v -0.11598618 -0.14838585 0.16923368
v -0.13115910 -0.13114147 0.16648424
v -0.14116862 -0.15889001 0.15330355
v -0.12885883 -0.17501231 0.15420161
v -0.10234927 -0.26430625 0.08545160
v -0.10066360 -0.25163680 0.09294555
v -0.09678722 -0.25136372 0.10359307
v -0.09882099 -0.26126337 0.09675625
v -0.10220625 -0.27511123 0.07979500
v -0.09921306 -0.26849312 0.09342104
v -0.10491815 -0.26782349 0.07509700
v -0.10448491 -0.25243312 0.08394977
v -0.13617930 -0.28331921 0.10399261
v -0.12193941 -0.27543330 0.11433332
v -0.12450750 -0.25196630 0.12397388
v -0.13739085 -0.25423902 0.11687745
v -0.10348090 -0.08341835 0.18082151
v -0.11811519 -0.10522513 0.17529538
v -0.10870894 -0.12307724 0.17610709
v -0.09342822 -0.09894899 0.18228842
v -0.07980494 -0.07696366 0.18889174
v -0.08943157 -0.06140966 0.18499112
v -0.07047867 -0.03777991 0.20302905
v -0.07176922 -0.05062221 0.20914139
v -0.06804396 -0.05253666 0.22339547
v -0.06896185 -0.04290903 0.21743977
v -0.06185824 -0.06809335 0.21829270
v -0.07131884 -0.06034655 0.20662770
v -0.04799647 -0.07621510 0.21826153
v -0.04625874 -0.07337263 0.22275633
v -0.06354563 -0.07253222 0.20936453
v -0.06590357 -0.07955216 0.20111951
v -0.05098560 -0.08112554 0.21270950
v -0.04250126 -0.06980242 0.22619793
v -0.05330304 -0.06633794 0.22800994
v -0.05807319 -0.05752961 0.23457213
v -0.01608444 -0.06492746 0.26043898
v -0.02165007 -0.05841875 0.26822060
v -0.03627845 0.06010758 0.20004471
v -0.04838860 0.04469866 0.18971525
v -0.03694732 0.04835803 0.21127875
v -0.04798890 0.03612480 0.19925213
v -0.05412291 -0.04928087 0.24753784
v -0.06168072 -0.04264851 0.24113952
v -0.04549896 -0.04594517 0.26112625
v -0.05027855 -0.03469940 0.26057148
v -0.01143582 0.11708776 0.19733708
v -0.00821660 -0.07852387 0.24301943
v -0.00969239 -0.08197846 0.23954763
v -0.00564606 -0.07490761 0.24996184
v -0.08910619 0.37606806 -0.54278868
v -0.09063521 0.42504582 -0.49868348
v -0.08653564 0.47739139 -0.40604308
v -0.07710553 0.49443313 -0.35657993
v -0.02130629 -0.15893495 0.24293673
v -0.02291319 -0.14502305 0.24474250
v -0.04985929 -0.18945104 0.15752609
v -0.02644723 -0.18468429 0.16732708
v -0.02500824 -0.18576358 0.17997947
v -0.04728132 -0.19188398 0.17011437
v -0.06306761 -0.20164427 0.15633799
v -0.06478143 -0.20112920 0.14205362
v -0.05401640 -0.18822701 0.14821216
v -0.03107867 -0.18255413 0.15788820
v -0.04539401 -0.19519369 0.19052762
v -0.02373262 -0.18902713 0.20206352
v -0.02309161 -0.18310153 0.21661448
v -0.04499250 -0.18977661 0.20288658
v -0.07565710 -0.09654093 0.19475473
v -0.05867901 -0.09229130 0.20746160
v -0.04236992 -0.09176464 0.22072256
v -0.02778139 -0.09225290 0.23078310
v -0.02455527 -0.08465390 0.23183124
v -0.03705543 -0.08276348 0.22321172
v -0.02208839 -0.08035240 0.23327793
v -0.03394832 -0.07862155 0.22555830
v -0.03183907 -0.07538002 0.22828585
v -0.03282665 -0.07025688 0.22906178
v -0.02595625 -0.07019203 0.23468311
v -0.02719014 -0.06640682 0.23386370
v -0.02030596 -0.07662899 0.23598282
v -0.01612529 0.02817163 0.26093113
v -0.01380325 0.04153380 0.25099993
v -0.04500869 -0.14182700 0.23557968
v -0.02467611 -0.13408095 0.24175799
v -0.01700634 -0.11175526 0.23721023
v -0.03645369 -0.11543066 0.23211063
v -0.05782123 -0.12249547 0.22138949
v -0.06641775 -0.15520585 0.22130087
v -0.01135397 -0.08603387 0.23761766
v -0.04570439 -0.15552616 0.23489383
v -0.04566653 -0.16882378 0.22831446
v -0.06684754 -0.16972868 0.21765104
v -0.06567468 -0.18186897 0.20938133
v -0.08371313 -0.17310140 0.20002496
v -0.07923318 -0.13518901 0.20558636
v -0.09897991 -0.15250900 0.18373865
v -0.09511785 -0.19394737 0.17710483
v -0.12068389 -0.23242950 0.13579407
v -0.10815807 -0.25514638 0.12908119
v -0.10694174 -0.24407563 0.13441193
v -0.10555449 -0.23109326 0.14350471
v -0.11914692 -0.21139824 0.14738987
v -0.13204366 -0.22706893 0.13254830
v -0.13154186 -0.20076302 0.14360686
v -0.11330847 -0.18256477 0.16209993
v -0.10187256 -0.21349165 0.15810010
v -0.10284305 -0.24361797 0.13633573
v -0.10000903 -0.25089279 0.13319167
v -0.10106818 -0.23350069 0.14388199
v -0.09867879 -0.23951951 0.14047159
v -0.09848844 -0.22214001 0.15454082
v -0.09547237 -0.22825962 0.15023492
v -0.08946814 -0.21498567 0.16491719
v -0.09264313 -0.20608404 0.17159531
v -0.08992190 -0.23960865 0.13202971
v -0.08449089 -0.22895639 0.14278427
v -0.08483917 -0.22587049 0.15136786
v -0.09086972 -0.23677409 0.13957591
v -0.09290159 -0.25059867 0.12117027
v -0.09385258 -0.24759057 0.13038312
v -0.09214298 -0.24042831 0.11248411
v -0.08661366 -0.22893691 0.12213218
v -0.09615037 -0.25942963 0.11229147
v -0.09593552 -0.25890386 0.11937475
v -0.09617399 -0.25922760 0.12864116
v -0.09571368 -0.24487215 0.13600455
v -0.09273083 -0.23323366 0.14536686
v -0.08664686 -0.22145936 0.15784189
v -0.06358693 -0.19136363 0.19860041
v -0.07989260 -0.19703966 0.18730976
v -0.07742787 -0.20533620 0.17768958
v -0.06184568 -0.19975755 0.18657655
v -0.07529344 -0.21187410 0.16830154
v -0.06895893 -0.20096198 0.13219990
v -0.06169926 -0.20419382 0.17490052
v -0.07878037 -0.21506780 0.12463959
v -0.08424765 -0.21438515 0.11544258
v -0.07585496 -0.21489553 0.13894968
v -0.09622042 -0.24037105 0.10080337
v -0.09065198 -0.22779402 0.11015745
v -0.10148723 -0.23933031 0.09219721
v -0.09622366 -0.22700927 0.10157143
v -0.07485031 -0.21602570 0.15844561
v -0.08224414 -0.18674091 0.19514619
v -0.04506806 -0.17995648 0.21592513
v -0.02314481 -0.17214549 0.23040259
v -0.01716506 -0.00398478 0.28705454
v -0.01789017 0.01328464 0.27337363
v -0.09254240 -0.27286732 0.12589535
v -0.04504554 -0.51758993 -0.04780069
v -0.10405646 -0.27053329 0.12569004
v -0.09921871 -0.28835279 0.07301624
v -0.09659531 -0.28080615 0.08817205
v -0.12843457 -0.32148343 0.09355497
v -0.11100159 -0.34851050 0.09542177
v -0.10471508 -0.33159661 0.10555904
v -0.11810001 -0.30748910 0.10383025
v -0.09135877 -0.31556109 0.12380730
v -0.09901458 -0.28742725 0.12460312
v -0.09376822 -0.28808397 0.12824216
v -0.08528087 -0.31035972 0.13120331
v -0.08083008 -0.30472976 0.13450670
v -0.08946387 -0.28628829 0.12987879
v -0.07049777 -0.29856658 0.11545567
v -0.05073589 -0.30782062 0.11747539
v -0.05319785 -0.31052077 0.09873158
v -0.07215378 -0.30232477 0.09409198
v -0.08897237 -0.28984347 0.08818248
v -0.08472208 -0.28448567 0.10772370
v -0.07390264 -0.30154425 0.12618902
v -0.08359453 -0.28836119 0.11943689
v -0.05765114 -0.31049553 0.13057514
v -0.09003605 -0.50451696 -0.06710380
v -0.08738439 -0.28626609 0.12641308
v -0.07762436 -0.30139291 0.13136125
v -0.06252938 -0.31471530 0.13916396
v -0.06720961 -0.32173884 0.14317909
v -0.07120448 -0.33017629 0.14139500
v -0.07563949 -0.34112662 0.13333915
v -0.08763688 -0.36460644 0.10754690
v -0.09292693 -0.38321283 0.09681752
v -0.05942905 -0.38669947 0.11809491
v -0.06485257 -0.40807638 0.10787756
v -0.05471271 -0.35746020 0.14461981
v -0.05204172 -0.34335586 0.15276924
v -0.04850051 -0.33310246 0.15187845
v -0.04388379 -0.32491961 0.14555542
v -0.01471815 -0.09212462 0.23593064
v -0.02058438 -0.06959610 0.24118902
v -0.01600387 -0.06857114 0.25013053
v -0.02898955 -0.05298294 0.27101648
v -0.00610045 -0.07113417 0.25900117
v -0.03961767 -0.04604327 0.27001184
v -0.03311493 -0.04808288 0.27577657
v -0.03670516 -0.03992210 0.27904367
v -0.04173290 -0.03762259 0.27346447
v -0.02650654 -0.05039353 0.28128234
v -0.03183123 -0.03988720 0.28467968
v -0.00977217 -0.05533906 0.28819892
v -0.01255148 -0.04045375 0.29683658
v -0.01583501 -0.01822215 0.29508433
v -0.01405761 -0.03097130 0.29806808
v -0.03625555 -0.03293719 0.28228906
v -0.04120623 -0.02575153 0.27501291
v -0.04341012 -0.01482720 0.26496053
v -0.05280383 -0.02410101 0.24938545
v -0.04034373 0.51480806 -0.18192852
v -0.03860202 -0.31921756 0.13576031
v -0.03109878 -0.31504452 0.12363975
v -0.06014779 -0.32453310 0.06993013
v -0.05633415 -0.31912369 0.07921831
v -0.03618608 -0.32520455 0.08251648
v -0.04076820 -0.32978907 0.07373992
v -0.01412336 -0.31647351 0.12825219
v -0.01647594 -0.31970528 0.10692219
v -0.03304999 -0.31568873 0.10305895
v -0.01811244 -0.32179737 0.13910240
v -0.02135637 -0.32918313 0.14879459
v -0.02489019 -0.33891159 0.15700766
v -0.01805033 -0.32909879 0.08497576
v -0.02274630 -0.33361050 0.07502437
v -0.09243166 -0.29950356 0.07127731
v -0.09267233 -0.30795431 0.06185121
v -0.07579672 -0.31187496 0.07573263
v -0.07943612 -0.31725383 0.06795236
v -0.03250875 -0.41664439 0.12039790
v -0.02759831 -0.39592972 0.12735617
v -0.03031046 -0.34745818 0.15889841
v -0.02911318 -0.36294952 0.15444058
v -0.08993943 0.45605391 -0.45501101
v -0.24933454 0.30472377 -0.02792397
v -0.24473016 0.27330914 0.00169938
v -0.21642490 0.30367935 0.03436848
v -0.22476718 0.32637608 0.00332427
v -0.25274929 0.33262342 -0.06072073
v -0.22677781 0.35291290 -0.02819173
v -0.15857708 0.48300940 -0.25915697
v -0.16074342 0.48025301 -0.20196050
v -0.08484381 0.50426322 -0.18629970
v -0.13818380 0.48325649 -0.31547937
v -0.18784614 0.45038587 -0.35246423
v -0.19654168 0.46068797 -0.27462435
v -0.19593292 0.45997649 -0.21309374
v -0.11162474 -0.34102944 -0.43550670
v -0.21185042 0.17225787 -0.52899045
v -0.19069178 0.45580098 -0.15787673
v -0.15806751 0.47285855 -0.14680104
v -0.15617198 0.46053573 -0.09718595
v -0.18565015 0.44658908 -0.11112422
v -0.08400128 0.49484226 -0.12876470
v -0.03988785 0.50391710 -0.12151615
v -0.08024105 0.02630199 -0.58160675
v -0.01328656 0.05503500 0.24023353
v -0.19286816 -0.19482589 -0.36756906
v -0.23006465 -0.19615066 -0.29825437
v -0.23943269 -0.40708244 -0.22077699
v -0.28089753 -0.10695802 -0.22430061
v -0.27972555 -0.10402894 -0.22698605
v -0.23752095 -0.25800228 -0.22753310
v -0.24256517 -0.20080340 -0.22986706
v -0.15627697 -0.19052987 -0.41311693
v -0.31410190 -0.06243001 -0.26792422
v -0.31710818 -0.04769087 -0.27189630
v -0.31905365 -0.06636071 -0.26672596
v -0.32182932 -0.05044119 -0.27172339
v -0.32182267 -0.03310137 -0.27401859
v -0.32147011 -0.07353988 -0.26358163
v -0.31282738 0.07061933 -0.22197963
v -0.31936073 0.07638950 -0.21744570
v -0.27837399 -0.11340827 -0.20744038
v -0.27813187 -0.11059032 -0.21403772
v -0.27559745 -0.11202279 -0.21091352
v -0.27498028 -0.11395977 -0.20568436
v -0.27725720 -0.11683515 -0.20131868
v -0.27396405 -0.11625428 -0.20140453
v -0.31043598 0.13908255 -0.19064279
v -0.26800594 -0.11257052 -0.21499401
v -0.27659661 -0.10568649 -0.22510001
v -0.27645308 -0.10826969 -0.21911612
v -0.27462053 -0.11178879 -0.21358296
v -0.27208802 -0.11536520 -0.20556433
v -0.27188364 -0.11903912 -0.19931972
v -0.27459943 -0.12159661 -0.19743225
v -0.32273898 -0.07810507 -0.26478943
v -0.29503551 -0.11841456 -0.21819021
v -0.30869719 0.04596979 -0.24514669
v -0.30863234 0.03862910 -0.25177759
v -0.31747025 0.04465323 -0.25745538
v -0.31702861 0.05280463 -0.25151849
v -0.23847549 -0.04162534 -0.42225236
v -0.24715057 0.00223614 -0.44276994
v -0.05808743 -0.33219266 -0.45327029
v -0.05643655 -0.28059328 -0.45233333
v -0.30268094 0.13044940 -0.38219920
v -0.30866060 0.05181592 -0.23964129
v -0.31745446 0.05934763 -0.24575856
v -0.31773341 -0.03094386 -0.27340382
v -0.30077073 0.05146922 -0.24045488
v -0.30206126 0.04487509 -0.24604867
v -0.32221416 0.06549820 -0.25222877
v -0.32160035 0.05796057 -0.25835302
v -0.32293317 0.04856656 -0.26427764
v -0.30319536 0.03734630 -0.25195780
v -0.31175661 0.06634203 -0.24514304
v -0.31931886 0.25211722 -0.28751892
v -0.31652871 0.22918120 -0.34389487
v -0.30586204 0.31930396 -0.30164307
v -0.30209506 0.29965690 -0.36283907
v -0.28448138 0.27629134 -0.42654443
v -0.29823467 0.20169944 -0.40790072
v -0.31280255 0.07117927 -0.22363138
v -0.32296494 0.08057000 -0.21986589
v -0.25423753 0.35859233 -0.09246329
v -0.27446565 0.33931386 -0.12207899
v -0.22707137 0.37618604 -0.05768057
v -0.22604476 0.39741471 -0.08515827
v -0.25151151 0.38317856 -0.12102743
v -0.28037557 0.35634616 -0.16926958
v -0.31554651 0.21297310 -0.22746414
v -0.31219649 0.27296326 -0.23078007
v -0.30000657 0.28900325 -0.17639446
v -0.29748479 0.33880553 -0.23874725
v -0.26330948 0.39308068 -0.19566894
v -0.27779174 0.37943211 -0.25397107
v -0.23485315 0.42702901 -0.21200305
v -0.24356245 0.41929102 -0.27055961
v -0.24283442 0.40928045 -0.33446181
v -0.28463614 0.36360526 -0.31460857
v -0.24376224 0.40533033 -0.14622176
v -0.21933603 0.41652402 -0.10761788
v -0.22332653 0.43093717 -0.16111466
v -0.21016531 0.43246278 -0.12646718
v -0.29151475 0.29716331 -0.14613301
v -0.25491929 -0.14017990 -0.19716766
v -0.26272756 -0.14220223 -0.17774373
v -0.27971256 -0.10153389 -0.14491872
v -0.27441210 -0.00523814 -0.00175809
v -0.27586907 0.04866770 -0.01323153
v -0.28791359 0.01704836 -0.05273192
v -0.28448108 -0.04606685 -0.04389568
v -0.26910925 0.10390788 -0.02355544
v -0.28493217 0.07601136 -0.06114455
v -0.28387576 0.12727877 -0.07104103
v -0.26796725 0.15691628 -0.02841214
v -0.25009671 0.25510192 -0.48708761
v -0.25922492 0.18848670 -0.47954574
v -0.26151347 0.13714211 -0.47175422
v -0.19174024 0.23643635 0.10020263
v -0.08829822 0.34036967 -0.56762040
v -0.18508658 0.32228881 0.06254442
v -0.21872552 0.33696905 -0.48868519
v -0.16658220 0.36120573 -0.51547748
v -0.28184718 0.34485307 -0.37507978
v -0.26916924 0.32440048 -0.42966309
v -0.23764755 0.29920146 -0.48895809
v -0.25827017 0.07237701 -0.46362478
v -0.18803932 0.43066284 -0.08043838
v -0.22180396 0.09511504 0.07891165
v -0.21938632 0.07629353 0.07654423
v -0.22182997 0.11318453 0.08568116
v -0.21502611 0.05707884 0.08287332
v -0.06228586 0.02981505 0.18151553
v -0.05875554 0.02532684 0.19048068
v -0.06027120 0.01427444 0.19608833
v -0.07195228 0.01386368 0.18233535
v -0.07196581 0.00148482 0.18875824
v -0.04568897 0.01622201 0.22053312
v -0.04829423 0.02592315 0.20770624
v -0.05722421 0.00471400 0.20515412
v -0.05743805 -0.00961263 0.21077602
v -0.04852738 0.00253851 0.22484705
v -0.07532461 -0.06208425 0.19499385
v -0.07976519 -0.04299963 0.18992931
v -0.06847267 -0.02466996 0.19797091
v -0.08695035 -0.01184163 0.18269643
v -0.08362110 -0.02687078 0.18748859
v -0.06966775 -0.01069636 0.19438985
v -0.08800955 0.00293251 0.17598285
v -0.06171291 -0.02430980 0.21690285
v -0.06362335 -0.03447501 0.23103507
v -0.05057270 -0.01142519 0.23526008
v -0.04301288 -0.00414439 0.25157192
v -0.04038334 0.01044362 0.24082436
v -0.07610217 0.02037042 0.17395663
v -0.09432833 0.01154798 0.16838492
v -0.09821223 -0.04396411 0.18397294
v -0.11486293 -0.06231605 0.18086603
v -0.10484884 -0.02555221 0.17851231
v -0.12197457 -0.04101105 0.17580423
v -0.10790443 -0.00751988 0.17137675
v -0.12715566 -0.02171316 0.16856797
v -0.13051306 -0.08474210 0.17574176
v -0.14470024 -0.10861631 0.16665705
v -0.15616494 -0.13991234 0.15237524
v -0.15647797 -0.08430335 0.16394579
v -0.17071627 -0.11348594 0.14965820
v -0.16459493 -0.05713272 0.15903006
v -0.18260570 -0.08571304 0.14569657
v -0.13983624 -0.05981861 0.17157929
v -0.14646563 -0.03807874 0.16498899
v -0.13044839 -0.00256573 0.16073334
v -0.11222862 0.00622801 0.16428937
v -0.16811289 -0.00573278 0.14630601
v -0.16832288 -0.03077847 0.15315065
v -0.14957786 -0.01588039 0.15730335
v -0.15043201 0.00515668 0.14975283
v -0.18881212 -0.05207862 0.14245515
v -0.18736649 -0.01848931 0.13980401
v -0.18291153 0.00570138 0.13456388
v -0.12608267 0.04181165 0.14757247
v -0.10769753 0.04577914 0.15049285
v -0.14073338 0.03889405 0.14365168
v -0.16556107 0.01397414 0.14000505
v -0.15136576 0.01885820 0.14483108
v -0.20026267 0.03495307 0.10745788
v -0.19098574 0.03359107 0.11608306
v -0.16617087 0.03632015 0.13190232
v -0.15407722 0.03716964 0.13812022
v -0.17893012 0.03575652 0.12409559
v -0.08936594 0.05217824 0.15058121
v -0.07185668 0.05995025 0.15017802
v -0.22471109 -0.24870487 -0.28882882
v -0.03656009 0.02470253 0.23438521
v -0.03682963 0.03554489 0.22340521
v -0.05633737 0.12708482 0.16154036
v -0.04678947 0.11549809 0.15998758
v -0.02404238 0.11759486 0.18730555
v -0.07057705 0.14199109 0.16868176
v -0.05873821 0.06963415 0.15001611
v -0.05087899 0.07892574 0.15038297
v -0.04541595 0.09176229 0.15257767
v -0.04460474 0.10378077 0.15519038
v -0.11837713 0.19630280 0.17219219
v -0.10478889 0.17175305 0.17794427
v -0.22876202 0.25291783 0.04088617
v -0.24405007 0.21642864 0.02119077
v -0.20365365 0.17548718 0.11313794
v -0.21480405 0.15483463 0.10160282
v -0.22089149 0.13331309 0.09193110
v -0.25089407 0.16882445 0.00853250
v -0.25401494 0.11960956 0.00723291
v -0.26130873 0.07102911 0.01426167
v -0.19408600 0.36970541 0.00468989
v -0.19312254 0.39211205 -0.02360824
v -0.19220223 0.34578305 0.03382159
v -0.15519600 0.44409734 -0.05912458
v -0.15585777 0.42637992 -0.02532148
v -0.19137487 0.41263682 -0.05161304
v -0.15797974 0.40600270 0.00427404
v -0.15950501 0.38388300 0.03206514
v -0.15747893 0.36060959 0.06058438
v -0.15260261 0.33638737 0.08849780
v -0.14619954 0.30678317 0.11262690
v -0.19064595 -0.24463877 -0.35954469
v -0.02865366 -0.02947346 0.22132979
v -0.02682069 -0.02940217 0.22346975
v -0.02736691 -0.02935450 0.22095597
v -0.02522255 -0.02972927 0.22357181
v -0.02663054 -0.03155727 0.22307190
v -0.02696411 -0.05957017 0.23102868
v -0.02427274 -0.05025495 0.22807913
v -0.02487767 -0.03891753 0.22602627
v -0.27661431 -0.12670498 -0.15474962
v -0.23400550 -0.38830042 -0.27561679
v -0.21884881 -0.37334499 -0.32712871
v 0.22548786 -0.38508230 -0.27398133
v 0.21039349 -0.37023357 -0.32549629
v 0.08540668 -0.52390146 -0.06719770
v 0.13674487 -0.50800443 -0.08823659
v 0.13783056 -0.53852338 -0.09094045
v 0.08672319 -0.55220896 -0.06788946
v 0.23958865 -0.45718208 -0.29509413
v 0.23035544 -0.42103097 -0.28121567
v 0.21615312 -0.40690321 -0.33510929
v 0.22907636 -0.44271433 -0.35372463
v 0.18798733 -0.39963689 -0.38214463
v 0.20045264 -0.43912101 -0.40430793
v 0.15755330 -0.44136482 -0.44248581
v 0.14885870 -0.39513457 -0.41926938
v 0.10112336 -0.39302915 -0.44648039
v 0.10665316 -0.44391298 -0.46683809
v 0.18253906 -0.48586836 -0.12304145
v 0.21520914 -0.46040529 -0.17149183
v 0.21990837 -0.49757859 -0.17685542
v 0.18448606 -0.51918012 -0.12765893
v 0.23315896 -0.43769568 -0.22393200
v 0.23892607 -0.47473988 -0.23585311
v 0.05133460 -0.44460455 -0.47872001
v 0.04835755 -0.38927788 -0.46008828
v 0.09526439 -0.62557626 -0.07170793
v 0.04150341 -0.63340443 -0.06429455
v 0.04123221 -0.59421235 -0.05869206
v 0.09080166 -0.58746672 -0.06928820
v 0.21854179 -0.63513577 -0.14932621
v 0.27259874 -0.60778123 -0.19970757
v 0.29885894 -0.64197785 -0.18870139
v 0.23712090 -0.67445588 -0.13678409
v 0.38533413 -0.63051409 -0.23838988
v 0.42260695 -0.58431715 -0.32373554
v 0.15669450 -0.65384871 -0.10381152
v 0.16559668 -0.69129866 -0.08897398
v -0.00575265 -0.49557167 -0.50843376
v -0.00566434 -0.44376484 -0.48073223
v 0.38167629 -0.56438547 -0.33024859
v 0.37851194 -0.54797667 -0.42509410
v 0.42868066 -0.56905872 -0.42202348
v 0.21201660 -0.63698870 -0.57781106
v 0.21314763 -0.66513234 -0.58942860
v 0.27395311 -0.64413631 -0.58175975
v 0.25688818 -0.61908031 -0.56622523
v 0.29455709 -0.50128722 -0.40192631
v 0.25086871 -0.50465661 -0.46058199
v 0.28321102 -0.53421259 -0.48354086
v 0.33581451 -0.52485096 -0.41862047
v 0.14366245 -0.57390189 -0.54842246
v 0.21570627 -0.55241853 -0.52438509
v 0.19260630 -0.52295470 -0.50125730
v 0.12805097 -0.53229004 -0.52538323
v 0.34304971 -0.54505128 -0.33127692
v 0.30171746 -0.52219844 -0.32472411
v 0.31287745 -0.57867116 -0.26076722
v 0.27986217 -0.54938340 -0.25903544
v 0.24896953 -0.57329690 -0.19917800
v 0.22239399 -0.47478366 -0.43233997
v 0.17287923 -0.48278955 -0.47133538
v 0.11549710 -0.49056101 -0.49571764
v 0.05524222 -0.49488261 -0.50641155
v -0.00376381 -0.69212598 -0.58332634
v -0.00418068 -0.64203334 -0.57470578
v 0.06892083 -0.58760029 -0.55626136
v 0.06176899 -0.54070598 -0.53508759
v 0.34710079 -0.60390639 -0.25500712
v 0.25336790 -0.51365072 -0.25071836
v 0.23222946 -0.53519893 -0.18950646
v 0.25803366 -0.70225686 -0.09705034
v 0.33244276 -0.67628419 -0.16069992
v 0.17797355 -0.72047079 -0.05066783
v 0.10543894 -0.73615777 -0.02410552
v 0.07440743 -0.63681233 -0.57079893
v 0.07267243 -0.68583500 -0.58053076
v 0.14975537 -0.67358536 -0.58467382
v 0.16395409 -0.62227952 -0.57072592
v 0.20258051 -0.59508854 -0.14598754
v 0.15039602 -0.61418217 -0.10054278
v 0.09717892 -0.66423053 -0.07091647
v 0.25538474 -0.47498846 -0.37661278
v 0.26280245 -0.49173132 -0.31118673
v 0.19248684 -0.55496126 -0.13747425
v 0.14218257 -0.57477909 -0.09699614
v 0.03929455 -0.56029946 -0.05397727
v 0.10018289 -0.70164025 -0.05500016
v 0.38450772 -0.58488041 -0.50692552
v 0.33164877 -0.61586964 -0.55686688
v 0.30288520 -0.60269445 -0.54718345
v -0.00495875 -0.59122163 -0.56046498
v -0.00496878 -0.59706485 -0.05561481
v -0.00586704 -0.63841152 -0.06277196
v -0.00350072 -0.56286514 -0.04768982
v 0.32088226 -0.56807894 -0.50874645
v 0.23917606 -0.58930802 -0.54712403
v -0.00290323 -0.53788632 -0.04183365
v -0.00583653 -0.38683456 -0.46362105
v -0.00595068 -0.68344271 -0.06895597
v -0.00529846 -0.72794795 -0.05692654
v -0.00433943 -0.76285750 -0.02219925
v 0.03933388 -0.53468198 -0.05045927
v 0.04446359 -0.71859080 -0.05275489
v 0.04297497 -0.67640924 -0.06627882
v 0.04691031 -0.75469595 -0.02152203
v -0.00487966 -0.54450148 -0.53806156
v -0.08989228 -0.52445364 -0.06758219
v -0.14091118 -0.50837231 -0.08954953
v -0.14334437 -0.53877568 -0.09164664
v -0.09254610 -0.55212677 -0.06821590
v -0.24741167 -0.46129203 -0.29660940
v -0.23922393 -0.42478213 -0.28283340
v -0.22500156 -0.41030779 -0.33642033
v -0.23748823 -0.44653153 -0.35472548
v -0.19747195 -0.40289286 -0.38287073
v -0.20973076 -0.44227111 -0.40484452
v -0.16722682 -0.44387034 -0.44292861
v -0.15887794 -0.39774534 -0.41973737
v -0.11149883 -0.39494351 -0.44676128
v -0.11670956 -0.44579256 -0.46707568
v -0.18868266 -0.48749629 -0.12352880
v -0.22179021 -0.46367928 -0.17246601
v -0.22567621 -0.49948329 -0.17758997
v -0.19064324 -0.52015686 -0.12803572
v -0.24159250 -0.44227996 -0.22514422
v -0.24572697 -0.47927961 -0.23697989
v -0.06174920 -0.44562778 -0.47867492
v -0.05943469 -0.39029762 -0.46022338
v -0.10398281 -0.62538254 -0.07204930
v -0.05185618 -0.63411522 -0.06578951
v -0.04898140 -0.59372485 -0.05928503
v -0.09849179 -0.58705330 -0.06970791
v -0.22243069 -0.63866508 -0.15281847
v -0.27605626 -0.61273581 -0.20394485
v -0.30220944 -0.64607191 -0.19285263
v -0.24295203 -0.67582387 -0.13679355
v -0.38916185 -0.63486266 -0.24297298
v -0.42710981 -0.58833283 -0.32705718
v -0.16431014 -0.65485692 -0.10353966
v -0.17426352 -0.69275564 -0.08832151
v -0.38723698 -0.56796277 -0.33293399
v -0.38549840 -0.55091161 -0.42675966
v -0.43483138 -0.57125092 -0.42568609
v -0.22029212 -0.63883519 -0.57873213
v -0.22149205 -0.66682351 -0.59024793
v -0.28125277 -0.64545876 -0.58381760
v -0.26497784 -0.62077922 -0.56763798
v -0.30282432 -0.50438720 -0.40267354
v -0.25991282 -0.51075006 -0.46084705
v -0.29150626 -0.53701675 -0.48426077
v -0.34326828 -0.52792841 -0.41951957
v -0.15266395 -0.57529080 -0.54918820
v -0.22430147 -0.55451876 -0.52538460
v -0.20143576 -0.51995033 -0.50159907
v -0.13718043 -0.53355461 -0.52573729
v -0.34923396 -0.54869878 -0.33248961
v -0.30773130 -0.52601439 -0.32581809
v -0.31804821 -0.58303791 -0.26320687
v -0.28531480 -0.55383354 -0.26144660
v -0.25302181 -0.57758254 -0.20254697
v -0.23112892 -0.47766867 -0.43286124
v -0.18230374 -0.48500851 -0.47164500
v -0.12553544 -0.49195910 -0.49562564
v -0.06538495 -0.50224245 -0.50661290
v -0.07846579 -0.58872533 -0.55569845
v -0.07275783 -0.53979355 -0.53839362
v -0.35164702 -0.60851723 -0.25807208
v -0.25906086 -0.51830745 -0.25198150
v -0.23744687 -0.53748965 -0.19107488
v -0.26504338 -0.70461905 -0.09644786
v -0.33746782 -0.67952734 -0.16291195
v -0.18673111 -0.72217566 -0.05026687
v -0.11483981 -0.73648977 -0.02267164
v -0.08446157 -0.63722759 -0.57099319
v -0.08110128 -0.68621784 -0.58065534
v -0.15663972 -0.67575073 -0.58539844
v -0.17241411 -0.62390977 -0.57149851
v -0.20795542 -0.59734815 -0.14868338
v -0.15771456 -0.61517656 -0.10089928
v -0.10706749 -0.66496778 -0.07150856
v -0.26362994 -0.47852683 -0.37743074
v -0.27002910 -0.49589643 -0.31280181
v -0.19897774 -0.55602205 -0.13842277
v -0.14923392 -0.57531404 -0.09742732
v -0.04677413 -0.56021434 -0.05424325
v -0.11056923 -0.70185655 -0.05359983
v -0.39100552 -0.58882403 -0.50752228
v -0.33883929 -0.61874330 -0.55781323
v -0.31057304 -0.60543573 -0.54772806
v -0.32842511 -0.57116330 -0.50963348
v -0.24719785 -0.59178501 -0.54784465
v -0.04510566 -0.53470713 -0.05048806
v -0.05492437 -0.71913910 -0.05237759
v -0.05385744 -0.67760402 -0.06766076
v -0.05532722 -0.75473934 -0.02067664
v -0.02892931 -0.03201196 0.22136621
v -0.27741936 -0.14343497 -0.07180642
v -0.27265036 -0.17051581 -0.10339654
v -0.25917274 -0.21662675 -0.08229025
v -0.26519442 -0.18622860 -0.04929279
v -0.23655161 -0.26037705 -0.06254431
v -0.24864925 -0.22343227 -0.03333034
v -0.21148203 -0.30028626 -0.03868165
v -0.22768560 -0.25957289 -0.01631861
v -0.19427939 -0.33784318 -0.01390057
v -0.20781291 -0.29233348 0.00493101
v -0.14269929 -0.39820731 0.03656783
v -0.13676721 -0.41905278 0.01993942
v -0.10832959 -0.44655332 0.03333846
v -0.10905449 -0.43739372 0.05250131
v -0.07561036 -0.47244027 0.04800091
v -0.07742546 -0.46621668 0.06808972
v -0.04063579 -0.48876113 0.05799478
v -0.04092945 -0.48386455 0.08024137
v -0.00015281 -0.49527019 0.06525311
v -0.00013478 -0.48772109 0.08937732
v -0.00027176 -0.45852068 0.11680861
v -0.03662227 -0.46084180 0.11028612
v -0.03937854 -0.47474331 0.09814947
v -0.00028745 -0.47775963 0.10440256
v -0.06982093 -0.44789791 0.09842835
v -0.07583463 -0.45835501 0.08597899
v -0.09892114 -0.42014948 0.08395176
v -0.10585648 -0.42881212 0.07078695
v -0.12674834 -0.38279754 0.07243367
v -0.13452424 -0.39091235 0.05790009
v -0.14742291 -0.34829247 0.06954814
v -0.16116495 -0.34260559 0.05549468
v -0.03844791 -0.48675010 0.03328736
v -0.00019359 -0.49358001 0.03961623
v -0.07212353 -0.47318172 0.02574919
v -0.10243998 -0.45277077 0.01433170
v -0.12763235 -0.43427256 0.00031765
v -0.17309391 -0.37533104 0.00786962
v -0.15525307 -0.40973860 -0.01154581
v -0.18397170 -0.37276596 -0.02752388
v -0.20138618 -0.33246431 -0.05349778
v -0.22735967 -0.28675202 -0.08387974
v -0.25277233 -0.23569477 -0.11069719
v -0.26568058 -0.18350545 -0.13211730
v -0.27561286 -0.13737483 -0.11946418
v -0.06205999 -0.43532711 0.10635562
v -0.03446388 -0.44028869 0.11668772
v -0.08794371 -0.41147232 0.09506619
v -0.11593814 -0.37094966 0.08593673
v -0.13886869 -0.33620843 0.08186737
v -0.15329652 -0.25598866 0.10661013
v -0.14967291 -0.29281980 0.09279671
v -0.14736505 -0.19016503 0.13809595
v -0.14790112 -0.22288407 0.12497591
v -0.18093523 -0.15164387 0.12911174
v -0.18646573 -0.19393277 0.10615033
v -0.16737539 -0.21707600 0.11355834
v -0.16399270 -0.17450412 0.13381001
v -0.19649473 -0.12194306 0.12397832
v -0.20440838 -0.16942087 0.09814531
v -0.03734047 -0.48489293 0.01450285
v -0.00025651 -0.48988110 0.01691617
v -0.06661377 -0.47538695 0.00644019
v -0.09153129 -0.46003664 -0.00235081
v -0.11071540 -0.44598275 -0.01326650
v -0.13095000 -0.43065590 -0.02652221
v -0.15517724 -0.40550530 -0.04141632
v -0.18631147 -0.36954364 -0.06545985
v -0.21790044 -0.32092148 -0.10086574
v -0.24666286 -0.25596023 -0.13350183
v -0.25675610 -0.19976749 -0.15723541
v -0.09671425 -0.45221269 -0.03465224
v -0.07955247 -0.46185955 -0.02862059
v -0.06432620 -0.47367749 -0.02767412
v -0.05132068 -0.48148510 -0.02205715
v -0.02979564 -0.48642951 -0.02287926
v -0.00024335 -0.48866731 -0.02007586
v -0.02731234 -0.47985396 -0.02979080
v 0.00022420 -0.48438931 -0.02960113
v -0.03836642 -0.47909871 -0.02960707
v 0.00003450 -0.48582396 -0.02867801
v -0.04796321 -0.48022547 -0.03173648
v -0.00056777 -0.48867247 -0.02628528
v -0.16179608 -0.30804989 0.07599799
v -0.17899649 -0.29178429 0.06342225
v -0.18683943 -0.24144357 0.08229783
v -0.20496866 -0.21828982 0.07197087
v -0.19797328 -0.27091947 0.04755400
v -0.16928232 -0.26357841 0.08981417
v -0.21935330 -0.24384539 0.02894092
v -0.22482049 -0.19299933 0.05753317
v -0.22239293 -0.14127441 0.08886310
v -0.24204524 -0.16542202 0.04426528
v -0.23809597 -0.21500756 0.01159209
v -0.23891242 -0.11913920 0.07517408
v -0.25131366 -0.09834734 0.06022703
v -0.25527078 -0.14033970 0.02997465
v -0.25425956 -0.18301967 -0.00194546
v -0.18155670 -0.33211565 0.02958306
v -0.26775509 -0.15147333 -0.01877572
v -0.25991753 -0.07659889 0.04297503
v -0.26537198 -0.11301908 0.01397856
v -0.26734501 -0.04851119 0.02112191
v -0.27427539 -0.08294871 -0.00783306
v -0.28079858 -0.11165823 -0.04442516
v -0.28171486 -0.10476080 -0.10232577
v -0.00057489 -0.43688822 0.12241882
v -0.25561115 -0.13359424 -0.21404113
v -0.09141791 -0.12616234 0.18890393
v -0.06956135 -0.11270542 0.20727590
v -0.04939062 -0.10578255 0.22128554
v -0.03136238 -0.10283183 0.23126118
v -0.01488133 -0.10114634 0.23648423
v -0.00168975 -0.50589925 -0.03317254
v 0.00197957 0.16397868 0.20009746
v -0.00144031 -0.48992029 -0.02682630
v -0.00085518 -0.33522332 0.07662599
v 0.00130491 0.50785053 -0.11688246
v -0.00063114 -0.41538483 0.12679482
v -0.00039370 -0.32977271 0.08831724
v 0.00097929 0.01336669 0.28239548
v -0.00062307 -0.40025920 0.12983018
v -0.00000525 -0.35355133 0.16204989
v 0.00006904 -0.32964349 0.14681840
v 0.00210732 0.31094149 0.15979886
v 0.00038880 -0.33874720 0.15648082
v -0.00007379 -0.09378347 0.23799604
v 0.00119044 -0.00360072 0.29453915
v -0.00025869 -0.32169926 0.13755667
v -0.00536074 -0.18202621 -0.47069111
v -0.00039799 -0.37226629 0.15288606
v -0.00009061 -0.32192862 0.10887165
v -0.00034908 -0.31675509 0.12981817
v 0.00089884 -0.18084125 0.16179942
v 0.00061111 -0.10513458 0.23817509
v 0.00223620 0.08223328 0.22465639
v -0.00467943 -0.02884898 -0.56622797
v 0.00165495 0.07204219 0.23371406
v 0.00157063 0.40733758 0.08750349
v 0.00219066 0.34838662 0.14008810
v 0.00087012 0.03199785 0.26812863
v -0.00215798 0.22145350 -0.61859316
v -0.00158022 0.28759250 -0.60652226
v 0.00175655 0.24112274 0.18336499
v 0.00097527 0.50122696 -0.37023541
v 0.00117318 -0.01893572 0.30167815
v -0.00021082 -0.07314018 0.25754952
v 0.00128046 0.47492549 -0.01660961
v -0.00349931 0.08419999 -0.60855341
v 0.00026868 0.46398228 -0.46771514
v 0.00039049 -0.17867576 0.22467303
v 0.00131917 0.49288332 -0.06443172
v 0.00053146 -0.18572594 0.20806572
v 0.00056756 -0.05837728 0.28883496
v -0.00415672 0.02138801 -0.59137225
v -0.00289641 0.13927928 -0.61653501
v 0.00024513 -0.13513236 0.24453753
v 0.00081665 -0.11627359 0.23931961
v 0.00063300 0.48618948 -0.42080119
v 0.00212386 0.18592440 0.19789760
v 0.00001189 -0.14932331 0.24739517
v 0.00264970 0.11669115 0.20303454
v 0.00015142 -0.15911449 0.24560590
v -0.00219955 -0.52156371 -0.03860845
v -0.00060388 0.38328519 -0.55554157
v 0.00023764 -0.16818409 0.23784032
v 0.00057585 -0.18545014 0.18566081
v 0.00111221 0.04811869 0.25463310
v 0.00067695 -0.18390210 0.17158742
v 0.00186442 0.27477610 0.17277642
v -0.00043777 -0.08220027 0.24248900
v -0.00034709 -0.07954624 0.24592440
v 0.00244898 0.10747241 0.20644462
v 0.00167816 0.38028166 0.11497010
v 0.00283132 0.12594315 0.20170172
v -0.00023932 -0.08574785 0.23994276
v -0.00103388 0.34624559 -0.58099091
v 0.00125804 0.51967782 -0.30065921
v 0.00130031 0.52355343 -0.24826324
v 0.00230119 0.09454627 0.21491851
v 0.00126185 0.06107824 0.24320173
v -0.00521445 -0.22119208 -0.46391481
v 0.00101113 -0.04377253 0.30044633
v 0.00110942 -0.03292708 0.30336681
v 0.00131184 0.45383912 0.02451604
v -0.00491563 -0.06662313 -0.54526770
v 0.00130981 0.52095717 -0.17939091
v 0.00139374 0.43134964 0.05801449
v -0.00521995 -0.13612147 -0.49801147
v -0.00503212 -0.09719510 -0.52770180
v 0.00031207 -0.06392071 0.28023881
v 0.00226339 0.13696641 0.20011759
v -0.00001422 -0.06925715 0.26808369
v -0.00011623 0.43378910 -0.51089120
v -0.00027320 -0.07650939 0.25048873
v 0.02720054 -0.03255741 0.22178574
v 0.27381262 -0.14025632 -0.06672291
v 0.26580843 -0.16627784 -0.09893916
v 0.25342306 -0.21366304 -0.07754671
v 0.26214322 -0.18413216 -0.04423542
v 0.23336193 -0.25839064 -0.05848633
v 0.24654335 -0.22175556 -0.02890201
v 0.20793934 -0.29859003 -0.03635555
v 0.22550400 -0.25783163 -0.01294392
v -0.01653207 -0.05833345 0.27994078
v -0.01326880 -0.06417944 0.27040318
v 0.19163252 -0.33598685 -0.01231726
v 0.20564789 -0.29055783 0.00718477
v -0.05958544 0.08518413 0.13969797
v -0.03291293 -0.07248306 0.22900799
v -0.02847237 0.02072825 0.25376546
v -0.05487552 0.08581413 0.14331417
v 0.14159626 -0.39613536 0.03697582
v 0.13568836 -0.41705483 0.02047571
v 0.10705224 -0.44404808 0.03357582
v 0.10723022 -0.43503097 0.05267419
v -0.04421394 -0.07120699 0.22547235
v 0.07444175 -0.47070032 0.04810388
v 0.07595780 -0.46459761 0.06833646
v 0.04000432 -0.48843509 0.05814417
v 0.04024862 -0.48338044 0.08079713
v -0.02569806 0.04718140 0.23257565
v -0.03398881 0.08202854 0.17852244
v 0.03578262 -0.46097523 0.11203655
v 0.03846122 -0.47457781 0.09937186
v -0.02620167 0.03413000 0.24353524
v -0.06285672 -0.05611514 0.22979464
v -0.05716209 -0.06679908 0.22443888
v -0.02614302 -0.03114818 0.29129922
v -0.02948389 -0.02042262 0.28687459
v 0.06869063 -0.44734427 0.09988479
v -0.02946713 -0.04479704 0.28389895
v -0.01860882 -0.05278796 0.28561947
v 0.07404867 -0.45711768 0.08697964
v -0.06525663 0.08393486 0.13959001
v -0.10562263 0.08692101 0.11983102
v -0.02324032 -0.03953971 0.29146281
v -0.01097068 -0.04884135 0.29321259
v -0.07753686 0.08624438 0.13363719
v -0.06282075 0.08461538 0.13900837
v -0.04831198 -0.04069941 0.26146916
v -0.02861978 0.07816716 0.19566609
v 0.09757645 -0.41917828 0.08534111
v 0.10352792 -0.42722893 0.07131308
v 0.12551922 -0.38161135 0.07394136
v 0.13304856 -0.38932714 0.05876356
v -0.05758159 -0.04598681 0.24551700
v 0.14640731 -0.34722382 0.07145549
v 0.16000639 -0.34110460 0.05697543
v 0.03825495 -0.48547006 0.03335042
v -0.06805974 0.08428258 0.13971475
v -0.07098623 0.08468430 0.13941263
v -0.03256078 0.00504788 0.26354656
v 0.07121416 -0.47047415 0.02572192
v 0.10115032 -0.44947070 0.01436084
v 0.12678279 -0.43130934 0.00067677
v 0.17225216 -0.37414885 0.00881292
v -0.08794790 0.08625727 0.13138843
v -0.01111962 -0.07202895 0.25013000
v -0.04124268 -0.04203080 0.27153760
v -0.03531948 -0.04354227 0.27841827
v -0.01495225 -0.07362539 0.24220212
v 0.15408944 -0.40767455 -0.01135409
v 0.18184254 -0.37032503 -0.02707220
v -0.04731448 0.08523360 0.15142612
v 0.19676505 -0.32975754 -0.05297476
v -0.02628002 0.07001651 0.21135266
v -0.02375276 0.06045222 0.22461736
v 0.22323926 -0.28376973 -0.08172421
v 0.24603337 -0.23159847 -0.10727067
v -0.01143726 -0.06823713 0.26011315
v 0.25826499 -0.17883337 -0.12840283
v 0.27042660 -0.13365164 -0.11440229
v 0.06106600 -0.43513417 0.10823892
v 0.03357822 -0.44041705 0.11870081
v 0.08685487 -0.41088364 0.09705298
v -0.03158658 -0.00736353 0.27771616
v 0.11492180 -0.37007725 0.08828879
v 0.13835843 -0.33589453 0.08433944
v 0.15318550 -0.25564119 0.10972878
v -0.02405018 -0.07258715 0.23530068
v 0.14931011 -0.29279408 0.09581971
v 0.14794508 -0.18962714 0.14144082
v 0.14828093 -0.22242615 0.12795544
v 0.18096581 -0.15074593 0.13222839
v 0.18635720 -0.19268706 0.10880510
v 0.16724749 -0.21584645 0.11607027
v 0.00079427 -0.05177749 0.29545519
v -0.02069689 -0.04668321 0.28934613
v 0.16437601 -0.17354760 0.13715744
v 0.19669457 -0.12121927 0.12734868
v 0.20429321 -0.16888300 0.10164493
v 0.03729059 -0.48322839 0.01459104
v -0.12014280 0.14244543 0.15868929
v -0.11799594 0.13321275 0.15373367
v 0.06600918 -0.47267520 0.00652283
v 0.09035188 -0.45707032 -0.00247068
v 0.10895381 -0.44304350 -0.01357058
v 0.12948379 -0.42804858 -0.02709328
v 0.15352313 -0.40337947 -0.04156411
v 0.18210208 -0.36741924 -0.06514121
v -0.08648288 0.15555869 0.17440106
v -0.01587750 0.15227915 0.19649518
v -0.03743943 0.15405799 0.18944480
v 0.21362831 -0.31830338 -0.09965901
v -0.12120645 0.11483986 0.14952369
v -0.12120135 0.10560700 0.14342758
v -0.11593733 0.12579800 0.14865930
v -0.11944450 0.10793888 0.14925012
v -0.12217518 0.11108462 0.15153871
v 0.24059841 -0.25228795 -0.13078792
v -0.11379638 0.12148598 0.14693804
v 0.24819113 -0.19444974 -0.15342785
v -0.11331355 0.11998279 0.14685664
v 0.09452350 -0.44965857 -0.03693009
v -0.11104438 0.15325712 0.16587524
v 0.07779074 -0.45932361 -0.03024572
v 0.06373603 -0.47144437 -0.02830242
v -0.11671516 0.11774694 0.14732976
v -0.12419827 0.10235507 0.13602298
v 0.05113690 -0.47952220 -0.02221488
v -0.12756786 0.09590524 0.12182447
v 0.02959879 -0.48554161 -0.02299701
v 0.00219483 0.14959139 0.20001501
v -0.08408162 0.19574052 0.18410821
v -0.20860398 0.19045219 0.09798776
v 0.02705785 -0.47910184 -0.03041533
v -0.21896602 0.16767208 0.08872148
v 0.03736592 -0.47747535 -0.03102251
v -0.19394763 0.01763210 0.12185715
v -0.20622925 0.01914684 0.11089885
v -0.07263370 0.17078282 0.18607774
v 0.04684875 -0.47866693 -0.03280192
v 0.16067870 -0.30742493 0.07794291
v 0.17732079 -0.29033279 0.06504150
v 0.18583435 -0.23993139 0.08449776
v 0.20439161 -0.21723430 0.07478288
v -0.10577223 0.28203866 0.14938812
v -0.12185194 0.45497212 -0.04374633
v -0.09906238 0.25083148 0.16306125
v -0.15800752 0.21615562 0.14124763
v 0.19641294 -0.26949939 0.04972999
v -0.12240878 0.43665352 -0.00679606
v 0.16842732 -0.26252341 0.09211791
v 0.21777631 -0.24283871 0.03238031
v 0.22395034 -0.19244573 0.06165069
v 0.22251755 -0.14059427 0.09291311
v 0.24049829 -0.16418520 0.04873705
v -0.18887921 0.20857456 0.11646298
v 0.23634160 -0.21416916 0.01601016
v -0.22374842 0.04545858 0.07877971
v -0.02540795 0.21712647 0.18966554
v -0.22715516 0.06895215 0.06885742
v 0.23809612 -0.11805694 0.07966591
v -0.05785883 0.22078151 0.18537447
v -0.10781274 0.49651605 -0.29457664
v 0.24986689 -0.09613334 0.06472424
v 0.25317916 -0.13866258 0.03467043
v 0.25249088 -0.18148965 0.00271985
v 0.18037924 -0.33022690 0.03071493
v -0.05041043 0.14119963 0.17740151
v 0.26572099 -0.14959586 -0.01372805
v -0.15335341 0.02839322 0.14086604
v -0.16482185 0.02697802 0.13550821
v 0.25791407 -0.07410757 0.04758453
v -0.12325159 0.49537280 -0.24934202
v -0.22045946 0.03290433 0.08852419
v -0.11642435 0.34541255 0.10815962
v -0.03448248 0.11643447 0.17420010
v -0.04186126 0.12730424 0.17289683
v -0.12021258 0.37151751 0.08180781
v 0.26302049 -0.11033270 0.01855819
v 0.26516840 -0.04588467 0.02588650
v 0.27174789 -0.08010398 -0.00301603
v -0.12185429 0.39517483 0.05387886
v 0.27838889 -0.10873380 -0.03921593
v 0.27748680 -0.10152409 -0.09666155
v -0.12306290 0.47124645 -0.08643086
v -0.08648629 0.04567619 0.15388277
v 0.25009617 -0.12908232 -0.20933266
v 0.09081186 -0.12734412 0.19033335
v 0.06869986 -0.11407155 0.20829600
v -0.22613648 0.14167267 0.08015938
v -0.22804503 0.11612732 0.07556140
v -0.12569124 0.49292272 -0.19375944
v -0.12427022 0.03472424 0.15021445
v -0.22873299 0.09295503 0.06913885
v -0.06068637 0.50448453 -0.32686281
v 0.04854000 -0.10657077 0.22260857
v -0.21466592 0.02421926 0.09984887
v 0.03095639 -0.10297343 0.23278302
v 0.01491983 -0.10122930 0.23769887
v -0.12653556 0.22087429 0.16094249
v -0.13966690 0.03117684 0.14610538
v -0.03448888 0.10449244 0.17019138
v -0.06837460 0.05435473 0.15494506
v -0.05436874 0.06557418 0.15695702
v -0.12232161 0.41675186 0.02512441
v -0.04527498 0.07632107 0.16033061
v -0.03655958 0.09176818 0.16668779
v -0.10560081 0.03923838 0.15302685
v -0.11134181 0.31350359 0.13115916
v -0.12391242 0.48405454 -0.13747808
v -0.17807408 0.02324820 0.12961335
v 0.00115034 0.50925374 -0.33814943
v 0.00172212 0.21126512 0.19218715
v -0.04025808 0.08371702 0.16377035
v -0.06106234 0.15463717 0.18256035
v -0.09247315 0.22194134 0.17624046
v -0.00043776 -0.38752010 0.13786365
v -0.10636102 -0.20163007 0.16221161
v -0.11083916 -0.22210445 0.14680481
v -0.11197364 -0.26702011 0.12350260
v -0.08317653 -0.15568501 0.20364790
v -0.09686001 -0.17748475 0.18181588
v -0.08022911 -0.35325503 0.12174830
v -0.11224978 -0.23861496 0.13581327
v -0.05666095 -0.37145495 0.13163832
v -0.11477810 -0.25062448 0.12889084
v -0.02923784 -0.37854838 0.14065395
v 0.00061205 -0.12455913 0.24178730
v -0.04143801 -0.12826088 0.23385005
v -0.01804594 -0.12328991 0.23995981
v -0.06370431 -0.13914485 0.22192986
v -0.10642324 -0.29558578 0.11694334
v -0.09590510 -0.33059394 0.11460220
v 0.01686091 -0.05866371 0.28014246
v 0.01287917 -0.06428365 0.27024779
v 0.06038548 0.08539614 0.14344090
v 0.03179891 -0.07368309 0.23001954
v 0.02929519 0.02081618 0.25458458
v 0.05581844 0.08590802 0.14605111
v 0.04319807 -0.07263409 0.22659561
v 0.02702142 0.04743359 0.23380032
v 0.03480766 0.08183867 0.17983876
v 0.02731233 0.03419336 0.24452496
v 0.06153381 -0.05724237 0.23126310
v 0.05572730 -0.06835628 0.22598840
v 0.02712344 -0.03102906 0.29236805
v 0.03029625 -0.02001948 0.28788325
v 0.02983740 -0.04496254 0.28432804
v 0.01944071 -0.05319984 0.28609815
v 0.06620899 0.08376171 0.14415091
v 0.10777114 0.08694463 0.12439023
v 0.02433542 -0.03968236 0.29234719
v 0.01256436 -0.04942602 0.29399210
v 0.07971575 0.08558504 0.13818699
v 0.06360583 0.08469288 0.14349291
v 0.04733608 -0.04120402 0.26219702
v 0.03006744 0.07811715 0.19688542
v 0.05651975 -0.04694117 0.24674654
v 0.06928381 0.08418774 0.14416721
v 0.07252142 0.08487333 0.14385657
v 0.03297672 0.00528567 0.26414779
v 0.09001718 0.08481652 0.13611434
v 0.01025216 -0.07214916 0.25029472
v 0.04069743 -0.04237350 0.27195320
v 0.03513294 -0.04369343 0.27869627
v 0.01386324 -0.07428464 0.24303761
v 0.04810822 0.08503564 0.15327206
v 0.02811871 0.07024854 0.21234766
v 0.02565943 0.06076267 0.22581218
v 0.01063239 -0.06825543 0.25992623
v 0.03210333 -0.00710793 0.27836445
v 0.02290206 -0.07372361 0.23657112
v 0.02176626 -0.04703408 0.29004118
v 0.12327758 0.14296728 0.16276599
v 0.12095346 0.13322008 0.15841505
v 0.08985961 0.15600266 0.17801550
v 0.02005007 0.15196243 0.19727007
v 0.04107277 0.15423304 0.19142032
v 0.12380408 0.11455243 0.15475473
v 0.12258744 0.10560198 0.14674062
v 0.11896829 0.12494595 0.15437372
v 0.12162270 0.10810103 0.15378973
v 0.12483261 0.11156543 0.15586881
v 0.11688420 0.12052665 0.15258184
v 0.11627915 0.11974019 0.15227112
v 0.11437517 0.15306948 0.16963176
v 0.11940815 0.11763534 0.15256278
v 0.12597837 0.10341532 0.13904211
v 0.12963930 0.09725026 0.12517218
v 0.08769333 0.19630635 0.18838754
v 0.21098638 0.19289817 0.09842242
v 0.22044258 0.17022371 0.08885769
v 0.19525291 0.01841290 0.12620391
v 0.20714134 0.02027266 0.11496020
v 0.07621215 0.17184372 0.19015402
v 0.10823888 0.28319070 0.15107296
v 0.12392093 0.45559976 -0.04394733
v 0.10175171 0.25152811 0.16523401
v 0.16101858 0.21698716 0.14439113
v 0.12430034 0.43696630 -0.00701985
v 0.19178329 0.21020903 0.11834314
v 0.22569725 0.04788059 0.08246972
v 0.02900931 0.21746768 0.19082780
v 0.23007007 0.07133507 0.07284766
v 0.06148656 0.22129779 0.18781155
v 0.10992394 0.49700007 -0.29503712
v 0.05339117 0.14127648 0.17995453
v 0.15542069 0.02890912 0.14575508
v 0.16676989 0.02752471 0.14029428
v 0.12558158 0.49612722 -0.24980615
v 0.22162414 0.03463508 0.09230147
v 0.11932315 0.34598368 0.10830871
v 0.03714994 0.11668725 0.17558156
v 0.04442871 0.12738666 0.17476979
v 0.12206316 0.37057579 0.08241340
v 0.12362686 0.39447847 0.05407355
v 0.12532251 0.47214159 -0.08690478
v 0.08730404 0.04516174 0.15674494
v 0.22705716 0.14365643 0.08119100
v 0.22974046 0.11796346 0.07845455
v 0.12808345 0.49385682 -0.19423382
v 0.12564784 0.03462476 0.15436207
v 0.23105022 0.09518744 0.07254115
v 0.06281446 0.50456578 -0.32717556
v 0.21578702 0.02565056 0.10358337
v 0.12959160 0.22139348 0.16413726
v 0.14139956 0.03138370 0.15068136
v 0.03606683 0.10471603 0.17136224
v 0.06878562 0.05381779 0.15761600
v 0.05512915 0.06489419 0.15953647
v 0.12409760 0.41658565 0.02501285
v 0.04597399 0.07569601 0.16217107
v 0.03735955 0.09175538 0.16795897
v 0.10630652 0.03894657 0.15656486
v 0.11424462 0.31468973 0.13225815
v 0.12629266 0.48503816 -0.13800187
v 0.17967644 0.02373805 0.13411361
v 0.04083287 0.08339341 0.16533720
v 0.06455042 0.15550378 0.18568201
v 0.09587141 0.22257413 0.17911978
v 0.10608181 -0.20238683 0.16355005
v 0.11082257 -0.22280297 0.14872825
v 0.11193623 -0.26697505 0.12569630
v 0.08233929 -0.15694186 0.20441970
v 0.09624288 -0.17836030 0.18276292
v 0.07763783 -0.35106200 0.12378662
v 0.11197197 -0.23925997 0.13853896
v 0.05491157 -0.36983815 0.13379496
v 0.11482812 -0.25100911 0.13122931
v 0.02790528 -0.37804917 0.14270192
v 0.04116820 -0.12890239 0.23584278
v 0.01837347 -0.12334996 0.24201909
v 0.06288260 -0.14025842 0.22320503
v 0.10547413 -0.29528707 0.11928976
v 0.09375277 -0.32901591 0.11654881
v 0.13145591 0.08890314 0.10942862
v -0.12902312 0.08759956 0.10517892
v 0.12036613 0.08559048 0.15152679
v 0.11410140 0.08559214 0.14962596
v 0.10832379 0.08559369 0.14654434
v 0.10347760 0.08559498 0.14255953
v 0.12049368 0.08686289 0.15152600
v 0.11434454 0.08809289 0.14962675
v 0.10867855 0.08922276 0.14654641
v 0.10393006 0.09017147 0.14255483
v 0.12086160 0.08809096 0.15152715
v 0.11507265 0.09049312 0.14962643
v 0.10973543 0.09271085 0.14654419
v 0.10525803 0.09456713 0.14255621
v 0.12146194 0.08921862 0.15152806
v 0.11625318 0.09270848 0.14962986
v 0.11144865 0.09592559 0.14654557
v 0.10742027 0.09862117 0.14255604
v 0.12227494 0.09020577 0.15152578
v 0.11784347 0.09464642 0.14962484
v 0.11375540 0.09874272 0.14654522
v 0.11032718 0.10217766 0.14256082
v 0.12326004 0.09102005 0.15152675
v 0.11977767 0.09623911 0.14962731
v 0.11656731 0.10105342 0.14654362
v 0.11387786 0.10508930 0.14255293
v 0.12438554 0.09162154 0.15152705
v 0.12198878 0.09742195 0.14962463
v 0.11977588 0.10276978 0.14654152
v 0.11792451 0.10725450 0.14255056
v 0.12561135 0.09199396 0.15152605
v 0.12438419 0.09815128 0.14962618
v 0.12325733 0.10382783 0.14654297
v 0.12231091 0.10858499 0.14254932
v 0.12688093 0.09211776 0.15152280
v 0.12687929 0.09839466 0.14961977
v 0.12687835 0.10418264 0.14653619
v 0.12687778 0.10903627 0.14254718
v 0.12815063 0.09199219 0.15152176
v 0.12937497 0.09814811 0.14961968
v 0.13049971 0.10382337 0.14653412
v 0.13144405 0.10857999 0.14254095
v 0.12937586 0.09161858 0.15151908
v 0.13176931 0.09741654 0.14961378
v 0.13397984 0.10276175 0.14652844
v 0.13583069 0.10724533 0.14253844
v 0.13050096 0.09101537 0.15151653
v 0.13398029 0.09623084 0.14961247
v 0.13718806 0.10104206 0.14652550
v 0.13987672 0.10507575 0.14253406
v 0.13148583 0.09020070 0.15151457
v 0.13591374 0.09463698 0.14960721
v 0.13999937 0.09872873 0.14652130
v 0.14342780 0.10215998 0.14253382
v 0.13229790 0.08921254 0.15151098
v 0.13750286 0.09269707 0.14960375
v 0.14230517 0.09590994 0.14651565
v 0.14633258 0.09860183 0.14252287
v 0.13289841 0.08808524 0.15150946
v 0.13868356 0.09048218 0.14959928
v 0.14401819 0.09269463 0.14651032
v 0.14849415 0.09454722 0.14251648
v 0.13326956 0.08685707 0.15150511
v 0.13941118 0.08808192 0.14959535
v 0.14507508 0.08920684 0.14650701
v 0.14982288 0.09015226 0.14251140
v 0.13339444 0.08558573 0.15150577
v 0.13965599 0.08558295 0.14959332
v 0.14543106 0.08557992 0.14650300
v 0.15027991 0.08557688 0.14251481
v 0.13326980 0.08431432 0.15150282
v 0.13941155 0.08308377 0.14959124
v 0.14507583 0.08195329 0.14650233
v 0.14982492 0.08100281 0.14250816
v 0.13289912 0.08308691 0.15150520
v 0.13868524 0.08068482 0.14959295
v 0.14402114 0.07846672 0.14650314
v 0.14849907 0.07660864 0.14251103
v 0.13229898 0.08195997 0.15150405
v 0.13750575 0.07847029 0.14959469
v 0.14231056 0.07525227 0.14650701
v 0.14634132 0.07255509 0.14251675
v 0.13148810 0.08097257 0.15150808
v 0.13591871 0.07653179 0.14959879
v 0.14000767 0.07243452 0.14651297
v 0.14344020 0.06899770 0.14252779
v 0.13050424 0.08015801 0.15151028
v 0.13398720 0.07493813 0.14960438
v 0.13719878 0.07012259 0.14651743
v 0.13989086 0.06608532 0.14252634
v 0.12937999 0.07955581 0.15151334
v 0.13177752 0.07375458 0.14960608
v 0.13399221 0.06840516 0.14652041
v 0.13584699 0.06391823 0.14253062
v 0.12815544 0.07918274 0.15151511
v 0.12938447 0.07302347 0.14961216
v 0.13051359 0.06734503 0.14652666
v 0.13146171 0.06258667 0.14253302
v 0.12688611 0.07905830 0.15151727
v 0.12688918 0.07277963 0.14961234
v 0.12689289 0.06698906 0.14652845
v 0.12689643 0.06213440 0.14253794
v 0.12561703 0.07918286 0.15151936
v 0.12439477 0.07302421 0.14961821
v 0.12327249 0.06734672 0.14653431
v 0.12232976 0.06258946 0.14253950
v 0.12439108 0.07955660 0.15151945
v 0.12199882 0.07375646 0.14961573
v 0.11979056 0.06840856 0.14653257
v 0.11794301 0.06392398 0.14253996
v 0.12326565 0.08015904 0.15152076
v 0.11978763 0.07494089 0.14962053
v 0.11658146 0.07012796 0.14653435
v 0.11389580 0.06609344 0.14254150
v 0.12227967 0.08097429 0.15152095
v 0.11785205 0.07653574 0.14961797
v 0.11376798 0.07244116 0.14653644
v 0.11034463 0.06900866 0.14254794
v 0.12146623 0.08196192 0.15152305
v 0.11626071 0.07847459 0.14962298
v 0.11145874 0.07525975 0.14653806
v 0.10743354 0.07256683 0.14254625
v 0.12688243 0.08558898 0.15216051
v 0.12086440 0.08308988 0.15152387
v 0.11507796 0.08069098 0.14962094
v 0.10974238 0.07847585 0.14653869
v 0.10526647 0.07662191 0.14255062
v 0.12049504 0.08431818 0.15152442
v 0.11434717 0.08309147 0.14962421
v 0.10868145 0.08196421 0.14654441
v 0.10393318 0.08101805 0.14255364
v 0.09875377 0.08559676 0.13913620
v 0.09145296 0.08559912 0.13331793
v 0.08522330 0.08560105 0.12571155
v 0.08059610 0.08560219 0.11703295
v 0.07775234 0.08560302 0.10761069
v 0.07679451 0.08560505 0.09782048
v 0.07776120 0.08560006 0.08801673
v 0.08060972 0.08559708 0.07859454
v 0.08524068 0.08559389 0.06990775
v 0.09147386 0.08559038 0.06229765
v 0.09906439 0.08558697 0.05604913
v 0.10772877 0.08558346 0.05140712
v 0.11712561 0.08558010 0.04855215
v 0.09929260 0.09109712 0.13913341
v 0.09212945 0.09252439 0.13332039
v 0.08601882 0.09374701 0.12571532
v 0.08148150 0.09465014 0.11703470
v 0.07869102 0.09520869 0.10761275
v 0.07775372 0.09539631 0.09781528
v 0.07869788 0.09520571 0.08801738
v 0.08149543 0.09464448 0.07859515
v 0.08603859 0.09373814 0.06990821
v 0.09215239 0.09251434 0.06229812
v 0.09959919 0.09102976 0.05604950
v 0.10809124 0.08933248 0.05140720
v 0.11731277 0.08749074 0.04855215
v 0.10089290 0.09638432 0.13913363
v 0.09414057 0.09918908 0.13332218
v 0.08838817 0.10157853 0.12571594
v 0.08411524 0.10335205 0.11703128
v 0.08148433 0.10444730 0.10761201
v 0.08059780 0.10481539 0.09781349
v 0.08148909 0.10444456 0.08801619
v 0.08412705 0.10334597 0.07859490
v 0.08840679 0.10156860 0.06990819
v 0.09416419 0.09917708 0.06229831
v 0.10117949 0.09625953 0.05604978
v 0.10918409 0.09293666 0.05140756
v 0.11786924 0.08932897 0.04855237
v 0.10348707 0.10125782 0.13913795
v 0.09741385 0.10532596 0.13332328
v 0.09223659 0.10879437 0.12571493
v 0.08839054 0.11137073 0.11702935
v 0.08602293 0.11295523 0.10761049
v 0.08522537 0.11349159 0.09781217
v 0.08602860 0.11295202 0.08801525
v 0.08840258 0.11136384 0.07859423
v 0.09225332 0.10878424 0.06990818
v 0.09743379 0.10531347 0.06229817
v 0.10374871 0.10108361 0.05604958
v 0.11095259 0.09625572 0.05140743
v 0.11876941 0.09102261 0.04855220
v 0.10698430 0.10552766 0.13913630
v 0.10182101 0.11070275 0.13331783
v 0.09741582 0.11511809 0.12571259
v 0.09414554 0.11839695 0.11702786
v 0.09213381 0.12041495 0.10760849
v 0.09145570 0.12109575 0.09781151
v 0.09213910 0.12041160 0.08801422
v 0.09415628 0.11839011 0.07859397
v 0.09743007 0.11510844 0.06990816
v 0.10183835 0.11069050 0.06229819
v 0.10720804 0.10530911 0.05604950
v 0.11333504 0.09916905 0.05140740
v 0.11998693 0.09250334 0.04855232
v 0.11124786 0.10902920 0.13913187
v 0.10719024 0.11511496 0.13331436
v 0.10372807 0.12030552 0.12570879
v 0.10115838 0.12416228 0.11702560
v 0.09957931 0.12653747 0.10760658
v 0.09904482 0.12733889 0.09781087
v 0.09958409 0.12653425 0.08801392
v 0.10116766 0.12415596 0.07859364
v 0.10374098 0.12029630 0.06990800
v 0.10720442 0.11510394 0.06229808
v 0.11142505 0.10877562 0.05604955
v 0.11624243 0.10155627 0.05140726
v 0.12146437 0.09372304 0.04855213
v 0.11611192 0.11162712 0.13912492
v 0.11331561 0.11839109 0.13330877
v 0.11093109 0.12415958 0.12570629
v 0.10916348 0.12844573 0.11702399
v 0.10807130 0.13108619 0.10760716
v 0.10770896 0.13197650 0.09781095
v 0.10807382 0.13108373 0.08801357
v 0.10916962 0.12844054 0.07859339
v 0.11094167 0.12415130 0.06990772
v 0.11332805 0.11838118 0.06229793
v 0.11623924 0.11135078 0.05604953
v 0.11955482 0.10332920 0.05140749
v 0.12315480 0.09462559 0.04855230
v 0.12138859 0.11322961 0.13912196
v 0.11996678 0.12040648 0.13330559
v 0.11874743 0.12653220 0.12570308
v 0.11784825 0.13108350 0.11702117
v 0.11729251 0.13388532 0.10760705
v 0.11710594 0.13482802 0.09781224
v 0.11729490 0.13388291 0.08801442
v 0.11785374 0.13107866 0.07859334
v 0.11875606 0.12652488 0.06990740
v 0.11997693 0.12039771 0.06229756
v 0.12145773 0.11293439 0.05604917
v 0.12315111 0.10442375 0.05140696
v 0.12498897 0.09518284 0.04855207
v 0.12687805 0.11376870 0.13912153
v 0.12687689 0.12108584 0.13330388
v 0.12687644 0.12733132 0.12569979
v 0.12687674 0.13197112 0.11701937
v 0.12687750 0.13482505 0.10760345
v 0.12688145 0.13579424 0.09781613
v 0.12688096 0.13482240 0.08801437
v 0.12688187 0.13196647 0.07859289
v 0.12688363 0.12732472 0.06990675
v 0.12688604 0.12107763 0.06229707
v 0.12688890 0.11347039 0.05604881
v 0.12689219 0.10479164 0.05140677
v 0.12689552 0.09537080 0.04855180
v 0.13236581 0.11322396 0.13911469
v 0.13378696 0.12040057 0.13330121
v 0.13500550 0.12652491 0.12569660
v 0.13590585 0.13107653 0.11701789
v 0.13646439 0.13387787 0.10760283
v 0.13665420 0.13481992 0.09780759
v 0.13646638 0.13387567 0.08801223
v 0.13591030 0.13107209 0.07859176
v 0.13501146 0.12651874 0.06990522
v 0.13379565 0.12039271 0.06229641
v 0.13232040 0.11293044 0.05604818
v 0.13063322 0.10442103 0.05140610
v 0.12880227 0.09518140 0.04855143
v 0.13764198 0.11161599 0.13911065
v 0.14043783 0.11837852 0.13329685
v 0.14282244 0.12414513 0.12569411
v 0.14459233 0.12843150 0.11701591
v 0.14568649 0.13107175 0.10760058
v 0.14605606 0.13196135 0.09780384
v 0.14568761 0.13106975 0.08800867
v 0.14459540 0.12842740 0.07858927
v 0.14282727 0.12413935 0.06990365
v 0.14044568 0.11837122 0.06229511
v 0.13754006 0.11134306 0.05604770
v 0.13423064 0.10332387 0.05140618
v 0.13063715 0.09462279 0.04855149
v 0.14250746 0.10901301 0.13911121
v 0.14656603 0.11509656 0.13329770
v 0.15002637 0.12028485 0.12569277
v 0.15259781 0.12414087 0.11701144
v 0.15417993 0.12651621 0.10759697
v 0.15471821 0.12731740 0.09780139
v 0.15418111 0.12651405 0.08800667
v 0.15260057 0.12413674 0.07858749
v 0.15003040 0.12027911 0.06990259
v 0.14657153 0.11508945 0.06229369
v 0.14235574 0.10876427 0.05604655
v 0.13754378 0.10154846 0.05140524
v 0.13232787 0.09371898 0.04855082
v 0.14677086 0.10550708 0.13910860
v 0.15193506 0.11067925 0.13329281
v 0.15634172 0.11509243 0.12569137
v 0.15961458 0.11836999 0.11701016
v 0.16162999 0.12038755 0.10759427
v 0.16231151 0.12106866 0.09780015
v 0.16163076 0.12038545 0.08800504
v 0.15961643 0.11836594 0.07858634
v 0.15634491 0.11508671 0.06990166
v 0.15194072 0.11067189 0.06229300
v 0.14657496 0.10529459 0.05604556
v 0.14045291 0.09915902 0.05140475
v 0.13380642 0.09249818 0.04855085
v 0.15026879 0.10123458 0.13910493
v 0.15634538 0.10529912 0.13329247
v 0.16152394 0.10876481 0.12568815
v 0.16537438 0.11133954 0.11700845
v 0.16774762 0.11292328 0.10759315
v 0.16854838 0.11345997 0.09779982
v 0.16774713 0.11292110 0.08800484
v 0.16537517 0.11133535 0.07858586
v 0.16152638 0.10875865 0.06990140
v 0.15634887 0.10529157 0.06229238
v 0.15003751 0.10106654 0.05604517
v 0.14283754 0.09624387 0.05140426
v 0.13502483 0.09101648 0.04855037
v 0.15286191 0.09636004 0.13909525
v 0.15961820 0.09915964 0.13328578
v 0.16537841 0.10154612 0.12568806
v 0.16966046 0.10331795 0.11701073
v 0.17229530 0.10441203 0.10759547
v 0.17318511 0.10477627 0.09780110
v 0.17229366 0.10441015 0.08800405
v 0.16965756 0.10331406 0.07858540
v 0.16537863 0.10154014 0.06990078
v 0.15962353 0.09915289 0.06229230
v 0.15261078 0.09624068 0.05604546
v 0.14460884 0.09292372 0.05140472
v 0.13592654 0.08932229 0.04855072
v 0.15446579 0.09107334 0.13909243
v 0.16163948 0.09249521 0.13328676
v 0.16775617 0.09371316 0.12568784
v 0.17230488 0.09461396 0.11701535
v 0.17509860 0.09517124 0.10759707
v 0.17603865 0.09535916 0.09780309
v 0.17509495 0.09516945 0.08800578
v 0.17229724 0.09461068 0.07858595
v 0.16775337 0.09370799 0.06990062
v 0.16164087 0.09248888 0.06229226
v 0.15419489 0.09100968 0.05604497
v 0.14570390 0.08931863 0.05140399
v 0.13648416 0.08748359 0.04855027
v 0.15501371 0.08557402 0.13909759
v 0.16232632 0.08557034 0.13328870
v 0.16856742 0.08556713 0.12569070
v 0.17320116 0.08556512 0.11701616
v 0.17604795 0.08556438 0.10759579
v 0.17701104 0.08556668 0.09780819
v 0.17603984 0.08556326 0.08800668
v 0.17318988 0.08556269 0.07858575
v 0.16855788 0.08556306 0.06990027
v 0.16232447 0.08556437 0.06229161
v 0.15473397 0.08556651 0.05604405
v 0.14607409 0.08556925 0.05140325
v 0.13667332 0.08557266 0.04854971
v 0.15447022 0.08007582 0.13909061
v 0.16164730 0.07864582 0.13328755
v 0.16776897 0.07742123 0.12569067
v 0.17231515 0.07651682 0.11701594
v 0.17510991 0.07595801 0.10759664
v 0.17604686 0.07576887 0.09780103
v 0.17510282 0.07595772 0.08800518
v 0.17230400 0.07651530 0.07858492
v 0.16775966 0.07741871 0.06989936
v 0.16164578 0.07864044 0.06229125
v 0.15419868 0.08012366 0.05604423
v 0.14570653 0.08182033 0.05140347
v 0.13648553 0.08366217 0.04854998
v 0.15287104 0.07479001 0.13909262
v 0.15963246 0.07198272 0.13328630
v 0.16539516 0.06959032 0.12568834
v 0.16967851 0.06781450 0.11701475
v 0.17231335 0.06671803 0.10759484
v 0.17319927 0.06634796 0.09779804
v 0.17230950 0.06671745 0.08800235
v 0.16967121 0.06781335 0.07858304
v 0.16539089 0.06958800 0.06989816
v 0.15963329 0.07197767 0.06229008
v 0.15261824 0.07489400 0.05604394
v 0.14461397 0.07821627 0.05140370
v 0.13592920 0.08182403 0.04855017
v 0.15028229 0.06991628 0.13910212
v 0.15636289 0.06584552 0.13329068
v 0.16154420 0.06237487 0.12568662
v 0.16539708 0.05979623 0.11701057
v 0.16777015 0.05820972 0.10759178
v 0.16856967 0.05767119 0.09779678
v 0.16776839 0.05820893 0.08800106
v 0.16539459 0.05979450 0.07858204
v 0.16154313 0.06237210 0.06989803
v 0.15636258 0.06584133 0.06228983
v 0.15004842 0.07006995 0.05604300
v 0.14284505 0.07489710 0.05140275
v 0.13502875 0.08013027 0.04854952
v 0.14678682 0.06564625 0.13910414
v 0.15195510 0.06046917 0.13328899
v 0.15636487 0.05605136 0.12568597
v 0.15964031 0.05277010 0.11700783
v 0.16165631 0.05075004 0.10758821
v 0.16233867 0.05006677 0.09779443
v 0.16165647 0.05074889 0.08799990
v 0.15964025 0.05276790 0.07858199
v 0.15636592 0.05604777 0.06989747
v 0.15195811 0.06046411 0.06228965
v 0.14658889 0.06584436 0.05604296
v 0.14046247 0.07198379 0.05140266
v 0.13381135 0.07864965 0.04854979
v 0.14252515 0.06214415 0.13910440
v 0.14658751 0.05605636 0.13328946
v 0.15005207 0.05086411 0.12568370
v 0.15262651 0.04700517 0.11700764
v 0.15420996 0.04462810 0.10758922
v 0.15474883 0.04382409 0.09779452
v 0.15421073 0.04462671 0.08799999
v 0.15262812 0.04700243 0.07858184
v 0.15005496 0.05085997 0.06989788
v 0.14659208 0.05605070 0.06228949
v 0.14237222 0.06237788 0.05604289
v 0.13755511 0.06959651 0.05140271
v 0.13233371 0.07742983 0.04854949
v 0.12689961 0.08557703 0.04758473
v 0.13766123 0.05954548 0.13910222
v 0.14046210 0.05277986 0.13328789
v 0.14285071 0.04700980 0.12568499
v 0.14462373 0.04272217 0.11701079
v 0.14571954 0.04008019 0.10759183
v 0.14608955 0.03918776 0.09779573
v 0.14572027 0.04007865 0.08800082
v 0.14462590 0.04271910 0.07858234
v 0.14285444 0.04700530 0.06989792
v 0.14046864 0.05277363 0.06229014
v 0.13755806 0.05980274 0.05604373
v 0.13424309 0.06782372 0.05140352
v 0.13064355 0.07652743 0.04855008
v 0.13238676 0.05794161 0.13910565
v 0.13381322 0.05076344 0.13329104
v 0.13503571 0.04463690 0.12568650
v 0.13593936 0.04008471 0.11701155
v 0.13649948 0.03728273 0.10759306
v 0.13668962 0.03633849 0.09779860
v 0.13650088 0.03728110 0.08800373
v 0.13594256 0.04008146 0.07858413
v 0.13504027 0.04463211 0.06989875
v 0.13382006 0.05075717 0.06229100
v 0.13233952 0.05821903 0.05604392
v 0.13064651 0.06672905 0.05140311
v 0.12880914 0.07597006 0.04854985
v 0.12690026 0.05740150 0.13911143
v 0.12690409 0.05008351 0.13329299
v 0.12690786 0.04383734 0.12568864
v 0.12691113 0.03919693 0.11701235
v 0.12691361 0.03634310 0.10759266
v 0.12691773 0.03537802 0.09780630
v 0.12691604 0.03634134 0.08800559
v 0.12691471 0.03919358 0.07858491
v 0.12691289 0.04383241 0.06989979
v 0.12691085 0.05007723 0.06229135
v 0.12690826 0.05768314 0.05604426
v 0.12690561 0.06636529 0.05140395
v 0.12690261 0.07578222 0.04855037
v 0.12141118 0.05794529 0.13911092
v 0.11999414 0.05076834 0.13329408
v 0.11877939 0.04464307 0.12569077
v 0.11788249 0.04009125 0.11701377
v 0.11732830 0.03728985 0.10759616
v 0.11714186 0.03634636 0.09780210
v 0.11732981 0.03728824 0.08800510
v 0.11788615 0.04008791 0.07858522
v 0.11878502 0.04463821 0.06990032
v 0.12000135 0.05076214 0.06229190
v 0.12147679 0.05822293 0.05604465
v 0.12316422 0.06673177 0.05140367
v 0.12499578 0.07597142 0.04855018
v 0.11613460 0.05955315 0.13911216
v 0.11334310 0.05278989 0.13329561
v 0.11096285 0.04702209 0.12569281
v 0.10919679 0.04273539 0.11701602
v 0.10810563 0.04009406 0.10759613
v 0.10774320 0.03920263 0.09780084
v 0.10810709 0.04009245 0.08800419
v 0.10920045 0.04273207 0.07858519
v 0.11096911 0.04701720 0.06990077
v 0.11335108 0.05278355 0.06229220
v 0.11625716 0.05981040 0.05604515
v 0.11956714 0.06782901 0.05140453
v 0.12316117 0.07653017 0.04855068
v 0.11127061 0.06215584 0.13911766
v 0.10721727 0.05607141 0.13330008
v 0.10375883 0.05088200 0.12569433
v 0.10119044 0.04702496 0.11701647
v 0.09961135 0.04464863 0.10759516
v 0.09907639 0.04384536 0.09780095
v 0.09961417 0.04464686 0.08800536
v 0.10119564 0.04702157 0.07858615
v 0.10376588 0.05087716 0.06990159
v 0.10722534 0.05606521 0.06229257
v 0.11144120 0.06238924 0.05604538
v 0.11625367 0.06960431 0.05140435
v 0.12147021 0.07743385 0.04855052
v 0.10700601 0.06566158 0.13912150
v 0.10184722 0.06048882 0.13330264
v 0.09744447 0.05607443 0.12569793
v 0.09417439 0.05279557 0.11701883
v 0.09216198 0.05077675 0.10759751
v 0.09148307 0.05009379 0.09780248
v 0.09216508 0.05077490 0.08800651
v 0.09418027 0.05279205 0.07858741
v 0.09745150 0.05606955 0.06990249
v 0.10185650 0.06048252 0.06229364
v 0.10722226 0.06585882 0.05604609
v 0.11334468 0.07199382 0.05140500
v 0.11999188 0.07865477 0.04855102
v 0.10350581 0.06993411 0.13912170
v 0.09743701 0.06586941 0.13330452
v 0.09226166 0.06240249 0.12569793
v 0.08841497 0.05982644 0.11702058
v 0.08604559 0.05824148 0.10760023
v 0.08524729 0.05770306 0.09780497
v 0.08604986 0.05823956 0.08800895
v 0.08842187 0.05982290 0.07858884
v 0.09227093 0.06239744 0.06990387
v 0.09744881 0.06586293 0.06229462
v 0.10376006 0.07008693 0.05604675
v 0.11096025 0.07490890 0.05140549
v 0.11877338 0.08013638 0.04855113
v 0.10090633 0.07480848 0.13912240
v 0.09415920 0.07200866 0.13330717
v 0.08840819 0.06962153 0.12570141
v 0.08413283 0.06784905 0.11702602
v 0.08150090 0.06675342 0.10760435
v 0.08061324 0.06638824 0.09780920
v 0.08150397 0.06675159 0.08801065
v 0.08414038 0.06784525 0.07859083
v 0.08841863 0.06961638 0.06990472
v 0.09417409 0.07200172 0.06229551
v 0.10118710 0.07491281 0.05604793
v 0.10918930 0.07822920 0.05140631
v 0.11787193 0.08183070 0.04855169
v 0.09929925 0.08009610 0.13912825
v 0.09213874 0.07867384 0.13331372
v 0.08603127 0.07745478 0.12570614
v 0.08149084 0.07655358 0.11703023
v 0.07870080 0.07599619 0.10760868
v 0.07776231 0.07580750 0.09781328
v 0.07870507 0.07599413 0.08801459
v 0.08150196 0.07654910 0.07859331
v 0.08604478 0.07744886 0.06990629
v 0.09215736 0.07866587 0.06229688
v 0.09960307 0.08014364 0.05604852
v 0.10809395 0.08183422 0.05140651
v 0.11731416 0.08366933 0.04855177
v -0.13231234 0.08597031 0.14720158
v -0.13857429 0.08597218 0.14528970
v -0.14434795 0.08597369 0.14219597
v -0.14919361 0.08597436 0.13820231
v -0.13218452 0.08724193 0.14720124
v -0.13833117 0.08847145 0.14529125
v -0.14399508 0.08960053 0.14220098
v -0.14874208 0.09054927 0.13820258
v -0.13181780 0.08846976 0.14720464
v -0.13760503 0.09087110 0.14529514
v -0.14294073 0.09308754 0.14220463
v -0.14741650 0.09494325 0.13820791
v -0.13121793 0.08959677 0.14720567
v -0.13642544 0.09308540 0.14529841
v -0.14122944 0.09630160 0.14220898
v -0.14525813 0.09899645 0.13821493
v -0.13040608 0.09058405 0.14720817
v -0.13483717 0.09502383 0.14530103
v -0.13892524 0.09911872 0.14221409
v -0.14235555 0.10255282 0.13822554
v -0.12942159 0.09139813 0.14720976
v -0.13290432 0.09661631 0.14530505
v -0.13611513 0.10142993 0.14221746
v -0.13880610 0.10546560 0.13822530
v -0.12829663 0.09200028 0.14721112
v -0.13069396 0.09780023 0.14530587
v -0.13290775 0.10314720 0.14221978
v -0.13476107 0.10763220 0.13822901
v -0.12707140 0.09237302 0.14721310
v -0.12829962 0.09853002 0.14531049
v -0.12942781 0.10420623 0.14222443
v -0.13037498 0.10896355 0.13823074
v -0.12580170 0.09249758 0.14721386
v -0.12580405 0.09877463 0.14531010
v -0.12580648 0.10456280 0.14222579
v -0.12580834 0.10941669 0.13823614
v -0.12453187 0.09237280 0.14721619
v -0.12330837 0.09852954 0.14531535
v -0.12218469 0.10420563 0.14223179
v -0.12124094 0.10896230 0.13823798
v -0.12330586 0.09199962 0.14721677
v -0.12091267 0.09779856 0.14531378
v -0.11870277 0.10314514 0.14223002
v -0.11685359 0.10762894 0.13823894
v -0.12218016 0.09139738 0.14721626
v -0.11870084 0.09661429 0.14531572
v -0.11549318 0.10142660 0.14223142
v -0.11280548 0.10546109 0.13824067
v -0.12119474 0.09058242 0.14721528
v -0.11676609 0.09502025 0.14531304
v -0.11268005 0.09911403 0.14223203
v -0.10925236 0.10254730 0.13824734
v -0.12038147 0.08959475 0.14721639
v -0.11517511 0.09308115 0.14531602
v -0.11037239 0.09629521 0.14223088
v -0.10634473 0.09898851 0.13824114
v -0.11978074 0.08846676 0.14721513
v -0.11399383 0.09086495 0.14531212
v -0.10865803 0.09307922 0.14222832
v -0.10418148 0.09493285 0.13823915
v -0.11940811 0.08723842 0.14721395
v -0.11326449 0.08846442 0.14531203
v -0.10759951 0.08959068 0.14222959
v -0.10285149 0.09053642 0.13823710
v -0.11928392 0.08596601 0.14721438
v -0.11301978 0.08596361 0.14531143
v -0.10724263 0.08596154 0.14222783
v -0.10239616 0.08595985 0.13824107
v -0.11940765 0.08469360 0.14721349
v -0.11326358 0.08346288 0.14531082
v -0.10759826 0.08233228 0.14222787
v -0.10284965 0.08138314 0.13823535
v -0.11978005 0.08346543 0.14721343
v -0.11399215 0.08106253 0.14530964
v -0.10865565 0.07884410 0.14222489
v -0.10417891 0.07698749 0.13823438
v -0.12038066 0.08233748 0.14721380
v -0.11517303 0.07884669 0.14531204
v -0.11036911 0.07562885 0.14222561
v -0.10634185 0.07293326 0.13823283
v -0.12119320 0.08135024 0.14721267
v -0.11676258 0.07690854 0.14530915
v -0.11267570 0.07281137 0.14222562
v -0.10924949 0.06937663 0.13823573
v -0.12217844 0.08053548 0.14721344
v -0.11869678 0.07531482 0.14531191
v -0.11548717 0.07049964 0.14222486
v -0.11279857 0.06646335 0.13823101
v -0.12330352 0.07993386 0.14721215
v -0.12090727 0.07413195 0.14530805
v -0.11869519 0.06878260 0.14222334
v -0.11684427 0.06429653 0.13823020
v -0.12452924 0.07956084 0.14721207
v -0.12330267 0.07340138 0.14531006
v -0.12217626 0.06772298 0.14222519
v -0.12123013 0.06296492 0.13822995
v -0.12579836 0.07943716 0.14721026
v -0.12579717 0.07315829 0.14530547
v -0.12579663 0.06736779 0.14222023
v -0.12579650 0.06251287 0.13822883
v -0.12706789 0.07956225 0.14720905
v -0.12829262 0.07340383 0.14530519
v -0.12941761 0.06772623 0.14221871
v -0.13036239 0.06296822 0.13822465
v -0.12829277 0.07993644 0.14720690
v -0.13068640 0.07413672 0.14529951
v -0.13289709 0.06878883 0.14221296
v -0.13474858 0.06430274 0.13822244
v -0.12941758 0.08053955 0.14720400
v -0.13289680 0.07532202 0.14529733
v -0.13610481 0.07050866 0.14220975
v -0.13879387 0.06647286 0.13821790
v -0.13040218 0.08135483 0.14720266
v -0.13482985 0.07691708 0.14529303
v -0.13891523 0.07282291 0.14220543
v -0.14234430 0.06938825 0.13821767
v -0.13121417 0.08234286 0.14719976
v -0.13641846 0.07885673 0.14528981
v -0.14122015 0.07564237 0.14219970
v -0.14524758 0.07294831 0.13820636
v -0.12579909 0.08596868 0.14785281
v -0.13181509 0.08347044 0.14720061
v -0.13759989 0.08107236 0.14528909
v -0.14293282 0.07885855 0.14219581
v -0.14740725 0.07700426 0.13819939
v -0.13218291 0.08469854 0.14719898
v -0.13832766 0.08347250 0.14528643
v -0.14398974 0.08234640 0.14219421
v -0.14873642 0.08139966 0.13819699
v -0.15392406 0.08597478 0.13478073
v -0.16123453 0.08597591 0.12896964
v -0.16747956 0.08597650 0.12137490
v -0.17211875 0.08597715 0.11270387
v -0.17496522 0.08597825 0.10328366
v -0.17592435 0.08598059 0.09349477
v -0.17495413 0.08597635 0.08369347
v -0.17210442 0.08597365 0.07427247
v -0.16747251 0.08597083 0.06558704
v -0.16123912 0.08596760 0.05797812
v -0.15364854 0.08596444 0.05173053
v -0.14498447 0.08596114 0.04708950
v -0.13558733 0.08595807 0.04423584
v -0.15338366 0.09147362 0.13478045
v -0.16055563 0.09290022 0.12897110
v -0.16667786 0.09412277 0.12137605
v -0.17122906 0.09502614 0.11270370
v -0.17402266 0.09558499 0.10328542
v -0.17496088 0.09577294 0.09349056
v -0.17401645 0.09558226 0.08369292
v -0.17121810 0.09502120 0.07427277
v -0.16667363 0.09411528 0.06558730
v -0.16056010 0.09289169 0.05797868
v -0.15311299 0.09140729 0.05173135
v -0.14462063 0.08971028 0.04709026
v -0.13539928 0.08786882 0.04423637
v -0.15178518 0.09675932 0.13478577
v -0.15854321 0.09956383 0.12897523
v -0.16430734 0.10195474 0.12137911
v -0.16859066 0.10372887 0.11270032
v -0.17122529 0.10482413 0.10328420
v -0.17211427 0.10519239 0.09348898
v -0.17122191 0.10482130 0.08369161
v -0.16858453 0.10372301 0.07427248
v -0.16430439 0.10194597 0.06558745
v -0.15854718 0.09955461 0.05797894
v -0.15153226 0.09663722 0.05173179
v -0.14352781 0.09331461 0.04709091
v -0.13484280 0.08970717 0.04423676
v -0.14919601 0.10163245 0.13479647
v -0.15527599 0.10570153 0.12898408
v -0.16045722 0.10917082 0.12138044
v -0.16431007 0.11174767 0.11269914
v -0.16668326 0.11333244 0.10328235
v -0.16748309 0.11386895 0.09348790
v -0.16668071 0.11332906 0.08369234
v -0.16430725 0.11174136 0.07427307
v -0.16045652 0.10916168 0.06558855
v -0.15527625 0.10569089 0.05797950
v -0.14896215 0.10146137 0.05173181
v -0.14175886 0.09663367 0.04709063
v -0.13394232 0.09140076 0.04423652
v -0.14570093 0.10590264 0.13480034
v -0.15086873 0.11107866 0.12898441
v -0.15527733 0.11549484 0.12138131
v -0.15855329 0.11877434 0.11269884
v -0.16056935 0.12079248 0.10328303
v -0.16125068 0.12147342 0.09348819
v -0.16056894 0.12078936 0.08369257
v -0.15855299 0.11876813 0.07427345
v -0.15527911 0.11548643 0.06558859
v -0.15087166 0.11106836 0.05798003
v -0.14550251 0.10568704 0.05173234
v -0.13937610 0.09954716 0.04709101
v -0.13272478 0.09288165 0.04423692
v -0.14143944 0.10940547 0.13480261
v -0.14550164 0.11549208 0.12898830
v -0.14896521 0.12068260 0.12138265
v -0.15153904 0.12453998 0.11270054
v -0.15312175 0.12691554 0.10328514
v -0.15366091 0.12771691 0.09348927
v -0.15312253 0.12691282 0.08369395
v -0.15154058 0.12453418 0.07427456
v -0.14896782 0.12067456 0.06558938
v -0.14550543 0.11548239 0.05798021
v -0.14128555 0.10915399 0.05173276
v -0.13646844 0.10193469 0.04709142
v -0.13124704 0.09410146 0.04423692
v -0.13657513 0.11200447 0.13480118
v -0.13937497 0.11876915 0.12898678
v -0.14176328 0.12453758 0.12138361
v -0.14353485 0.12882461 0.11270437
v -0.14463019 0.13146518 0.10328835
v -0.14499676 0.13235483 0.09349143
v -0.14463116 0.13146271 0.08369577
v -0.14353742 0.12881932 0.07427606
v -0.14176695 0.12452987 0.06559031
v -0.13938147 0.11875982 0.05798148
v -0.13647109 0.11172943 0.05173389
v -0.13315625 0.10370776 0.04709223
v -0.12955673 0.09500408 0.04423748
v -0.13129936 0.11360861 0.13480443
v -0.13272445 0.12078647 0.12899037
v -0.13394693 0.12691164 0.12138553
v -0.13484915 0.13146359 0.11270604
v -0.13540891 0.13426496 0.10329037
v -0.13559945 0.13520683 0.09349471
v -0.13541074 0.13426219 0.08369893
v -0.13485330 0.13145801 0.07427834
v -0.13395219 0.12690389 0.06559175
v -0.13273238 0.12077673 0.05798270
v -0.13125232 0.11331325 0.05173437
v -0.12955947 0.10480253 0.04709225
v -0.12772222 0.09556147 0.04423743
v -0.12581101 0.11414956 0.13481042
v -0.12581427 0.12146693 0.12899271
v -0.12581736 0.12771243 0.12138830
v -0.12582009 0.13235204 0.11270742
v -0.12582205 0.13520569 0.10329098
v -0.12582444 0.13617443 0.09350251
v -0.12582536 0.13520226 0.08370087
v -0.12582509 0.13234617 0.07427939
v -0.12582430 0.12770423 0.06559309
v -0.12582298 0.12145692 0.05798336
v -0.12582092 0.11384948 0.05173488
v -0.12581852 0.10517053 0.04709284
v -0.12581544 0.09574955 0.04423777
v -0.12032106 0.11360669 0.13481052
v -0.11890327 0.12078291 0.12899424
v -0.11768684 0.12690812 0.12139153
v -0.11679046 0.13145839 0.11270919
v -0.11623556 0.13425945 0.10329438
v -0.11604935 0.13520165 0.09349906
v -0.11623821 0.13425645 0.08370109
v -0.11679611 0.13145229 0.07427988
v -0.11769584 0.12689888 0.06559381
v -0.11891321 0.12077232 0.05798388
v -0.12038926 0.11330976 0.05173532
v -0.12207706 0.10480015 0.04709308
v -0.12390868 0.09556027 0.04423801
v -0.11504301 0.11200076 0.13481313
v -0.11225005 0.11876333 0.12899724
v -0.10986792 0.12453061 0.12139488
v -0.10810297 0.12881498 0.11271210
v -0.10701230 0.13145430 0.10329475
v -0.10664669 0.13234387 0.09349808
v -0.10701528 0.13145116 0.08370051
v -0.10810990 0.12880833 0.07428005
v -0.10987962 0.12452002 0.06559416
v -0.11226268 0.11875124 0.05798421
v -0.11516955 0.11172253 0.05173560
v -0.11847990 0.10370307 0.04709351
v -0.12207407 0.09500171 0.04423823
v -0.11017624 0.10940000 0.13481972
v -0.10612105 0.11548382 0.12900330
v -0.10266127 0.12067221 0.12139779
v -0.10009391 0.12452682 0.11271426
v -0.09851691 0.12690018 0.10329460
v -0.09798325 0.12770079 0.09349836
v -0.09852251 0.12689586 0.08370087
v -0.10010498 0.12451837 0.07428035
v -0.10267618 0.12066008 0.06559444
v -0.10613666 0.11546984 0.05798439
v -0.11035345 0.10914416 0.05173574
v -0.11516623 0.10192791 0.04709335
v -0.12038299 0.09409807 0.04423809
v -0.10591010 0.10589563 0.13482335
v -0.10074805 0.11106829 0.12900662
v -0.09634353 0.11548126 0.12140235
v -0.09307605 0.11875708 0.11271688
v -0.09106629 0.12077278 0.10329664
v -0.09038948 0.12145251 0.09349906
v -0.09107304 0.12076815 0.08370122
v -0.09308965 0.11874764 0.07428064
v -0.09636165 0.11546791 0.06559463
v -0.10076749 0.11105273 0.05798450
v -0.10613395 0.10567480 0.05173572
v -0.11225713 0.09953870 0.04709347
v -0.11890467 0.09287733 0.04423826
v -0.10240988 0.10162369 0.13482453
v -0.09633458 0.10568968 0.12901321
v -0.09115764 0.10915516 0.12140600
v -0.08731481 0.11172761 0.11271895
v -0.08494941 0.11330911 0.10329860
v -0.08415364 0.11384416 0.09349975
v -0.08495706 0.11330446 0.08370216
v -0.08733100 0.11171743 0.07428087
v -0.09118057 0.10914014 0.06559464
v -0.09635913 0.10567271 0.05798452
v -0.10267171 0.10144690 0.05173581
v -0.10987267 0.09662367 0.04709347
v -0.11768614 0.09139574 0.04423814
v -0.09981511 0.09674769 0.13481775
v -0.09306071 0.09954907 0.12900849
v -0.08730429 0.10193628 0.12140626
v -0.08303361 0.10370539 0.11271990
v -0.08040470 0.10479775 0.10329959
v -0.07951965 0.10516061 0.09350076
v -0.08041135 0.10479381 0.08370291
v -0.08304963 0.10369653 0.07428139
v -0.08732908 0.10192181 0.06559462
v -0.09308551 0.09953390 0.05798453
v -0.10009938 0.09662085 0.05173579
v -0.10810202 0.09330332 0.04709357
v -0.11678486 0.08970145 0.04423827
v -0.09821248 0.09145936 0.13481610
v -0.09104791 0.09288206 0.12900388
v -0.08493251 0.09410160 0.12140279
v -0.08039537 0.09500076 0.11272190
v -0.07760523 0.09555686 0.10329972
v -0.07666875 0.09574330 0.09350204
v -0.07761385 0.09555265 0.08370364
v -0.08041231 0.09499294 0.07428139
v -0.08495568 0.09408958 0.06559452
v -0.09106938 0.09286966 0.05798434
v -0.09851561 0.09138995 0.05173557
v -0.10700674 0.08969840 0.04709321
v -0.11622717 0.08786280 0.04423803
v -0.09767055 0.08595858 0.13481793
v -0.09036770 0.08595598 0.12900092
v -0.08413474 0.08595366 0.12139681
v -0.07950525 0.08595151 0.11271933
v -0.07666136 0.08595000 0.10329700
v -0.07570191 0.08595075 0.09350613
v -0.07667127 0.08594596 0.08370277
v -0.07952078 0.08594473 0.07428068
v -0.08415259 0.08594447 0.06559384
v -0.09038634 0.08594508 0.05798377
v -0.09797728 0.08594672 0.05173508
v -0.10663787 0.08594901 0.04709311
v -0.11603878 0.08595201 0.04423803
v -0.09821344 0.08045787 0.13481049
v -0.09104908 0.07903078 0.12899733
v -0.08493861 0.07780702 0.12139159
v -0.08039556 0.07690290 0.11271621
v -0.07760458 0.07634307 0.10329470
v -0.07666557 0.07615343 0.09349920
v -0.07760913 0.07634048 0.08370057
v -0.08040721 0.07689723 0.07427947
v -0.08495160 0.07779983 0.06559241
v -0.09106533 0.07902099 0.05798309
v -0.09851242 0.08050369 0.05173459
v -0.10700457 0.08220001 0.04709251
v -0.11622611 0.08404132 0.04423764
v -0.09981612 0.07517080 0.13480702
v -0.09306526 0.07236627 0.12899230
v -0.08731103 0.06997474 0.12138763
v -0.08303300 0.06819948 0.11271222
v -0.08039984 0.06710179 0.10329061
v -0.07951140 0.06673194 0.09349538
v -0.08040301 0.06709966 0.08369685
v -0.08304046 0.06819502 0.07427702
v -0.08732081 0.06996874 0.06559081
v -0.09307793 0.07235810 0.05798177
v -0.10009307 0.07527384 0.05173391
v -0.10809765 0.07859565 0.04709229
v -0.11678270 0.08220305 0.04423756
v -0.10241110 0.07029766 0.13480803
v -0.09633839 0.06622864 0.12899114
v -0.09116003 0.06275795 0.12138484
v -0.08731093 0.06017933 0.11270729
v -0.08493976 0.05859278 0.10328674
v -0.08414081 0.05805365 0.09349146
v -0.08494373 0.05859054 0.08369526
v -0.08731701 0.06017542 0.07427502
v -0.09116822 0.06275236 0.06558954
v -0.09634828 0.06622156 0.05798056
v -0.10266287 0.07044969 0.05173276
v -0.10986648 0.07527654 0.04709148
v -0.11768311 0.08050931 0.04423700
v -0.10590781 0.06602713 0.13480884
v -0.10074484 0.06085068 0.12899002
v -0.09633848 0.05643330 0.12138510
v -0.09306590 0.05315215 0.11270587
v -0.09105173 0.05113184 0.10328431
v -0.09037211 0.05044836 0.09348913
v -0.09105459 0.05112990 0.08369309
v -0.09307140 0.05314827 0.07427403
v -0.09634527 0.05642781 0.06558874
v -0.10075285 0.06084399 0.05797965
v -0.10612255 0.06622382 0.05173192
v -0.11224920 0.07236301 0.04709091
v -0.11890068 0.07902852 0.04423691
v -0.11017009 0.06252405 0.13480604
v -0.10611208 0.05643678 0.12898809
v -0.10264982 0.05124505 0.12138193
v -0.10007832 0.04738615 0.11270380
v -0.09849730 0.04500860 0.10328231
v -0.09796144 0.04420493 0.09348784
v -0.09849980 0.04500671 0.08369199
v -0.10008302 0.04738250 0.07427268
v -0.10265601 0.05123978 0.06558800
v -0.10611922 0.05643019 0.05797904
v -0.11033963 0.06275702 0.05173162
v -0.11515679 0.06997543 0.04709043
v -0.12037833 0.07780860 0.04423646
v -0.12581269 0.08595578 0.04327064
v -0.11503259 0.05992442 0.13480154
v -0.11223602 0.05315923 0.12898432
v -0.10985127 0.04738984 0.12138076
v -0.10808168 0.04310180 0.11270367
v -0.10698827 0.04045966 0.10328323
v -0.10662095 0.03956784 0.09348771
v -0.10698964 0.04045795 0.08369086
v -0.10808500 0.04309831 0.07427180
v -0.10985681 0.04738471 0.06558723
v -0.11224293 0.05315267 0.05797860
v -0.11515383 0.06018153 0.05173136
v -0.11846901 0.06820242 0.04709058
v -0.12206867 0.07690606 0.04423662
v -0.12030812 0.05832023 0.13480067
v -0.11888575 0.05114211 0.12898335
v -0.11766629 0.04501601 0.12137917
v -0.11676572 0.04046340 0.11270180
v -0.11620869 0.03766153 0.10328329
v -0.11602113 0.03671784 0.09348880
v -0.11621005 0.03765986 0.08369166
v -0.11676887 0.04046002 0.07427176
v -0.11767118 0.04501100 0.06558674
v -0.11889183 0.05113572 0.05797826
v -0.12037242 0.05859761 0.05173091
v -0.12206549 0.06710759 0.04708982
v -0.12390302 0.07634857 0.04423615
v -0.12579669 0.05777984 0.13480146
v -0.12579532 0.05046183 0.12898259
v -0.12579437 0.04421565 0.12137754
v -0.12579390 0.03957517 0.11270059
v -0.12579374 0.03672126 0.10328031
v -0.12579484 0.03575608 0.09349269
v -0.12579572 0.03671952 0.08369216
v -0.12579694 0.03957182 0.07427148
v -0.12579870 0.04421078 0.06558638
v -0.12580101 0.05045556 0.05797777
v -0.12580363 0.05806154 0.05173049
v -0.12580657 0.06674368 0.04709008
v -0.12580967 0.07616064 0.04423634
v -0.13128397 0.05832358 0.13479666
v -0.13270505 0.05114634 0.12898104
v -0.13392307 0.04502064 0.12137593
v -0.13482283 0.04046907 0.11269994
v -0.13538027 0.03766740 0.10328071
v -0.13556965 0.03672331 0.09348582
v -0.13538143 0.03766582 0.08369048
v -0.13482550 0.04046583 0.07427071
v -0.13392678 0.04501602 0.06558536
v -0.13271067 0.05114020 0.05797744
v -0.13123526 0.05860111 0.05173026
v -0.12954788 0.06710997 0.04708933
v -0.12771644 0.07634974 0.04423587
v -0.13655968 0.05993110 0.13479352
v -0.13935564 0.05316725 0.12897831
v -0.14174004 0.04739886 0.12137493
v -0.14350927 0.04311250 0.11269946
v -0.14460276 0.04047128 0.10327967
v -0.14496830 0.03957923 0.09348330
v -0.14460337 0.04046977 0.08368789
v -0.14351100 0.04310955 0.07426914
v -0.14174281 0.04739462 0.06558458
v -0.13936086 0.05316131 0.05797670
v -0.13645490 0.06018842 0.05173008
v -0.13314509 0.06820714 0.04708968
v -0.12955114 0.07690842 0.04423609
v -0.14142504 0.06253327 0.13479492
v -0.14548379 0.05644794 0.12898034
v -0.14894409 0.05125815 0.12137457
v -0.15151553 0.04740103 0.11269665
v -0.15309687 0.04502511 0.10327743
v -0.15363500 0.04422160 0.09348220
v -0.15309730 0.04502379 0.08368708
v -0.15151653 0.04739854 0.07426855
v -0.14894620 0.05125430 0.06558438
v -0.14548676 0.05644267 0.05797613
v -0.14127076 0.06276690 0.05172947
v -0.13645849 0.06998226 0.04708897
v -0.13124210 0.07781199 0.04423553
v -0.14568821 0.06603888 0.13479291
v -0.15085340 0.06086454 0.12897742
v -0.15525952 0.05644980 0.12137429
v -0.15853335 0.05317078 0.11269628
v -0.16054794 0.05115233 0.10327688
v -0.16122843 0.05046964 0.09348211
v -0.16054727 0.05115129 0.08368681
v -0.15853269 0.05316888 0.07426853
v -0.15526073 0.05644645 0.06558385
v -0.15085615 0.06085982 0.05797568
v -0.14549012 0.06623632 0.05172899
v -0.13936758 0.07237165 0.04708890
v -0.13272050 0.07903289 0.04423580
v -0.14918555 0.07031195 0.13478965
v -0.15526402 0.06624449 0.12897822
v -0.16044386 0.06277680 0.12137496
v -0.16429508 0.06020094 0.11269844
v -0.16666704 0.05861638 0.10327878
v -0.16746485 0.05807831 0.09348285
v -0.16666429 0.05861567 0.08368768
v -0.16429172 0.06019952 0.07426862
v -0.16044220 0.06277431 0.06558417
v -0.15526444 0.06624016 0.05797588
v -0.14895260 0.07046437 0.05172919
v -0.14175221 0.07528660 0.04708892
v -0.13393900 0.08051439 0.04423556
v -0.15177608 0.07518861 0.13477813
v -0.15853442 0.07238568 0.12897001
v -0.16429877 0.06999559 0.12137523
v -0.16858152 0.06822291 0.11270172
v -0.17121558 0.06712806 0.10328188
v -0.17210074 0.06676263 0.09348472
v -0.17121114 0.06712757 0.08368906
v -0.16857371 0.06822159 0.07426973
v -0.16429448 0.06999306 0.06558485
v -0.15853885 0.07237888 0.05797680
v -0.15152553 0.07529030 0.05173025
v -0.14352316 0.07860702 0.04708983
v -0.13484049 0.08220877 0.04423616
v -0.15337755 0.08047619 0.13477442
v -0.16055080 0.07905108 0.12896828
v -0.16667539 0.07782938 0.12137508
v -0.17122515 0.07692773 0.11270302
v -0.17401809 0.07637064 0.10328370
v -0.17495434 0.07618178 0.09348781
v -0.17401043 0.07636995 0.08369188
v -0.17121238 0.07692554 0.07427161
v -0.16666873 0.07782561 0.06558596
v -0.16055574 0.07904307 0.05797770
v -0.15310948 0.08052113 0.05173057
v -0.14461827 0.08221188 0.04708967
v -0.13539810 0.08404731 0.04423600
f 4 2 1
f 8 6 5
f 13 15 14
f 17 19 18
f 32 30 29
f 36 34 33
f 37 39 38
f 21 23 20
f 25 27 24
f 41 43 42
f 48 46 45
f 52 50 49
f 53 55 54
f 60 58 57
f 29 62 61
f 66 64 63
f 67 6 68
f 72 70 69
f 76 74 73
f 77 79 78
f 81 83 82
f 59 86 85
f 88 90 89
f 96 94 93
f 100 98 97
f 101 103 102
f 106 34 87
f 108 115 107
f 117 36 118
f 124 126 125
f 131 129 128
f 132 134 133
f 142 140 139
f 148 60 147
f 144 127 124
f 149 151 150
f 156 154 153
f 159 158 157
f 116 164 105
f 171 169 168
f 174 173 172
f 179 181 180
f 186 188 187
f 194 196 195
f 199 139 198
f 206 208 207
f 213 211 210
f 202 214 201
f 96 216 54
f 92 43 44
f 97 246 100
f 250 229 228
f 252 58 253
f 258 256 255
f 260 229 259
f 110 112 113
f 114 263 109
f 265 267 266
f 56 270 269
f 274 249 250
f 185 63 64
f 280 278 276
f 285 283 157
f 288 211 212
f 141 92 46
f 289 175 176
f 148 105 106
f 312 170 171
f 238 42 43
f 318 160 317
f 310 308 307
f 241 325 324
f 160 240 317
f 47 307 308
f 108 315 164
f 345 86 119
f 348 350 349
f 356 358 357
f 355 353 352
f 363 32 362
f 149 150 176
f 364 253 365
f 366 368 367
f 183 371 63
f 163 161 160
f 209 101 208
f 378 165 166
f 379 381 380
f 383 3 4
f 284 386 385
f 387 389 388
f 391 229 249
f 73 397 396
f 405 407 406
f 203 411 410
f 414 413 412
f 1 357 4
f 277 131 275
f 254 57 58
f 358 415 351
f 417 386 408
f 401 192 420
f 419 127 143
f 421 182 422
f 103 302 409
f 428 368 174
f 380 359 356
f 62 266 323
f 140 431 430
f 357 351 348
f 356 379 380
f 415 403 434
f 437 436 435
f 438 440 439
f 188 450 449
f 452 454 453
f 265 181 421
f 224 64 225
f 237 213 427
f 275 128 458
f 281 460 459
f 50 79 461
f 73 282 281
f 468 466 465
f 390 352 359
f 482 484 483
f 489 487 486
f 493 495 494
f 472 470 469
f 502 500 499
f 220 222 223
f 512 143 66
f 518 511 80
f 513 230 286
f 205 31 244
f 189 451 188
f 163 532 8
f 533 225 251
f 446 447 412
f 335 540 334
f 544 546 545
f 329 291 292
f 199 262 238
f 385 416 550
f 532 191 247
f 363 118 243
f 236 237 250
f 578 580 579
f 573 571 570
f 561 562 272
f 241 259 240
f 590 592 591
f 545 595 594
f 503 155 504
f 606 624 623
f 478 480 479
f 646 648 647
f 590 689 684
f 564 651 650
f 728 184 727
f 714 716 715
f 692 575 693
f 541 581 578
f 346 248 400
f 161 230 160
f 128 94 95
f 698 704 703
f 574 576 575
f 290 401 328
f 630 725 726
f 733 735 734
f 755 496 493
f 759 481 760
f 757 762 761
f 764 466 467
f 768 3808 3809
f 759 488 489
f 492 475 771
f 474 769 473
f 773 465 772
f 771 486 483
f 484 775 491
f 774 489 486
f 495 764 756
f 495 761 494
f 137 784 136
f 325 797 547
f 165 51 52
f 369 29 370
f 730 568 569
f 90 301 89
f 243 516 242
f 800 806 805
f 817 808 816
f 816 823 822
f 306 447 807
f 815 809 808
f 829 828 825
f 726 501 502
f 274 424 423
f 879 881 880
f 884 879 885
f 219 217 211
f 906 904 897
f 455 205 542
f 898 830 829
f 903 880 881
f 906 897 898
f 377 519 165
f 923 948 946
f 946 951 950
f 3519 739 3517
f 900 886 880
f 225 65 144
f 182 442 422
f 809 947 824
f 954 962 961
f 927 965 966
f 885 880 886
f 925 966 967
f 343 341 340
f 965 971 968
f 968 970 969
f 972 969 973
f 963 981 978
f 336 338 339
f 992 827 828
f 810 996 959
f 1007 1002 1008
f 1012 827 1009
f 1011 1007 1008
f 294 292 291
f 907 920 919
f 1017 1019 1018
f 1020 1022 1021
f 1035 1020 1044
f 1061 1047 1046
f 1063 1046 1062
f 1044 1021 1045
f 1102 1097 1109
f 1116 1118 1117
f 1016 1014 1013
f 881 904 903
f 816 1127 817
f 1094 949 1097
f 514 167 515
f 146 81 82
f 1133 1130 1129
f 1102 1126 822
f 822 1116 816
f 1145 1148 1136
f 1076 1151 1069
f 1148 1086 1087
f 1109 1114 1136
f 1154 1156 1155
f 1153 967 1156
f 3464 463 3714
f 1144 1152 1151
f 1156 1163 1162
f 1164 1169 1165
f 1145 1176 1147
f 1114 1154 1171
f 1183 1164 1177
f 1184 1177 1185
f 1069 1062 1064
f 1023 1194 1022
f 1162 1170 1169
f 1195 1185 1191
f 1183 1176 1155
f 1201 1152 1196
f 1061 1201 1202
f 3825 843 3836
f 1203 1195 1034
f 1202 1184 1195
f 1218 1203 1217
f 1060 1202 1203
f 1225 1217 1219
f 671 694 670
f 1219 1024 1035
f 1217 1034 1024
f 1226 1015 1227
f 1243 1234 1233
f 1231 1229 1228
f 847 1233 843
f 843 1244 878
f 1233 1245 1244
f 1923 233 216
f 2100 499 500
f 3914 2135 3900
f 61 323 505
f 210 217 457
f 1299 1309 1300
f 3863 1231 3862
f 1066 1321 1322
f 1322 1228 1229
f 1060 1321 1047
f 1325 1323 1310
f 1244 1332 1330
f 1290 1242 1288
f 1337 1339 1338
f 1330 1340 1339
f 1341 1245 1294
f 1342 1332 1341
f 1343 1341 1344
f 1344 1294 1293
f 3857 1345 1346
f 1347 1342 1343
f 3856 1295 1345
f 1349 1348 1347
f 3861 1347 3853
f 3853 1343 3857
f 906 829 1353
f 905 1353 1354
f 865 1355 1357
f 1355 829 825
f 1357 825 826
f 1356 1353 1355
f 3834 1338 3833
f 866 1356 865
f 1358 1354 1356
f 3828 1337 3834
f 838 1012 841
f 1363 1338 1339
f 1368 1339 1340
f 1348 1340 1342
f 1371 3824 3829
f 524 526 523
f 528 530 527
f 1372 1369 1371
f 535 537 538
f 1367 1348 1350
f 1370 1359 1369
f 1369 3833 3824
f 1373 903 904
f 555 557 558
f 1374 910 1373
f 1373 905 1375
f 1374 1375 1376
f 1375 1354 1370
f 1378 908 1377
f 376 651 1387
f 1388 973 969
f 586 588 585
f 1390 1388 1391
f 1391 969 970
f 597 599 596
f 600 602 603
f 1392 970 979
f 608 610 607
f 612 523 611
f 614 616 613
f 617 25 24
f 620 622 619
f 1397 1391 1392
f 1398 1392 1399
f 1400 920 1378
f 1402 1165 1169
f 636 638 635
f 930 1402 929
f 641 643 644
f 929 1169 1170
f 1404 1403 1402
f 1411 1365 1406
f 1412 1415 1414
f 652 654 655
f 609 657 658
f 659 661 662
f 558 586 585
f 665 667 664
f 1413 1406 1412
f 1418 3810 3813
f 1417 1371 1416
f 1416 3829 3810
f 1419 1416 1418
f 1386 1374 1420
f 677 679 676
f 1385 1420 1421
f 1420 1376 1422
f 685 687 688
f 1421 1422 1423
f 528 691 658
f 1422 1372 1417
f 1018 747 1425
f 699 701 702
f 1424 579 1017
f 3663 1767 3660
f 700 711 712
f 1093 3754 1571
f 717 530 719
f 721 723 720
f 704 3543 3554
f 19 1426 1430
f 1429 1427 1426
f 1658 3542 3544
f 1439 1434 1438
f 1437 1435 1434
f 1426 1433 1432
f 1442 1432 1440
f 742 744 745
f 1432 1441 1440
f 751 753 750
f 1438 1403 1405
f 1446 1444 1443
f 1447 1446 1443
f 3860 1443 3848
f 1415 1445 1446
f 1414 1446 1448
f 2173 469 470
f 777 779 686
f 780 782 783
f 1676 1806 1675
f 3859 1349 3861
f 789 791 788
f 745 793 742
f 652 795 653
f 1455 1457 1456
f 1454 1350 1452
f 610 802 801
f 3831 698 703
f 1352 1045 1351
f 1015 1459 1460
f 811 813 814
f 2118 3817 2117
f 819 821 818
f 1466 1194 1190
f 1467 1465 1466
f 1182 1468 1467
f 832 833 831
f 835 837 834
f 1467 1190 1182
f 1469 1444 1445
f 840 712 690
f 1453 1469 1454
f 599 845 846
f 1226 3849 3855
f 851 853 850
f 855 856 854
f 858 860 857
f 861 863 864
f 1014 3855 3858
f 867 868 869
f 870 872 873
f 874 876 877
f 1310 1471 1309
f 1476 1427 1475
f 1461 1475 1460
f 887 889 890
f 788 892 891
f 894 896 893
f 1460 1227 1015
f 901 524 612
f 1465 1477 1464
f 1865 3500 1864
f 911 913 914
f 916 918 915
f 1850 3507 1851
f 921 895 894
f 1479 1436 1478
f 926 667 601
f 1481 563 1480
f 269 84 1482
f 931 933 916
f 934 614 869
f 936 688 937
f 938 662 939
f 1484 122 123
f 941 835 834
f 320 509 510
f 1849 3505 1850
f 84 1484 83
f 1487 1488 539
f 1757 3502 3509
f 365 1491 364
f 461 80 511
f 117 362 1496
f 1494 541 1495
f 926 957 958
f 1477 1433 1476
f 1709 1585 1700
f 119 1496 345
f 271 504 156
f 511 189 186
f 345 1492 365
f 255 344 254
f 57 299 132
f 1501 268 1500
f 267 1499 145
f 974 976 977
f 1678 1693 1676
f 3846 1807 3840
f 557 663 558
f 983 984 985
f 1443 3849 3848
f 421 268 265
f 989 991 988
f 1490 418 1504
f 279 309 310
f 997 676 679
f 998 999 875
f 1504 38 1505
f 1506 1507 1486
f 360 1508 1506
f 1506 207 360
f 939 1006 938
f 270 1483 269
f 66 546 512
f 1010 793 935
f 367 437 1509
f 244 363 243
f 1670 3534 1669
f 209 1510 226
f 235 1512 1511
f 1511 234 235
f 388 426 425
f 427 250 237
f 161 521 231
f 100 45 44
f 1025 608 1027
f 1029 1031 1028
f 939 1033 1032
f 41 594 99
f 1036 783 1037
f 702 1038 1039
f 1040 1042 1043
f 362 369 1493
f 187 477 186
f 70 539 198
f 1511 1521 234
f 1049 603 1048
f 613 869 614
f 860 1051 857
f 1005 1053 1006
f 753 1056 1054
f 1057 1059 1055
f 293 1522 292
f 288 1521 1522
f 292 1523 329
f 331 1508 1524
f 306 453 305
f 100 41 99
f 462 78 79
f 330 1524 462
f 635 1068 636
f 1485 1526 1528
f 206 1528 1510
f 1070 1072 831
f 942 1073 1074
f 916 1075 917
f 440 1530 439
f 157 1514 285
f 1529 5 1530
f 371 546 63
f 790 663 791
f 1077 857 1078
f 1403 1435 1165
f 1080 1082 1079
f 531 1529 440
f 21 1084 1085
f 272 1531 561
f 137 396 397
f 690 802 691
f 335 3567 581
f 1090 1029 1091
f 1092 794 1042
f 1533 137 138
f 661 1095 1096
f 69 445 72
f 1099 1101 1098
f 38 1536 1505
f 1104 1106 1103
f 852 1108 853
f 1377 909 1386
f 291 411 294
f 316 516 33
f 539 1533 534
f 1505 316 313
f 1110 1112 1113
f 1539 460 264
f 522 1537 1539
f 834 1120 1119
f 1122 1124 1121
f 612 1041 901
f 935 615 614
f 276 130 131
f 1686 3522 1685
f 193 1541 273
f 231 1540 287
f 556 982 557
f 365 85 345
f 190 318 1541
f 1810 3574 3528
f 3924 3512 3791
f 1132 985 1131
f 208 102 132
f 1134 662 661
f 1491 80 77
f 429 1542 147
f 1137 915 918
f 172 428 174
f 1139 1141 1142
f 549 54 55
f 1517 1518 296
f 976 1146 938
f 834 984 941
f 1543 286 115
f 1544 239 513
f 133 1544 1542
f 506 257 258
f 420 328 401
f 1158 1160 1157
f 587 1103 588
f 1513 1514 151
f 607 1027 608
f 304 1545 303
f 364 77 506
f 69 198 139
f 1006 976 938
f 700 1112 701
f 3877 3525 3787
f 1166 657 656
f 1167 858 1077
f 1300 3524 1299
f 1172 1174 1175
f 218 200 217
f 1179 1181 1178
f 372 97 98
f 89 227 88
f 1186 1188 1189
f 172 1517 1549
f 1482 81 1498
f 1090 1193 1030
f 394 353 1551
f 526 1198 1197
f 811 858 812
f 1199 1026 1025
f 606 697 696
f 1204 1206 743
f 1207 523 526
f 1209 867 613
f 914 685 936
f 1478 1441 1477
f 1029 1161 1091
f 1211 1213 1214
f 3858 1451 3859
f 844 1216 845
f 423 273 274
f 1220 1222 1083
f 22 1224 23
f 882 897 881
f 1519 173 387
f 1189 1232 1178
f 349 550 416
f 1071 1236 1072
f 1237 1239 745
f 1221 1189 1240
f 1510 1512 333
f 939 1241 1005
f 1556 5 67
f 1553 394 1551
f 404 67 347
f 1247 1249 1246
f 142 238 92
f 1251 635 1250
f 850 1253 851
f 1254 1077 1255
f 57 133 429
f 443 552 551
f 1187 1175 1188
f 1256 831 833
f 432 382 383
f 741 747 746
f 434 351 415
f 349 383 348
f 251 1481 1480
f 395 352 353
f 1518 1550 1551
f 1558 378 340
f 109 314 315
f 285 1513 407
f 395 393 392
f 202 410 1558
f 417 405 432
f 1246 1258 1247
f 3 297 2
f 1259 1261 1262
f 403 347 284
f 955 953 952
f 462 51 330
f 1096 687 1263
f 429 60 57
f 896 1265 932
f 1267 1268 1266
f 423 327 420
f 37 180 40
f 20 1187 1186
f 1256 1071 1070
f 155 156 504
f 1188 1269 1232
f 1236 1271 1262
f 1272 535 621
f 565 463 464
f 1273 745 1239
f 876 1255 1274
f 316 164 315
f 437 503 1509
f 194 1495 197
f 1275 864 863
f 624 631 630
f 1277 1137 1278
f 569 567 566
f 1481 125 366
f 324 547 326
f 1279 1107 1280
f 1525 329 1523
f 1281 1137 918
f 171 1553 1552
f 1488 396 1533
f 1557 1562 1559
f 1282 1206 1205
f 1053 1278 1281
f 778 607 1283
f 713 3566 3569
f 251 144 124
f 4 348 383
f 709 707 706
f 728 45 246
f 261 1563 544
f 789 1287 790
f 74 263 282
f 403 385 434
f 1178 1240 1189
f 1223 1289 1224
f 158 150 151
f 1220 1186 1221
f 296 354 433
f 784 1538 1566
f 1181 1291 1222
f 1269 1257 1246
f 1566 438 399
f 136 1566 1564
f 1563 169 1565
f 107 109 108
f 1297 1298 1296
f 1464 1476 1461
f 1520 507 508
f 1301 1303 1304
f 1306 1308 1305
f 175 1532 272
f 1532 200 201
f 1311 1312 1313
f 872 1315 1316
f 1317 1318 1319
f 3836 878 3828
f 1305 864 1276
f 1040 863 1320
f 1564 399 169
f 592 1575 591
f 591 1088 689
f 1581 1583 1582
f 1196 1147 1176
f 710 583 713
f 285 408 386
f 953 961 963
f 1594 1589 1593
f 1585 1587 1586
f 1592 1590 1589
f 3885 944 3899
f 1600 1598 1597
f 1604 1602 1601
f 1399 979 980
f 1589 1596 1595
f 1610 1608 1607
f 298 361 360
f 551 276 277
f 1627 3814 3819
f 859 818 860
f 1078 1328 1329
f 1555 1530 1556
f 572 680 681
f 772 776 774
f 977 918 917
f 404 392 393
f 1054 750 753
f 1644 1643 1642
f 932 1082 933
f 1067 1334 1068
f 1540 264 114
f 597 643 1336
f 471 762 470
f 1642 3831 3842
f 1644 3842 3843
f 923 950 927
f 96 548 95
f 520 522 521
f 445 443 442
f 849 848 842
f 480 755 493
f 1646 481 1639
f 311 1567 170
f 464 3497 3495
f 3497 1361 3495
f 234 236 235
f 190 192 191
f 153 152 149
f 231 286 230
f 1552 1551 1550
f 760 1648 488
f 3832 1649 3830
f 828 826 825
f 52 166 165
f 1663 1661 1660
f 287 115 286
f 668 670 669
f 634 640 639
f 553 559 554
f 118 33 516
f 492 491 490
f 3552 1651 3553
f 582 584 583
f 384 392 415
f 1381 1383 1380
f 1562 435 436
f 952 951 947
f 3529 583 584
f 1660 1667 1666
f 1394 1396 1393
f 1660 1664 1663
f 1671 1669 1668
f 1624 1673 1672
f 1407 1409 1410
f 1677 1675 1674
f 1613 1677 1625
f 1679 1676 1677
f 1626 3811 3814
f 534 198 539
f 176 150 159
f 803 734 800
f 400 191 192
f 65 143 144
f 3526 1656 3540
f 402 157 283
f 629 627 626
f 461 49 50
f 758 495 756
f 796 786 785
f 406 1513 1560
f 342 166 167
f 1694 1658 1695
f 1692 1694 1696
f 3557 1652 3552
f 3921 1703 3923
f 326 302 90
f 3916 1702 1706
f 3919 1698 1701
f 1699 3927 3918
f 1557 1560 1561
f 1127 1117 1128
f 400 289 346
f 1706 1707 1708
f 1707 1599 1600
f 1709 1708 1588
f 1714 1711 1713
f 3919 1709 1700
f 1704 1577 1703
f 1716 1713 1715
f 1559 1549 297
f 1722 1720 1719
f 1335 596 1489
f 410 377 378
f 973 1163 972
f 168 399 398
f 1571 1089 1093
f 1572 682 1571
f 749 647 754
f 1730 1723 1729
f 1594 1729 1592
f 1729 1591 1592
f 1731 1730 1583
f 1384 1377 1379
f 1732 1712 1714
f 1724 1731 1732
f 1712 1731 1580
f 1722 1732 1733
f 1721 1733 1734
f 1734 1716 1717
f 1735 1736 1697
f 1733 1714 1716
f 1663 1741 1668
f 1742 1740 1743
f 1738 1737 1735
f 1665 1666 1740
f 1665 1744 1664
f 1725 1746 1745
f 1591 1745 1590
f 1590 1747 1596
f 1745 1748 1747
f 1659 3538 3542
f 3287 3545 3282
f 1185 1182 1190
f 1664 1749 1741
f 1741 1739 1738
f 1746 1743 1748
f 1726 1742 1746
f 1153 924 925
f 1115 1153 1154
f 1654 3575 1655
f 1896 3549 1686
f 1720 1744 1726
f 1721 1749 1720
f 1750 1701 1698
f 1697 1750 1696
f 1151 1063 1062
f 1751 1670 1671
f 1695 1752 1751
f 961 986 981
f 1770 1768 1767
f 1766 1593 1765
f 1731 1579 1580
f 1579 1774 1578
f 3928 1771 3929
f 1764 3928 3917
f 1777 1775 1774
f 3762 1699 1700
f 1004 1128 1003
f 1774 1771 1772
f 987 1399 980
f 1578 1772 1764
f 1783 1781 1778
f 1597 1770 1767
f 639 3895 3884
f 3928 1769 1770
f 1793 1789 1788
f 3929 1798 1769
f 3508 3773 1806
f 1802 3924 3922
f 1788 1794 1793
f 1793 1795 1776
f 3773 1675 1806
f 1584 1783 1789
f 1771 3920 3929
f 1801 1798 1800
f 1768 1798 1799
f 1775 1797 1771
f 508 515 1520
f 1796 1802 1797
f 1800 3920 3922
f 1794 1804 1795
f 3532 1752 3547
f 485 1807 775
f 3809 1640 768
f 3837 1810 1653
f 485 1640 1808
f 1690 3770 3772
f 487 1648 1811
f 3839 1816 3822
f 3838 1648 3830
f 3839 1811 3838
f 1812 487 1811
f 1641 767 768
f 465 755 776
f 767 3823 3808
f 3822 3826 3847
f 1809 1815 767
f 3837 1651 3840
f 675 3541 3496
f 1814 1822 1821
f 1821 3821 3820
f 1824 1649 1825
f 1827 1850 1805
f 1668 1662 1663
f 1779 1848 1828
f 1790 1805 1794
f 1833 1853 1852
f 3521 693 575
f 1614 1616 1617
f 1852 3498 3501
f 1620 1622 1623
f 1855 1574 1861
f 1847 3501 3513
f 1766 1855 1782
f 1629 1631 1628
f 1633 1634 1632
f 1635 1637 1638
f 1848 1852 1847
f 1855 1863 1862
f 1803 1867 1802
f 1862 1831 1832
f 1782 1862 1781
f 3922 1865 1800
f 1873 1870 1869
f 1874 799 804
f 2045 3897 2044
f 1219 1295 1225
f 1615 1396 1395
f 3884 1877 1876
f 645 3786 3559
f 1345 1035 1346
f 634 3884 3880
f 15 1327 14
f 3910 1878 1893
f 1894 605 1893
f 3506 627 693
f 3560 645 3559
f 340 454 1558
f 1897 195 1898
f 1889 1877 1890
f 1901 129 1900
f 196 754 232
f 1705 3921 3916
f 340 166 343
f 1570 563 561
f 1904 194 1897
f 1781 1832 1780
f 1905 55 1906
f 1000 995 996
f 986 920 987
f 1191 1190 1194
f 2094 2075 2093
f 1920 1919 1915
f 453 1912 1911
f 1915 1918 1916
f 3882 2106 3901
f 1655 3531 1868
f 1916 1926 1925
f 704 3561 703
f 278 1925 1900
f 3565 1818 1820
f 1097 1115 1114
f 1927 727 1923
f 3578 3654 3758
f 1920 307 1929
f 1929 48 728
f 503 1497 1509
f 1902 787 796
f 1816 3820 3826
f 1925 1923 1924
f 1535 1568 1534
f 254 258 255
f 1509 366 367
f 119 35 36
f 219 293 294
f 141 47 431
f 542 244 245
f 1940 430 431
f 1779 1827 1790
f 1701 3915 3919
f 1661 3515 1667
f 270 754 647
f 197 749 196
f 1727 1212 1211
f 53 232 754
f 1465 1479 1478
f 1284 3854 1293
f 1951 412 413
f 168 1554 1553
f 1486 206 207
f 506 78 361
f 994 1007 993
f 951 963 964
f 1013 3861 1351
f 3826 1820 1818
f 1498 1954 1482
f 299 543 132
f 1754 1756 1753
f 1681 1683 1682
f 1696 1695 1697
f 13 738 737
f 473 475 474
f 482 768 1640
f 204 30 205
f 1761 820 819
f 611 1125 612
f 1501 1908 1909
f 1074 711 699
f 1960 82 83
f 120 1960 123
f 35 87 34
f 1773 1025 1031
f 1965 1569 1535
f 494 471 479
f 1966 1969 1968
f 446 1971 1967
f 174 125 126
f 1580 1578 1577
f 1785 1787 1784
f 1972 304 305
f 1254 875 999
f 1973 342 514
f 321 1973 509
f 1910 275 1907
f 509 514 508
f 1486 1527 1485
f 1974 804 1975
f 1977 1974 1978
f 1980 1966 1981
f 379 2 295
f 1718 1710 1701
f 884 992 883
f 1680 1678 1679
f 902 525 524
f 344 256 299
f 135 137 136
f 236 228 333
f 448 1967 1966
f 589 604 584
f 910 908 907
f 1981 1968 1987
f 1982 1987 1979
f 1988 1987 1989
f 1990 1989 1991
f 1991 1993 1992
f 322 320 319
f 992 830 883
f 1144 1086 1143
f 1995 1978 1994
f 1133 1118 1126
f 1997 1994 1996
f 870 1335 1489
f 805 1982 1998
f 727 2000 1999
f 1996 1988 1990
f 1994 1979 1988
f 1829 792 1273
f 1830 941 983
f 798 800 799
f 729 731 730
f 2011 2023 2022
f 1834 846 1159
f 402 284 347
f 2022 2024 2025
f 1838 989 988
f 810 952 809
f 1823 1840 644
f 1430 1432 1431
f 1215 1841 1079
f 149 176 177
f 1316 873 872
f 2112 1384 2106
f 1842 1844 1845
f 1159 845 1160
f 837 1846 1120
f 1971 2030 2027
f 517 370 189
f 858 833 812
f 1471 2027 1888
f 3551 626 627
f 2174 770 490
f 935 1854 1010
f 1613 1611 1618
f 1231 1225 1295
f 1856 891 892
f 1300 748 741
f 1150 1858 1859
f 1643 696 1642
f 1215 1264 1216
f 1320 902 901
f 1956 1944 1960
f 2031 669 1474
f 2034 1310 1299
f 1879 1656 1657
f 40 242 39
f 1992 2039 1456
f 888 957 889
f 1882 1996 1990
f 1078 1255 1077
f 1871 1192 1090
f 294 218 219
f 1323 2026 1471
f 123 83 1484
f 1324 2041 1323
f 384 359 352
f 1324 2038 2036
f 1883 1885 1829
f 287 114 107
f 1096 1134 661
f 915 931 916
f 806 1981 1982
f 3533 584 604
f 1425 2042 1018
f 1018 1948 1017
f 3562 740 3519
f 1948 649 646
f 1881 1990 1991
f 1900 130 278
f 992 994 993
f 923 925 924
f 3878 2047 3876
f 1643 625 606
f 2050 2051 2049
f 2045 1404 2047
f 3876 945 3885
f 1139 1079 1841
f 1037 892 982
f 2055 2057 2056
f 1198 718 717
f 1619 1612 1611
f 2058 1606 2059
f 2059 1607 2058
f 2058 1624 1605
f 71 179 37
f 405 1557 382
f 976 1006 977
f 322 1972 1911
f 2061 2063 2062
f 2066 2067 1825
f 2052 2064 2051
f 1609 2066 1647
f 1515 152 1516
f 1009 993 1007
f 1644 3815 2118
f 279 1916 278
f 1285 3862 1284
f 1647 1825 1649
f 2056 2067 2065
f 319 1953 1952
f 667 1913 1914
f 2070 625 2048
f 2052 2055 2063
f 2038 1655 1458
f 1606 2073 2072
f 1235 1270 1236
f 2072 2075 2074
f 2059 2072 2062
f 2074 2077 2076
f 1601 2078 2073
f 2049 1643 1645
f 1000 1001 994
f 1089 684 689
f 1931 1306 1930
f 1462 1021 1022
f 1932 1934 1935
f 875 1846 998
f 1936 1937 1938
f 44 46 92
f 1534 1956 120
f 1541 317 391
f 2081 2084 2083
f 146 1959 300
f 1360 1942 1361
f 985 1032 1033
f 1995 1892 2043
f 2079 2082 2081
f 2095 2076 2077
f 2081 2078 2079
f 2055 2054 2053
f 501 2095 500
f 2097 2099 2098
f 2098 2094 2083
f 2140 3893 3866
f 2141 3894 3893
f 2051 2048 2049
f 592 2101 1576
f 2071 2076 2096
f 2102 2098 2101
f 593 2102 592
f 1019 746 747
f 1950 12 1327
f 725 2096 501
f 1385 2104 1379
f 1379 2106 1384
f 2107 2100 2097
f 3908 502 3896
f 3896 499 3901
f 940 2109 944
f 928 1170 973
f 3868 684 3899
f 1962 1964 1961
f 3878 573 3897
f 2039 1968 1969
f 1389 2110 2109
f 1398 2113 1397
f 3757 3753 3743
f 3911 2107 2103
f 949 924 1115
f 260 324 326
f 1390 2113 2110
f 2070 2064 2071
f 3867 2103 593
f 2105 1421 2114
f 2114 1423 2115
f 3892 2115 3903
f 3908 2114 3892
f 554 1902 553
f 972 967 966
f 1765 1573 1574
f 1984 1986 1983
f 2053 2069 2057
f 3573 724 714
f 1625 1674 1673
f 3881 2119 2122
f 3903 2123 3904
f 56 1906 55
f 626 3879 629
f 2001 2003 2004
f 3912 2127 3907
f 2006 2008 2009
f 2127 1412 2128
f 2014 2016 2017
f 2018 2020 2021
f 1495 1947 197
f 1379 1386 1385
f 3814 1680 1618
f 2029 1884 2028
f 3902 2120 3887
f 629 3914 3872
f 682 943 1089
f 724 2121 716
f 1757 3821 3845
f 765 3844 3809
f 3851 715 3852
f 706 3870 3872
f 981 987 980
f 1457 1656 1880
f 2017 2032 2033
f 1458 1868 1457
f 1776 1792 1793
f 1959 1946 1958
f 3663 3725 3661
f 3913 2122 3850
f 1093 689 1088
f 966 968 972
f 3852 3881 3913
f 2172 2170 2171
f 670 2137 669
f 3761 1903 233
f 1429 28 1449
f 964 978 971
f 3841 1413 2127
f 1473 669 2137
f 3834 1359 1358
f 2138 1870 2137
f 1872 2137 1870
f 715 3888 3881
f 1881 1992 1880
f 3843 739 740
f 1837 3513 3514
f 253 59 85
f 1808 3840 1807
f 1647 3818 1609
f 3865 671 668
f 2112 3883 2111
f 1405 2044 1438
f 3829 1364 1366
f 273 391 249
f 576 3520 3555
f 3875 668 2031
f 1430 2140 2139
f 2136 3860 28
f 1430 18 19
f 3893 570 695
f 1442 2046 2141
f 1431 2141 2140
f 3869 3850 2136
f 3808 1817 766
f 3866 695 671
f 2142 798 2138
f 571 2142 694
f 3819 1618 1611
f 2143 2025 2142
f 694 2138 670
f 681 2144 572
f 2144 2022 2143
f 328 457 290
f 1572 2011 2144
f 630 3903 624
f 2085 2087 2088
f 2090 2092 2089
f 572 2143 571
f 1875 2153 2149
f 1873 2149 2154
f 2103 2097 2102
f 2157 2155 2156
f 2128 1414 2120
f 3874 589 582
f 3872 628 629
f 2149 2158 2159
f 2159 3905 3890
f 698 3902 705
f 3823 3827 1817
f 2158 3874 3905
f 1438 2046 1439
f 2035 2160 2161
f 2161 3889 3886
f 3871 605 589
f 3873 18 3875
f 370 61 451
f 649 413 648
f 2153 2156 2158
f 1428 1449 1450
f 1490 73 1488
f 3890 710 633
f 2155 3891 3871
f 1456 1880 1992
f 2125 2087 2124
f 2160 3890 3889
f 300 505 323
f 1064 1046 1065
f 2043 1891 2155
f 2129 2004 2003
f 2131 2133 2134
f 3848 1450 1449
f 1998 804 805
f 3879 3864 3914
f 474 490 770
f 1164 1182 1177
f 707 3909 3870
f 708 2162 707
f 2162 3886 3909
f 548 1905 458
f 1145 1114 1171
f 705 1650 704
f 2043 1977 1995
f 737 554 559
f 1034 1191 1023
f 458 1907 275
f 195 232 233
f 2040 1969 1970
f 2145 2147 2148
f 2054 2049 1645
f 3832 1639 3818
f 9 11 10
f 252 506 258
f 472 479 471
f 1865 3791 3503
f 900 910 907
f 1941 2151 1942
f 1921 1927 1919
f 2163 1898 2116
f 271 153 178
f 1904 12 9
f 282 264 460
f 1872 2154 2035
f 1326 1897 2163
f 628 693 627
f 1724 1719 1723
f 1549 436 172
f 1582 1730 1729
f 1921 1929 1928
f 3563 10 11
f 2152 1950 1949
f 475 774 771
f 769 2171 473
f 2171 476 473
f 476 772 475
f 1791 464 1760
f 2166 2168 2169
f 595 372 98
f 483 1641 482
f 762 2173 470
f 771 484 492
f 486 1809 483
f 297 1517 296
f 763 2174 762
f 776 759 489
f 184 2176 2000
f 412 303 414
f 2005 185 224
f 3811 1682 3846
f 2164 756 764
f 1472 2161 2162
f 950 964 965
f 2177 2179 2180
f 227 1510 333
f 764 467 2164
f 2182 2184 2181
f 2186 2018 2185
f 1985 2181 1986
f 214 729 1531
f 1545 1546 1569
f 865 842 866
f 849 1357 1362
f 452 1558 454
f 559 3188 737
f 16 737 3188
f 560 498 374
f 3193 3195 3194
f 3200 3198 3199
f 3211 3213 3212
f 3215 3217 3216
f 2187 2002 2001
f 2169 2189 2190
f 2192 2085 2191
f 2193 2195 2196
f 2198 2200 2197
f 1998 1979 1975
f 3664 3668 3671
f 2116 1903 1902
f 1859 2009 1150
f 3904 2126 3906
f 1135 1087 1130
f 2201 2015 2014
f 1149 110 1858
f 3221 3218 3215
f 2203 2205 2206
f 579 1895 1019
f 1755 2208 1756
f 3891 1893 605
f 1211 2150 1727
f 868 2210 2209
f 944 930 940
f 2130 2202 2201
f 233 1898 195
f 665 750 666
f 1167 999 618
f 2211 2213 2214
f 2215 2217 2218
f 3867 590 3868
f 2220 220 2219
f 823 948 1094
f 3225 3227 3226
f 266 455 265
f 3882 2107 3883
f 2221 3519 3517
f 2223 2225 2226
f 2207 2124 2208
f 673 3869 3864
f 817 996 815
f 2227 2146 2145
f 1947 646 749
f 3900 17 3873
f 2229 1638 1381
f 1679 1618 1680
f 1637 2232 2230
f 2233 1617 1616
f 2231 2236 2237
f 1381 2238 1382
f 3586 2242 3587
f 1630 2233 1631
f 1681 472 469
f 1408 2243 2244
f 3236 3238 3237
f 3232 3240 3235
f 1637 2238 1638
f 3237 3233 3234
f 1409 1634 2245
f 1380 2247 2246
f 1628 2245 1621
f 2249 1622 1633
f 1632 1408 2244
f 2248 1631 2250
f 2235 1637 1636
f 3245 3199 3198
f 631 2071 725
f 515 52 49
f 782 2251 1251
f 2253 2255 2252
f 397 459 784
f 1456 2040 1455
f 2040 2036 1455
f 1401 2111 1398
f 2041 1970 2026
f 1535 414 1965
f 1586 2080 2079
f 2256 1132 1886
f 1700 3918 3919
f 3815 1686 3817
f 1263 1886 1096
f 598 844 599
f 2257 2259 2260
f 2258 2262 2259
f 2259 2263 2216
f 2260 2216 2215
f 1967 1970 1969
f 2212 1963 2213
f 922 2218 2217
f 1312 1101 2264
f 1307 1286 789
f 1548 1546 1972
f 2266 2268 2265
f 2265 2270 2269
f 2272 2269 2271
f 2273 2265 2272
f 2275 2277 2274
f 2278 2277 2279
f 2284 3617 3639
f 2287 2286 2281
f 2288 2283 2287
f 2290 3639 3620
f 2291 2293 2294
f 2295 2294 2279
f 2296 2291 2295
f 2297 2292 2291
f 2294 2299 2300
f 2279 2300 2278
f 2298 2302 2292
f 2292 2303 2293
f 2293 2304 2299
f 2304 2306 2299
f 2306 2300 2299
f 2308 2310 2307
f 2302 2310 2303
f 2301 2307 2302
f 2312 2307 2311
f 2313 2315 2316
f 2318 2320 2317
f 3748 2322 2323
f 2324 2273 2326
f 2313 2326 2327
f 2328 2313 2316
f 2329 2324 2328
f 2331 2333 2330
f 2330 2267 2266
f 2325 2266 2273
f 2329 2330 2325
f 2333 2335 2267
f 2336 2333 2332
f 2338 2332 2337
f 2331 2337 2332
f 2329 2339 2331
f 2328 2340 2329
f 2316 2341 2328
f 2342 2315 2343
f 2344 2346 2347
f 2341 2347 2340
f 2342 2344 2341
f 2348 2345 2344
f 2350 2352 2353
f 2339 2353 2337
f 2340 2350 2339
f 2347 2351 2350
f 2337 2354 2338
f 2353 2355 2354
f 2356 2276 2357
f 2356 2358 2359
f 2356 2296 2295
f 2279 2356 2295
f 2360 2270 2268
f 2267 2360 2268
f 2362 2364 2365
f 2362 2361 2358
f 2366 2358 2357
f 2366 2363 2362
f 2357 2368 2366
f 2366 2369 2367
f 2276 2370 2368
f 2368 2282 2369
f 2372 2374 2371
f 2375 2377 2007
f 2378 2380 2381
f 2382 2381 2383
f 2384 2378 2382
f 2385 2379 2378
f 2388 2390 2387
f 2387 2392 2391
f 2393 2387 2391
f 2394 2388 2387
f 2186 2402 2400
f 2403 2327 2326
f 2272 2326 2273
f 2271 2403 2272
f 2405 2404 2403
f 2404 2408 2327
f 2409 2411 2412
f 2409 2271 2269
f 2413 2269 2270
f 2413 2410 2409
f 2417 2416 2418
f 2417 2406 2405
f 2412 2405 2271
f 2411 2417 2412
f 2406 2407 2404
f 3569 632 713
f 2420 2397 2421
f 2420 2423 2422
f 2424 2422 2419
f 2424 2398 2420
f 2425 2392 2426
f 2421 2426 2423
f 2397 2425 2421
f 2396 2391 2425
f 2427 2315 2314
f 2427 2408 2428
f 2430 2428 2429
f 2343 2427 2430
f 2432 2430 2431
f 2431 2429 2433
f 2435 2433 2434
f 2436 2431 2435
f 2428 2407 2437
f 2422 2407 2419
f 2438 2422 2423
f 2429 2437 2438
f 2440 2433 2439
f 2441 2433 2429
f 2442 2439 2441
f 2443 2440 2439
f 2445 2444 2443
f 2447 2443 2442
f 2383 2445 2447
f 2381 2446 2445
f 2448 2423 2426
f 2449 2426 2392
f 2441 2449 2442
f 2441 2438 2448
f 2449 2390 2450
f 2450 2389 2451
f 2447 2451 2383
f 2442 2450 2447
f 2451 2453 2452
f 2452 2455 2454
f 2382 2454 2384
f 2383 2452 2382
f 2456 2373 2372
f 2459 2461 2458
f 2463 2465 2462
f 2462 2285 2284
f 2466 2284 2290
f 2467 2462 2466
f 2461 3703 3701
f 2468 2470 2471
f 2472 2471 2473
f 2474 3701 3688
f 2475 2477 2478
f 2458 2453 2479
f 2479 2389 2388
f 2395 2479 2388
f 2480 2458 2479
f 2481 2483 2478
f 2484 2485 221
f 2471 2464 2463
f 2473 2463 2467
f 2487 2466 2486
f 2486 2290 2488
f 2490 2488 2489
f 2491 2486 2490
f 2492 2467 2487
f 2493 2487 2491
f 2494 2492 2493
f 2495 2473 2492
f 3690 2474 3688
f 3691 2496 3690
f 2498 2493 2499
f 2500 2499 2501
f 3700 2498 2500
f 3687 2494 2498
f 2306 2278 2300
f 2305 2504 2306
f 2504 2507 2506
f 2506 2288 2508
f 2274 2508 2275
f 2278 2506 2274
f 3633 2489 2488
f 3620 2488 2290
f 2507 2289 2288
f 2505 2509 2507
f 2508 2287 2511
f 2511 2281 2280
f 2370 2280 2282
f 2275 2511 2370
f 2512 2489 2513
f 2514 2513 2515
f 2517 2514 2516
f 2517 2490 2512
f 2499 2491 2517
f 2499 2516 2501
f 2510 2519 2518
f 2518 2521 2520
f 3616 2520 3621
f 3632 2518 3616
f 2522 2303 2310
f 2523 2310 2309
f 2305 2522 2524
f 2524 2523 2525
f 2519 2525 2521
f 2505 2524 2519
f 2308 2527 2526
f 2526 2529 2528
f 2531 2528 2530
f 2309 2526 2531
f 1214 2151 1211
f 2419 2418 2424
f 2533 2349 2317
f 2534 2317 2320
f 2535 2533 2534
f 2536 2345 2533
f 2537 2346 2536
f 2538 2536 2535
f 2539 2537 2538
f 2540 2351 2537
f 2312 2541 2527
f 2527 2542 2529
f 2543 2434 2544
f 2545 2544 2546
f 2319 2543 2545
f 2318 2435 2543
f 2514 2548 2547
f 2547 2550 2549
f 2552 2549 2551
f 2552 2514 2547
f 2520 2554 2553
f 2553 2556 2555
f 3590 2555 3593
f 3621 2553 3590
f 2523 2531 2557
f 2557 2530 2558
f 2525 2557 2559
f 2559 2558 2560
f 2554 2560 2556
f 2521 2559 2554
f 2561 2007 2006
f 2376 2225 2377
f 2564 2566 2563
f 2563 338 2567
f 2569 2567 2568
f 2570 2563 2569
f 2572 2574 2571
f 2571 2576 2575
f 2544 2575 2546
f 2544 2572 2571
f 2578 2569 2577
f 2579 2569 2568
f 2574 2579 2576
f 2573 2577 2574
f 2581 2583 2580
f 2584 2583 2585
f 3697 2580 2584
f 3676 2580 3675
f 2582 2552 2583
f 2583 2551 2585
f 2500 2589 2588
f 2590 2589 2591
f 3693 2588 2590
f 3695 2500 2588
f 2501 2591 2589
f 2592 2594 2595
f 2386 2503 2502
f 2596 2386 2374
f 2596 2373 2597
f 2599 2597 2598
f 2599 2379 2596
f 2600 2380 2599
f 2600 2598 2601
f 2603 2601 2602
f 2603 2446 2600
f 2604 2602 2605
f 2440 2605 2434
f 2444 2604 2440
f 2606 2581 2607
f 2606 2590 2591
f 2591 2582 2606
f 3676 2456 3689
f 3689 2372 3693
f 2478 2608 2481
f 2609 2611 2199
f 2564 2613 2612
f 2612 2598 2597
f 2457 2597 2373
f 2565 2612 2457
f 2614 2570 2578
f 2615 2578 2573
f 2602 2614 2615
f 2601 2613 2614
f 2572 2605 2616
f 2616 2602 2615
f 2573 2616 2615
f 1459 1045 1021
f 1265 1079 1082
f 1612 1609 1611
f 2067 2069 2068
f 1135 1136 1148
f 1938 2618 2617
f 95 458 128
f 2058 1608 1612
f 1454 1445 1367
f 655 1048 2619
f 722 2621 723
f 1131 1033 1134
f 562 366 1497
f 1723 1725 1591
f 1786 1122 1787
f 267 323 266
f 1325 1654 2038
f 1468 1435 1479
f 658 529 528
f 8 247 7
f 382 1559 3
f 788 1307 789
f 940 929 928
f 911 2623 912
f 2621 655 654
f 2624 2625 2626
f 998 27 26
f 635 2626 2625
f 2627 644 1840
f 2628 1840 2629
f 1200 2627 2628
f 1199 641 2627
f 1520 49 477
f 1452 1349 1451
f 2630 1859 1858
f 644 1335 1823
f 1197 717 2632
f 2632 719 1166
f 2628 1166 1200
f 2629 2632 2628
f 1762 1050 821
f 1823 873 1839
f 2634 794 652
f 1028 1027 1161
f 1042 2635 1043
f 93 1901 1924
f 2036 1458 1455
f 1527 1525 1526
f 877 1274 1277
f 134 797 1544
f 1328 931 1329
f 607 1091 1161
f 1043 2637 2636
f 2636 2639 2638
f 1275 2638 1276
f 1275 1043 2636
f 1272 2626 2640
f 2640 638 637
f 1110 2640 637
f 536 2640 2641
f 1472 1474 1473
f 2042 1951 649
f 1058 1105 1059
f 2642 2643 2644
f 1192 2644 1193
f 912 2642 1192
f 3898 3526 3786
f 1049 2620 2621
f 616 1885 613
f 1331 666 750
f 990 1198 525
f 1911 321 322
f 1298 1205 2645
f 76 1504 75
f 1502 421 422
f 610 658 691
f 1146 659 938
f 2646 914 936
f 1280 1238 1279
f 975 2647 2648
f 2647 975 974
f 1453 1452 1451
f 1514 158 151
f 835 1843 1842
f 1271 1173 1289
f 2649 813 2650
f 1893 1826 1894
f 1050 1937 1051
f 2651 814 813
f 1006 1281 977
f 2653 2654 2655
f 1001 1003 1002
f 585 679 558
f 2624 621 620
f 555 2028 556
f 1207 1197 2629
f 1626 478 472
f 426 419 1567
f 1030 1773 1031
f 3898 634 3880
f 534 138 262
f 1125 1042 1041
f 333 88 227
f 569 561 730
f 1489 871 870
f 1857 620 891
f 1673 3770 3763
f 622 864 1308
f 2647 974 2657
f 619 891 620
f 261 545 262
f 393 1556 404
f 2658 2647 2657
f 1075 2657 917
f 1081 2658 1075
f 1080 2659 2658
f 2644 1141 2660
f 2660 1140 1336
f 642 1336 643
f 1193 2660 642
f 679 555 558
f 1503 1500 1502
f 1318 1101 1100
f 2661 1139 1142
f 2661 2663 2662
f 2662 2659 2661
f 2662 2622 2664
f 2664 911 2646
f 2648 2646 1146
f 2648 2662 2664
f 2083 2093 2081
f 1442 1437 1439
f 519 330 51
f 1885 1209 613
f 799 805 804
f 1946 1952 1953
f 1302 1253 1252
f 566 224 533
f 1389 928 1388
f 683 681 680
f 836 1842 2665
f 2665 1845 1303
f 2666 1303 1302
f 24 2665 2666
f 831 2650 832
f 1845 1304 1303
f 2010 2012 2011
f 1051 2667 2668
f 1522 1511 1523
f 531 441 522
f 782 1251 1250
f 1250 2625 2669
f 2669 1857 1856
f 783 1856 1037
f 782 2669 783
f 720 2671 721
f 1055 1930 1056
f 1333 1251 2251
f 619 1308 1307
f 652 2619 2634
f 521 1539 1540
f 1838 537 2672
f 2672 536 2641
f 1113 2641 1110
f 1113 1838 2672
f 1016 1351 1045
f 3897 570 3894
f 226 104 101
f 3564 3827 1818
f 1036 1884 1883
f 2674 1304 2673
f 2673 1844 2675
f 1334 2675 1039
f 1333 2673 1334
f 2676 1039 2675
f 1843 2675 1844
f 942 2676 1843
f 1074 702 2676
f 811 859 858
f 752 1055 753
f 1200 656 1026
f 1120 874 2677
f 2677 877 1052
f 1241 1052 1005
f 1119 2677 1241
f 1560 151 1515
f 1208 611 523
f 215 736 214
f 1460 1462 1461
f 1208 1839 873
f 854 1282 1297
f 72 182 179
f 544 1565 512
f 217 456 457
f 2047 930 945
f 1204 1937 2633
f 913 686 685
f 840 1113 1112
f 1531 730 561
f 2678 1283 801
f 601 1914 602
f 1537 459 460
f 1819 3509 3527
f 991 862 538
f 2679 1073 1830
f 2680 983 2256
f 779 2256 1263
f 778 2680 779
f 2678 1830 2680
f 180 245 40
f 1886 1131 1134
f 1138 1274 1255
f 1841 1140 1139
f 75 314 74
f 193 420 192
f 2681 1099 1098
f 170 1565 169
f 349 417 432
f 1121 2684 2683
f 547 409 302
f 123 121 120
f 2643 1142 1141
f 1542 513 1543
f 899 907 919
f 1210 676 867
f 791 982 892
f 24 837 836
f 893 932 931
f 1860 863 862
f 535 862 861
f 832 813 812
f 2650 813 832
f 1569 1547 1568
f 181 542 180
f 660 937 688
f 2013 568 2012
f 887 2631 2630
f 1524 361 78
f 520 162 1529
f 2653 854 2685
f 1238 2655 2686
f 718 527 530
f 1492 518 1491
f 792 615 793
f 599 1835 596
f 290 456 175
f 312 1552 425
f 1248 1179 1249
f 153 177 178
f 1240 1222 1221
f 1257 1235 1071
f 1291 1083 1222
f 1052 1277 1053
f 743 2618 1204
f 444 430 443
f 23 1172 1187
f 2687 1180 1179
f 102 409 134
f 1283 610 801
f 373 650 651
f 1180 1084 1291
f 855 2655 1237
f 1173 1917 1174
f 2689 853 2688
f 2688 1108 1279
f 2686 1279 1238
f 2687 2688 2686
f 2691 1252 2690
f 2690 850 2689
f 1248 2689 2687
f 1248 2691 2690
f 2692 24 2666
f 2691 2666 1302
f 1247 2692 2691
f 1258 617 2692
f 394 1555 393
f 2693 1259 1223
f 1072 1262 1261
f 1257 1168 1258
f 398 1555 1554
f 871 1314 872
f 1178 1249 1179
f 1224 1173 1172
f 1010 2618 742
f 1175 1292 1269
f 2654 2686 2655
f 2694 1216 1264
f 71 1487 70
f 701 1111 1038
f 1072 2649 2650
f 1085 22 21
f 895 1264 896
f 1601 1605 1604
f 1259 1271 1289
f 21 1220 1083
f 988 538 537
f 598 1336 1140
f 820 1762 821
f 1050 818 821
f 1298 1761 2652
f 1168 618 617
f 858 1256 833
f 39 516 1536
f 2652 819 814
f 313 315 314
f 2026 1971 2027
f 2656 596 1835
f 814 818 811
f 2696 813 2649
f 1260 2649 1261
f 2693 2696 1260
f 2697 2651 2696
f 381 390 380
f 3818 1611 1609
f 1475 1428 1227
f 1292 1917 1235
f 1551 354 1518
f 1526 1523 1511
f 1593 1595 1573
f 1232 1246 1249
f 2695 1223 22
f 2698 1296 2697
f 2698 2693 2695
f 2685 2695 1085
f 2685 1297 2698
f 562 271 272
f 2652 1296 1298
f 1365 1364 1363
f 1958 1953 1957
f 585 2210 997
f 1561 1515 435
f 975 1146 976
f 347 68 346
f 1038 636 1068
f 2700 780 2699
f 2699 1036 1883
f 2701 1883 1829
f 851 2699 2701
f 2674 2251 2702
f 2702 781 2700
f 1253 2700 851
f 1301 2702 1253
f 1519 388 1550
f 1273 1280 2703
f 2703 1107 852
f 2701 852 851
f 1829 2703 2701
f 91 326 90
f 1784 2656 1785
f 2683 2705 2704
f 604 3499 3533
f 1669 3548 1662
f 2062 2060 2059
f 621 861 622
f 2023 732 2024
f 686 1263 687
f 857 2668 1328
f 883 882 879
f 637 1111 1110
f 2668 893 1328
f 2667 894 2668
f 1039 1068 1334
f 313 1504 1505
f 1911 305 453
f 1936 1964 2212
f 2707 2401 2183
f 2708 2183 2182
f 738 2116 554
f 2349 2432 2436
f 2711 2020 2019
f 2400 2019 2186
f 2714 2716 2713
f 2717 2719 2720
f 2721 2723 2724
f 2726 2728 2725
f 2725 2730 2729
f 2731 2729 2709
f 2732 2725 2731
f 2734 2736 2733
f 2738 2740 2737
f 2737 2741 2742
f 2744 2746 2743
f 2745 2748 2747
f 2749 2747 2751
f 2753 2751 2752
f 2250 2246 2248
f 2754 1614 2755
f 3598 2755 3609
f 3608 2747 3609
f 1617 2755 1614
f 2242 1620 2757
f 2191 2760 2759
f 2761 2760 2762
f 3648 2761 3649
f 3623 2759 3648
f 3209 3223 3224
f 1395 2236 2235
f 1395 1636 1615
f 1616 2229 2233
f 1617 2763 2756
f 2756 3628 3608
f 2765 2234 1630
f 2766 3628 3622
f 3202 3246 3247
f 1516 435 1515
f 2768 3552 3553
f 1495 578 1424
f 2135 28 17
f 3526 2773 2774
f 1690 3926 3925
f 2778 2780 2777
f 2777 2781 2782
f 2784 2777 2783
f 3555 575 576
f 1494 9 540
f 3529 2015 3566
f 451 505 450
f 2786 2788 2785
f 2779 2785 2780
f 2789 2741 2740
f 2790 2752 2789
f 2792 2794 2791
f 2793 2796 2794
f 2796 2750 2749
f 2794 2749 2753
f 2798 1396 2754
f 3591 2754 3598
f 2798 2800 1393
f 3591 2799 2798
f 2797 2795 2801
f 2791 2753 2790
f 216 232 54
f 3804 2807 3803
f 3805 2804 3803
f 2769 3557 3552
f 183 184 97
f 2811 2775 2776
f 2804 2776 2805
f 2809 2811 2804
f 2812 2813 2814
f 3805 2816 3795
f 3796 2815 3795
f 3798 2820 2821
f 3793 2819 3798
f 2824 2735 2819
f 2823 2824 2819
f 2825 2826 2724
f 3793 2827 3792
f 3796 2826 3792
f 2713 2829 2828
f 2828 2831 2830
f 2822 2828 2830
f 2821 2713 2828
f 2832 2822 2830
f 2833 2830 2831
f 2834 2832 2833
f 2835 2827 2832
f 2837 2839 2836
f 2836 2841 2840
f 2842 2840 2727
f 2843 2836 2842
f 2840 2845 2844
f 2718 2845 2719
f 2730 2844 2718
f 2727 2844 2728
f 2846 2719 2845
f 2846 2841 2847
f 2829 2847 2831
f 2829 2716 2846
f 2847 2839 2848
f 2848 2838 2849
f 2833 2849 2834
f 2831 2848 2833
f 2850 2851 2852
f 2853 2852 2854
f 2783 2782 2855
f 2785 2853 2856
f 2780 2856 2781
f 2857 2855 2782
f 2859 2782 2781
f 2861 2842 2860
f 2860 2727 2726
f 2862 2726 2732
f 2863 2860 2862
f 2861 2858 2857
f 2843 2857 2859
f 2856 2854 2864
f 2781 2864 2859
f 2837 2859 2864
f 2838 2864 2854
f 2852 2834 2849
f 2854 2849 2838
f 2865 2818 2835
f 2851 2835 2834
f 2813 2815 2865
f 2814 2865 2851
f 2866 2814 2850
f 2788 2850 2853
f 2866 2787 2867
f 2812 2867 2775
f 1892 1890 1891
f 2720 2846 2870
f 298 256 257
f 2872 2713 2820
f 3794 2735 2734
f 2729 2874 2873
f 2846 2715 2870
f 2876 2878 2875
f 2733 2878 2734
f 3806 2879 2880
f 3806 2872 3794
f 2882 2884 2881
f 2881 2715 2714
f 2880 2714 2872
f 2879 2881 2880
f 2885 2887 2888
f 2888 2890 2885
f 2885 2892 2891
f 2893 2885 2891
f 1942 2532 2894
f 2895 2720 2870
f 2884 2870 2715
f 2883 2895 2884
f 2896 2892 2895
f 2889 2717 2890
f 2890 2720 2892
f 2897 2891 2896
f 2898 2896 2883
f 2899 2883 2882
f 2900 2882 2879
f 3797 2879 3807
f 2876 2901 2877
f 2901 2904 2903
f 1785 1835 1834
f 2905 2899 2900
f 2907 2897 2898
f 3797 2903 3799
f 632 577 633
f 3532 2867 2787
f 434 550 350
f 2768 3640 3643
f 2910 1623 2249
f 2241 2758 2242
f 3640 2913 3652
f 1623 2757 1620
f 3587 2757 3652
f 2229 1380 2250
f 2765 1629 2914
f 2915 1629 2912
f 3642 2914 2915
f 3641 2765 2914
f 2919 3642 3613
f 2918 2912 2241
f 3614 2241 3586
f 3618 3613 3670
f 3541 2180 3496
f 3521 2188 3506
f 3705 714 3851
f 2925 2917 2924
f 2924 2916 2919
f 3610 2919 3618
f 3611 2924 3610
f 2926 2766 2925
f 3658 2925 3611
f 1715 1705 1710
f 785 498 796
f 1387 565 1791
f 374 1899 560
f 3573 2206 3556
f 2929 2886 2893
f 2932 2934 2931
f 1905 1908 1907
f 2930 2936 2937
f 2938 2930 2929
f 1493 517 518
f 1603 1586 1602
f 2939 2929 2908
f 2940 2908 2907
f 3665 1600 3661
f 2886 2937 2887
f 2906 2898 2899
f 2908 2893 2897
f 2942 2933 2941
f 2941 2937 2936
f 3501 2936 3513
f 3498 2941 3501
f 2943 2710 2873
f 2943 2874 2889
f 2945 2889 2888
f 2946 2943 2945
f 2932 2888 2887
f 2931 2945 2932
f 727 1929 728
f 2903 2947 2948
f 545 42 262
f 1480 533 251
f 2907 2949 2940
f 2906 2950 2949
f 1558 215 202
f 3799 2948 3801
f 2054 1644 2118
f 3705 2203 3573
f 1828 1849 1827
f 2953 2955 2952
f 2952 2957 2956
f 2956 2258 2952
f 2953 2258 2257
f 2454 2474 2496
f 3747 2959 3766
f 3747 2131 3737
f 2961 2963 2958
f 2958 2964 2959
f 222 2485 2965
f 2477 2966 2608
f 2631 2006 1859
f 2384 2496 2497
f 2967 2959 2964
f 2968 2970 2969
f 3759 2971 3784
f 3784 2960 3766
f 2972 2033 2032
f 2007 2973 2008
f 3560 2134 2133
f 1836 1832 1831
f 3506 2090 3551
f 955 959 956
f 672 674 673
f 633 713 632
f 2024 733 803
f 2025 803 798
f 425 1550 388
f 2975 888 887
f 1319 1157 2694
f 1212 2977 1213
f 889 2228 2227
f 1978 1975 1979
f 1138 1329 915
f 751 2979 2978
f 1619 1625 1624
f 2252 1728 1727
f 1157 845 1216
f 2706 1938 2617
f 2980 2254 2981
f 2982 887 2630
f 802 711 2679
f 678 2029 2028
f 527 690 528
f 1839 2629 1840
f 2983 602 1914
f 2983 1913 1331
f 2985 1331 1054
f 2986 2983 2985
f 2987 2635 2634
f 2985 2639 2986
f 2990 1318 2989
f 2991 2993 2994
f 2995 2994 2996
f 1106 2991 2995
f 1058 2992 2991
f 1415 1365 1367
f 1317 2217 2997
f 1932 2255 2980
f 926 2999 664
f 3001 2992 3000
f 3000 1057 2978
f 2999 2978 2979
f 2998 3000 2999
f 3002 2209 3003
f 3002 2996 2994
f 2993 3002 2994
f 3001 2998 3002
f 1103 2995 3004
f 3004 2996 3003
f 2209 3004 3003
f 588 3004 2210
f 295 433 381
f 2638 2988 3005
f 3005 1056 1930
f 1305 1930 1306
f 1276 3005 1305
f 1987 1993 1989
f 2633 1761 2645
f 1423 1417 1419
f 3561 739 703
f 2671 2704 2705
f 1473 2035 1472
f 922 2694 895
f 1401 1378 1384
f 556 1884 1037
f 842 3825 3836
f 1854 2617 1010
f 933 1081 1075
f 1440 1436 1437
f 529 719 530
f 1031 1027 1028
f 777 912 1871
f 2645 1204 2633
f 441 1538 1537
f 790 587 586
f 2065 1610 1607
f 1860 990 902
f 60 87 59
f 1424 1948 1947
f 332 1507 331
f 261 138 135
f 187 449 507
f 1719 1726 1725
f 1931 1059 3006
f 3006 1105 1104
f 1287 1104 587
f 1286 3006 1287
f 3007 3009 3010
f 3009 653 795
f 618 26 25
f 2029 1210 1209
f 957 600 2228
f 1049 2228 600
f 2631 3011 2561
f 890 2227 3011
f 3011 2145 3012
f 2561 3012 2375
f 1026 609 608
f 2706 1961 1964
f 3013 2485 3014
f 2148 1267 3015
f 3015 1266 1311
f 2997 1101 1317
f 642 1773 1193
f 186 461 511
f 1041 1320 901
f 1121 3017 1122
f 2984 2987 3018
f 3018 2634 2619
f 1048 3018 2619
f 603 2984 3018
f 2679 801 802
f 2062 2074 2061
f 2061 2076 2064
f 414 1545 1965
f 3016 2683 3019
f 3019 2704 2670
f 3020 2670 720
f 3007 3019 3020
f 1871 1091 777
f 3021 1122 3017
f 3022 3017 3010
f 1314 3022 1315
f 1784 3021 1314
f 1316 1763 611
f 3023 3010 3009
f 3023 795 1092
f 1763 1092 1125
f 1315 3023 1763
f 3016 3010 3017
f 752 2978 1057
f 2986 2637 2987
f 3024 653 3008
f 3020 3008 3007
f 720 3024 3020
f 723 654 3024
f 2681 1268 3025
f 2671 1268 721
f 2705 3025 2671
f 1313 3027 1311
f 3026 3029 3027
f 3027 3030 3031
f 1311 3031 3015
f 2012 731 2023
f 917 974 977
f 743 856 744
f 1888 2030 1425
f 2682 2684 3032
f 3032 1124 2989
f 1100 2989 1318
f 1099 3032 1100
f 1123 2989 1124
f 3033 1159 1158
f 2990 1158 1319
f 1123 3033 2990
f 1786 1834 3033
f 1054 2988 2985
f 2979 664 2999
f 2623 2663 2643
f 1095 688 687
f 3034 2261 2956
f 3036 2956 2957
f 3037 3034 3036
f 3038 3035 3034
f 3040 3026 1313
f 2263 3041 3040
f 3042 3043 3041
f 3041 3028 3026
f 3044 3043 3039
f 3046 3045 3044
f 3047 3049 3045
f 3043 3049 3028
f 3038 3051 3050
f 3050 3053 3052
f 3052 3044 3050
f 3039 3050 3044
f 3054 3039 3042
f 3042 2262 3054
f 2261 3054 2262
f 2216 2997 2217
f 2212 2667 1936
f 3056 2209 3055
f 934 1961 1854
f 2013 3757 567
f 3058 3060 3061
f 3059 3063 3060
f 3060 2213 1963
f 3061 1963 1962
f 3063 2214 2213
f 3062 3064 3063
f 3065 2260 3064
f 3064 2215 2214
f 3066 3031 3030
f 2608 3067 3066
f 2966 3068 3067
f 3031 3068 3015
f 2455 2461 2474
f 2476 2226 2477
f 3551 2089 3525
f 3526 3769 3786
f 433 355 381
f 2115 1419 2123
f 3509 2922 3527
f 3769 2131 2134
f 3069 2167 2166
f 2971 2928 2960
f 2961 2773 2962
f 3070 2478 2483
f 2610 3071 2954
f 2502 2374 2386
f 3072 2595 3073
f 2964 3052 2967
f 3048 3074 3049
f 2593 3075 3074
f 3075 3029 3074
f 3074 3028 3049
f 3072 3075 2592
f 3076 2482 2481
f 2481 3066 3076
f 3076 3030 3075
f 2967 3053 2970
f 2482 3073 2483
f 479 493 494
f 706 3873 709
f 3561 2221 3517
f 2013 3754 3755
f 3533 2016 3529
f 3562 2222 2974
f 1171 1155 1176
f 2586 2565 2587
f 2982 113 2484
f 2562 3077 3068
f 2376 3012 3077
f 3012 2148 3077
f 3077 3015 3068
f 2963 3046 2964
f 3051 2970 3053
f 1683 491 775
f 3850 1447 3860
f 1986 3734 3768
f 3079 2546 2575
f 3081 2575 2576
f 1983 3768 3765
f 3082 2319 2545
f 3080 2545 2546
f 3734 3082 3080
f 3732 2323 3082
f 1309 1888 748
f 3073 2772 2771
f 2760 3084 2762
f 2760 2088 3083
f 3085 3086 3087
f 3089 3090 3088
f 3089 3084 3085
f 3092 3090 3091
f 3093 2744 2743
f 2751 2748 3093
f 3093 2752 2751
f 2742 3093 3094
f 3094 2743 3095
f 3096 3098 3087
f 3099 3087 3086
f 3097 3095 3098
f 3100 2746 3101
f 3101 3102 3100
f 2764 2927 3101
f 2745 3101 2746
f 3102 3091 3100
f 3100 3095 2743
f 2869 3592 3634
f 3102 3104 3092
f 3658 2869 3634
f 2927 3103 3102
f 3098 3091 3090
f 3087 3090 3085
f 2088 3105 3083
f 3083 3086 3084
f 2483 2771 3070
f 2401 2185 2321
f 3099 3105 3106
f 2125 3106 3105
f 3108 2742 3107
f 3107 3094 3097
f 3110 3107 3109
f 3109 3097 3096
f 3111 3096 3099
f 3112 3109 3111
f 3113 2737 3108
f 3115 2722 3114
f 3117 3114 3116
f 3119 3116 3118
f 3118 3120 3121
f 3116 3113 3120
f 3122 3111 3123
f 3122 1755 1754
f 3124 3126 3127
f 3125 3121 3126
f 3128 3118 3125
f 3129 3125 3124
f 2020 3128 3129
f 3853 1346 1352
f 1065 1047 1066
f 1814 3830 1649
f 2021 3129 3130
f 3111 3106 3123
f 3123 2207 1755
f 2377 2224 2973
f 3014 113 112
f 1756 3782 3767
f 3131 2530 2528
f 3133 2528 2529
f 1753 3767 3775
f 3134 3127 3135
f 2327 2314 2313
f 2436 2317 2349
f 2018 3711 3712
f 2534 3137 2535
f 2320 3136 2534
f 2185 3712 3771
f 3138 2542 2539
f 3134 3744 3745
f 3785 3134 3745
f 3140 2539 2538
f 2535 3140 2538
f 3711 3130 3785
f 2558 3132 3141
f 3782 3141 3132
f 2560 3141 3142
f 3760 3142 3141
f 958 2976 2981
f 1933 2980 3143
f 2399 2418 2416
f 2348 2343 2432
f 2322 2319 2323
f 2718 2874 2730
f 2709 2873 2710
f 2894 1361 1942
f 346 176 347
f 1876 1882 1881
f 2802 3607 3592
f 3104 3088 3092
f 2974 3649 3603
f 3089 2761 2762
f 3088 3145 3089
f 2803 3603 3607
f 3870 692 628
f 2123 1418 2126
f 1365 1368 1367
f 1581 1782 1783
f 3569 2129 3520
f 3555 2002 3521
f 3146 2551 3147
f 3751 3147 3750
f 3742 3146 3751
f 3149 2585 3146
f 3196 3197 3195
f 3604 2191 3623
f 3142 2556 2560
f 3777 3150 3142
f 3646 2550 3593
f 3150 2555 2556
f 3778 3151 3150
f 3788 3152 3646
f 3153 2551 2549
f 3152 2549 2550
f 3781 3153 3152
f 3776 3147 3153
f 3148 2206 2205
f 2183 2321 2184
f 2132 2928 2133
f 3684 2204 2203
f 3719 2197 3721
f 2594 2773 2951
f 2595 2951 2772
f 1870 799 1869
f 3713 2178 3706
f 3706 3736 3790
f 336 3774 3722
f 339 3154 336
f 3789 3149 3742
f 3683 2584 3149
f 2963 3048 3047
f 3722 337 336
f 339 2566 2586
f 3156 2168 2167
f 2610 2167 2611
f 2954 3156 2610
f 3157 2953 2257
f 3707 2169 3709
f 2567 3159 2568
f 337 2567 338
f 3730 2166 3707
f 3764 1983 3765
f 2579 3081 2576
f 2568 3160 2579
f 3709 2190 3764
f 3065 3162 3161
f 3161 1984 2189
f 3157 2189 2168
f 2257 3161 3157
f 734 1922 806
f 3059 2708 3163
f 3163 2182 1985
f 3162 1985 1984
f 3062 3163 3162
f 3203 3205 3204
f 2122 1448 1447
f 3817 1685 3812
f 139 444 69
f 1570 566 533
f 2957 3165 3036
f 2955 3164 2957
f 1912 341 1973
f 3130 3124 3134
f 1548 319 1547
f 1949 1327 1887
f 2969 3078 3167
f 3167 3169 3168
f 3724 2017 3720
f 3720 2033 3759
f 3168 3165 3170
f 3170 3164 3171
f 3779 3171 3756
f 3724 3170 3779
f 3171 3166 3172
f 3172 3071 3173
f 3752 3173 3749
f 3756 3172 3752
f 3169 3036 3165
f 2593 2962 2594
f 3173 2609 3174
f 3174 2199 2198
f 3783 2198 3719
f 3749 3174 3783
f 2190 1984 1983
f 2196 2767 3148
f 2119 1414 1448
f 1464 1466 1465
f 2199 3069 2200
f 2457 2587 2565
f 2226 2562 2966
f 481 1627 1639
f 333 235 236
f 3078 3037 3169
f 3040 2997 2263
f 2219 1933 2220
f 2385 2497 2503
f 221 3175 2484
f 2220 3143 3175
f 3175 2976 2975
f 2484 2975 2982
f 2954 3166 2955
f 2630 110 2982
f 1547 1952 1955
f 2091 2188 2187
f 3733 2178 2177
f 1918 1927 1926
f 3563 111 3511
f 955 960 954
f 2037 112 3563
f 3143 2981 2976
f 2218 2214 2215
f 672 3787 3541
f 2152 3014 2037
f 1147 1143 1145
f 2248 1409 2245
f 1615 1635 1616
f 1410 2246 2247
f 3241 3242 3240
f 3177 1383 1382
f 2238 3176 1382
f 3176 2230 3178
f 1410 3179 1407
f 3179 2243 1407
f 1633 2800 2249
f 1621 2758 2912
f 1622 2245 1634
f 2236 3181 3182
f 2237 3182 3183
f 2250 2233 2229
f 2912 1628 1621
f 135 1564 1563
f 1567 512 1565
f 1085 2653 2685
f 3184 868 3056
f 869 3057 934
f 1266 1098 1312
f 1267 722 721
f 937 2646 936
f 2146 722 2147
f 2211 921 2667
f 1957 507 449
f 1313 2264 3040
f 1496 1493 1492
f 2681 2705 2682
f 2887 2933 2932
f 1687 1659 1694
f 145 1498 81
f 1317 1319 2694
f 37 418 71
f 1935 3185 2977
f 104 301 103
f 2101 2083 2084
f 543 360 207
f 1934 3186 3185
f 234 212 237
f 3845 1822 1824
f 1976 1874 1974
f 223 2219 220
f 3655 3605 3612
f 468 773 2165
f 1935 1728 1932
f 3240 3226 3235
f 3261 3250 3260
f 3215 3244 3264
f 3265 3215 3264
f 3267 3198 3196
f 3205 3269 3255
f 3214 3265 3270
f 3271 3214 3192
f 3251 3239 3236
f 3222 3266 3272
f 3232 3234 3233
f 3216 3243 3244
f 3196 3268 3267
f 3244 3254 3255
f 3238 3247 3246
f 3264 3255 3269
f 3253 3216 3217
f 3211 3221 3265
f 3257 3218 3256
f 3258 3272 3259
f 3274 3280 3273
f 3228 3262 3263
f 3275 3281 3280
f 3226 3273 3280
f 3236 3260 3251
f 3281 3236 3237
f 3287 3192 3189
f 3235 3280 3234
f 3234 3281 3237
f 3288 3259 3272
f 3260 3276 3251
f 3289 3278 3284
f 3210 3224 3283
f 3199 3201 3200
f 3228 3230 3229
f 3290 3285 3286
f 3282 3271 3287
f 3260 3262 3261
f 3243 3268 3254
f 3267 3241 3232
f 3194 3208 3193
f 3191 3269 3206
f 3270 3192 3214
f 3275 3230 3231
f 3264 3270 3265
f 3252 3276 3291
f 3248 3291 3223
f 3213 3279 3277
f 3272 3289 3288
f 3277 3212 3213
f 3228 3281 3231
f 3220 3253 3219
f 3219 3217 3257
f 3256 3222 3258
f 3247 3252 3248
f 3245 3232 3233
f 3266 3212 3289
f 3208 3255 3254
f 3288 3284 3285
f 3204 3208 3207
f 560 3187 559
f 3209 3201 3202
f 3189 3191 3190
f 448 807 447
f 647 122 270
f 1833 1780 1832
f 510 508 507
f 3210 1887 3201
f 1887 3200 3201
f 15 3197 3200
f 16 3195 3197
f 3195 3187 3194
f 3194 1899 3207
f 3207 375 3204
f 387 126 127
f 3189 1760 3287
f 3577 757 758
f 763 2172 2175
f 3583 3580 3581
f 3581 3579 3578
f 3594 3596 3595
f 3400 3602 3401
f 3626 3625 3627
f 3631 3599 3601
f 3636 3595 3596
f 3647 3588 3645
f 3650 3584 3647
f 3653 3580 3651
f 3653 3654 3579
f 1801 3656 3655
f 3651 3582 3650
f 3644 3595 3637
f 1767 3659 3660
f 1597 3661 1600
f 1708 3665 3664
f 3671 3667 3666
f 3666 3673 3672
f 1588 3664 1587
f 2080 3666 2082
f 2082 3672 2084
f 3674 3635 3631
f 3677 3636 3635
f 3682 3645 3681
f 3692 3650 3686
f 3681 3644 3680
f 786 3692 785
f 3694 3651 3692
f 785 3686 497
f 497 3682 650
f 650 3681 564
f 3696 3681 3680
f 3405 3605 3402
f 3702 3678 3677
f 3699 3679 3678
f 3645 3638 3644
f 1799 3659 1768
f 3708 3458 3460
f 3462 3708 3460
f 3714 564 3696
f 3615 3602 3600
f 3710 3696 3698
f 3635 3596 3599
f 3629 3627 3630
f 3597 3599 3596
f 3630 3715 3629
f 3627 3597 3594
f 3717 3723 3718
f 3715 3660 3629
f 3716 3725 3715
f 3668 3661 3725
f 3668 3717 3667
f 3667 3718 3673
f 3727 3673 3718
f 3728 3672 3673
f 3726 3718 3723
f 1576 2084 3672
f 3727 3731 3729
f 3203 1387 3190
f 3190 1791 3189
f 3283 1949 3210
f 317 259 391
f 2000 3653 3694
f 3601 3600 3602
f 3589 3584 3585
f 3577 756 2170
f 3585 3582 3583
f 3678 3637 3636
f 3204 376 3203
f 1801 3657 1799
f 3729 3728 3727
f 1575 3738 1088
f 3735 1576 3728
f 1776 1796 1775
f 1293 1290 1284
f 1326 1327 12
f 1294 1234 1290
f 878 1330 1337
f 497 374 498
f 122 413 121
f 3699 3704 3708
f 3606 3401 3602
f 3708 3698 3699
f 3464 3710 3462
f 3704 3443 3458
f 439 399 438
f 1512 1526 1511
f 1668 1738 1671
f 839 1362 838
f 1362 826 1012
f 3843 1896 3815
f 2053 2118 2117
f 3888 2120 2119
f 696 3816 3831
f 1826 639 640
f 3740 3729 3731
f 956 886 960
f 1980 1922 807
f 33 105 164
f 1343 3856 3857
f 3907 2128 3902
f 1766 1582 1594
f 14 2163 738
f 595 99 594
f 3233 3246 3245
f 1346 1044 1352
f 748 1425 747
f 3193 3254 3268
f 3190 3206 3203
f 3612 3606 3615
f 3624 3615 3625
f 3631 3443 3674
f 3679 3644 3637
f 3686 3647 3682
f 3702 3674 3704
f 3625 3600 3597
f 3601 3415 3631
f 3739 3735 3729
f 3630 3594 3741
f 3741 3716 3630
f 1284 1288 1285
f 3698 3680 3679
f 1778 1780 1779
f 1792 1584 1789
f 695 571 694
f 3638 3594 3595
f 3741 3588 3589
f 3247 3209 3202
f 3292 3294 3295
f 3296 3298 3299
f 3299 3300 3301
f 3302 3304 3305
f 3306 3308 3309
f 3307 3311 3308
f 3303 3301 3300
f 3312 3304 3313
f 3314 3316 3317
f 3318 3320 3321
f 3324 3321 3325
f 3326 3328 3323
f 3329 3331 3332
f 3333 3335 3336
f 3337 3339 3340
f 3333 3341 3342
f 3342 3343 3344
f 3319 3344 3343
f 3338 3334 3339
f 3346 3302 3347
f 3305 3347 3302
f 3312 3223 3349
f 3350 3340 3351
f 3312 3348 3305
f 3352 3341 3326
f 3311 3354 3308
f 3341 3327 3326
f 3359 3361 3362
f 3360 3250 3249
f 3318 3345 3319
f 3364 3318 3324
f 3314 3324 3365
f 3366 3301 3346
f 3299 3367 3296
f 3308 3368 3309
f 3369 3295 3294
f 3317 3364 3314
f 3370 3317 3316
f 3325 3365 3324
f 3352 3319 3343
f 3296 3353 3311
f 3297 3311 3310
f 3363 3354 3345
f 3345 3353 3344
f 3344 3367 3342
f 3366 3342 3367
f 3347 3334 3346
f 3339 3348 3340
f 3348 3351 3340
f 3363 3369 3368
f 3294 3368 3369
f 3293 3309 3294
f 3331 3374 3332
f 3346 3333 3366
f 3323 3352 3326
f 3356 3321 3320
f 3355 3325 3321
f 3357 3371 3325
f 3322 3320 3352
f 3361 3329 3362
f 3373 3375 3374
f 3374 3376 3332
f 3329 3376 3362
f 3327 3372 3328
f 3336 3375 3327
f 3335 3376 3375
f 3376 3337 3362
f 3337 3359 3362
f 3359 3276 3250
f 3377 3295 3370
f 3277 3315 3278
f 3371 3379 3365
f 3378 3358 3380
f 3365 3315 3314
f 3316 3279 3370
f 3282 3370 3279
f 3313 3224 3312
f 3378 3284 3379
f 3380 3285 3378
f 3379 3278 3315
f 3276 3351 3291
f 3291 3349 3223
f 3313 2965 3013
f 2965 3303 222
f 222 3300 223
f 223 3298 3186
f 3298 3185 3186
f 3297 2977 3185
f 3310 1213 2977
f 3307 1214 1213
f 2532 3306 3293
f 2894 3293 3292
f 2871 3292 3377
f 3253 3240 3242
f 3283 3013 2152
f 1997 1889 1892
f 1237 744 855
f 1535 120 121
f 1531 201 214
f 1119 1032 984
f 946 824 947
f 163 5 162
f 3589 3723 3741
f 1155 1162 1164
f 427 327 424
f 553 796 498
f 3381 2231 2237
f 3381 2230 2232
f 2237 3180 3381
f 3383 3385 3382
f 3384 3387 3385
f 3386 3389 3387
f 3388 3391 3389
f 3392 3394 3395
f 3395 3396 3397
f 3398 3397 3396
f 3400 3399 3398
f 3403 3405 3402
f 3406 3404 3403
f 3408 3407 3406
f 3410 3409 3408
f 3412 3411 3410
f 3415 3398 3414
f 3414 3396 3416
f 3416 3394 3417
f 3417 3393 3418
f 3393 3420 3418
f 3419 3421 3420
f 3390 3422 3421
f 3388 3423 3422
f 3386 3424 3423
f 3384 3425 3424
f 3425 3426 3184
f 2904 3428 2947
f 3429 2904 2902
f 3430 2902 2876
f 2875 3430 2876
f 3432 2733 2736
f 2825 3435 2824
f 3437 3439 3436
f 3441 3436 3440
f 2724 3434 2825
f 3436 3115 3117
f 3440 3117 3119
f 3443 3414 3442
f 3442 3416 3444
f 3444 3417 3445
f 3445 3418 3446
f 3446 3420 3447
f 3420 3448 3447
f 3421 3449 3448
f 3422 3450 3449
f 3423 3451 3450
f 3424 3452 3451
f 3425 3056 3452
f 3451 2253 2252
f 3450 2252 1727
f 3449 1727 2150
f 3448 2150 1941
f 3453 3448 1941
f 3454 3447 3453
f 3455 3446 3454
f 3456 3445 3455
f 3442 3456 3457
f 3443 3457 3458
f 3459 3458 3457
f 3457 3455 3459
f 3459 3454 3461
f 3462 3459 3461
f 3461 3453 3463
f 3464 3461 3463
f 3463 1941 1360
f 3404 3401 3405
f 3407 3399 3404
f 3409 3397 3407
f 3411 3395 3409
f 3465 3413 3412
f 3467 3469 3466
f 3465 3431 3433
f 3470 3466 3465
f 3438 3432 3435
f 3467 3438 3437
f 3468 3437 3441
f 3471 3468 3472
f 3472 3441 3473
f 3473 3440 2712
f 2712 3119 3128
f 3475 3472 3474
f 3474 3473 3476
f 3476 2712 2711
f 3477 2711 2400
f 3478 3476 3477
f 3479 3474 3478
f 3392 3413 3480
f 3466 3480 3413
f 3419 3392 3480
f 3390 3480 3391
f 3469 3391 3480
f 3389 3471 3475
f 3387 3475 3479
f 3385 3479 3481
f 3482 2400 2402
f 3483 3477 3482
f 3481 3478 3483
f 3484 2402 2707
f 3058 2707 2708
f 3061 3484 3058
f 3485 3482 3484
f 3382 3481 3486
f 3486 3483 3485
f 3426 3382 3487
f 3487 3486 1962
f 3486 3061 1962
f 1961 3487 1962
f 3057 3426 3487
f 3428 3402 3488
f 3427 3403 3428
f 3429 3406 3427
f 3430 3408 3429
f 3431 3410 3430
f 3470 3433 3432
f 3434 3438 3435
f 2723 3439 3434
f 2875 3433 3431
f 2736 3435 3432
f 2947 3488 3500
f 3464 1360 3497
f 1900 1924 1901
f 1736 1718 1750
f 1955 1943 1956
f 1671 1735 1751
f 1696 1698 1692
f 1800 1864 1801
f 2063 2056 2060
f 1737 1717 1736
f 1751 1697 1695
f 943 3899 684
f 3656 3402 3605
f 1577 1764 1703
f 3917 1599 3923
f 1945 82 1944
f 68 7 248
f 147 1543 148
f 1109 1133 1102
f 1503 1907 1908
f 1499 1909 1498
f 452 735 215
f 1824 3835 3845
f 1825 2068 1824
f 1463 1022 1194
f 841 1009 1011
f 1568 1955 1534
f 1926 1927 1923
f 1910 1502 1939
f 1939 422 442
f 309 1940 308
f 1804 1866 1803
f 269 1954 56
f 2065 2060 2056
f 3812 1758 3835
f 280 552 1940
f 1875 1869 1874
f 1739 1734 1737
f 1778 1790 1788
f 310 1915 279
f 1909 1906 1954
f 1789 1778 1788
f 978 980 979
f 1584 1731 1583
f 425 311 312
f 148 115 116
f 2044 3894 2046
f 277 1939 551
f 1943 1945 1944
f 1461 1463 1464
f 2253 3056 3055
f 2981 3489 958
f 2209 3489 3055
f 2254 3055 3489
f 2998 958 3489
f 2826 2721 2724
f 3490 2721 2817
f 2816 3490 2817
f 2334 2296 2335
f 2298 2334 2336
f 2301 2336 2338
f 2311 2338 2354
f 2312 2354 2355
f 2359 2361 2360
f 2335 2359 2360
f 2414 2365 2364
f 2413 2361 2365
f 2355 2540 2541
f 2541 2539 2542
f 2722 2739 2738
f 3114 2738 3113
f 3110 3121 3120
f 3108 3120 3113
f 3122 3127 3126
f 3112 3126 3121
f 3127 1753 3135
f 3139 2529 2542
f 3744 3133 3139
f 3490 2740 2739
f 3491 2789 3490
f 228 91 88
f 245 243 242
f 248 247 191
f 2 296 295
f 145 300 267
f 327 210 328
f 329 331 330
f 250 228 236
f 239 240 230
f 373 375 374
f 178 176 175
f 1218 1228 1321
f 3862 1295 3854
f 808 824 823
f 3858 1013 1014
f 3813 1411 1413
f 2154 2159 2160
f 3845 1758 1757
f 306 1922 452
f 2157 1976 1977
f 708 2031 1474
f 1450 1227 1428
f 1672 1605 1624
f 1813 1821 1816
f 1717 1715 1718
f 176 402 347
f 1710 3916 3915
f 1712 1577 1711
f 1705 1711 1704
f 971 979 970
f 822 1094 1102
f 2909 2793 2792
f 2810 2795 2793
f 2799 2249 2800
f 3662 2910 2799
f 2769 2801 2795
f 3177 3178 3179
f 3178 3180 3179
f 3181 1393 2800
f 3181 1632 3182
f 3182 2244 3183
f 3183 2243 3180
f 3492 2790 3491
f 2808 3491 2816
f 2239 3572 2240
f 1149 3571 3570
f 1150 3567 3571
f 2202 3566 2015
f 2921 3565 2923
f 3568 2133 2928
f 1777 1759 1792
f 1201 1183 1184
f 3561 2195 2194
f 3553 2770 2768
f 3927 1687 1692
f 1516 154 503
f 3549 2974 2803
f 3550 2779 2778
f 2771 3575 3546
f 3070 3546 3558
f 3547 2775 2867
f 1376 1370 1372
f 2767 3556 2206
f 2195 3543 2767
f 2775 3542 2776
f 3377 3545 2871
f 3804 3539 2806
f 2776 3538 2805
f 2240 3535 2920
f 2920 3669 3619
f 3548 2786 2779
f 1805 1851 1804
f 3534 2787 2786
f 2951 3540 3531
f 2772 3531 3575
f 2973 3530 3536
f 2224 3537 3530
f 1957 320 510
f 306 304 303
f 2770 3528 2913
f 2913 3574 2239
f 2923 3527 2922
f 308 431 47
f 207 132 543
f 1879 1881 1880
f 3733 3525 2089
f 2475 3558 3524
f 2476 3524 3523
f 2223 3523 3537
f 3522 2803 2802
f 2037 11 1950
f 1959 450 505
f 2003 3520 2129
f 9 334 540
f 2009 3518 3567
f 2008 3536 3518
f 3877 673 3879
f 3515 2778 2784
f 2935 3513 2936
f 111 3570 3511
f 3510 2935 2938
f 683 3885 943
f 3508 2810 2909
f 736 732 729
f 1795 1803 1796
f 3505 2938 2939
f 3507 2939 2940
f 2950 3504 2949
f 2940 3504 3507
f 3801 3512 2950
f 2868 3502 2869
f 2869 3522 2802
f 1024 1023 1020
f 3500 2948 2947
f 551 442 443
f 2972 3568 2928
f 2032 3499 2972
f 216 1924 1923
f 203 201 200
f 1828 1847 1837
f 1958 449 450
f 272 178 175
f 2871 3495 1361
f 3619 3564 2921
f 2801 3643 3662
f 2005 3654 2176
f 960 899 962
f 3657 3612 3624
f 3780 3646 3151
f 3151 3593 2555
f 2193 3623 2194
f 3607 3145 3144
f 3603 2761 3145
f 3592 3144 3104
f 2926 3634 3103
f 3634 3104 3103
f 3755 3746 3753
f 566 3758 2005
f 3488 1864 3500
f 1602 2079 2078
f 2868 3611 2922
f 2922 3610 2923
f 2923 3618 2921
f 3670 2918 3614
f 3619 3614 2920
f 2921 3670 3619
f 2920 3586 2240
f 3613 2915 2918
f 2917 3622 3641
f 2916 3641 3642
f 2239 3652 2913
f 2911 3652 2757
f 3643 2911 2910
f 2797 3662 3591
f 2797 3598 2750
f 3622 2763 2765
f 3608 2764 2745
f 2194 3648 2221
f 2221 3649 2222
f 2756 3609 2755
f 2750 3609 2747
f 3669 1817 3827
f 3763 1691 1699
f 2515 3590 2548
f 2548 3593 2550
f 2513 3632 3616
f 2513 3621 2515
f 2509 3620 2289
f 2510 3633 2509
f 2289 3639 2283
f 2283 3617 2286
f 2240 3587 2239
f 3659 3624 3626
f 716 3887 3888
f 727 3761 1923
f 2165 2170 2164
f 3660 3626 3629
f 3743 3578 3757
f 2175 769 770
f 2100 2095 2099
f 3758 3757 3578
f 640 3568 1826
f 1653 3553 1651
f 1895 3530 746
f 746 3537 741
f 1653 3528 3576
f 3762 1604 1672
f 2093 2073 2078
f 959 995 884
f 962 919 986
f 1400 1398 1399
f 1000 1127 1004
f 956 884 885
f 1662 3550 1661
f 2034 3546 1654
f 3926 3539 3802
f 3535 766 1817
f 3572 765 766
f 334 3571 335
f 1868 3540 1656
f 1684 1652 1678
f 1682 775 1807
f 1585 3762 1700
f 3763 1672 1673
f 2173 490 491
f 1658 3547 1752
f 3556 1650 724
f 1571 2010 1572
f 1587 3671 2080
f 2099 2077 2094
f 787 1999 786
f 2000 786 1999
f 3155 3697 3683
f 3713 3683 3789
f 2180 3685 3684
f 3496 3684 3705
f 1684 3840 1651
f 1760 3495 3545
f 2607 3693 2590
f 2581 3689 2607
f 2371 3700 3695
f 2371 3693 2372
f 2587 3675 2586
f 2586 3697 339
f 2497 3687 2503
f 2502 3687 3700
f 2494 3690 2495
f 3690 2472 2495
f 3688 2468 2472
f 3701 2469 2468
f 726 3892 630
f 581 3518 580
f 10 3570 334
f 1837 3510 1849
f 741 3523 1300
f 1299 3558 2034
f 1851 3504 1866
f 3527 1820 1819
f 580 3536 1895
f 1758 3522 3502
f 1693 3508 1806
f 3504 1867 1866
f 1894 3568 3499
f 2126 3813 3841
f 3906 3841 3912
f 2113 3867 2110
f 2179 3789 3685
f 624 3904 623
f 2192 3788 3780
f 2177 3787 3733
f 1364 3833 1338
f 3858 1470 1453
f 3135 3775 3744
f 2069 3835 2068
f 1351 3853 1352
f 2108 3901 499
f 2089 3736 3733
f 3828 1358 866
f 2001 3783 2187
f 2187 3719 2091
f 2130 3752 2004
f 2004 3749 2001
f 2014 3779 2201
f 2201 3756 2130
f 3167 3759 2969
f 3168 3720 3167
f 3159 3764 3160
f 3160 3765 3081
f 3730 3158 337
f 3158 3709 3159
f 2200 3730 3722
f 3685 3742 2204
f 3722 2197 2200
f 3790 2092 3721
f 3774 3721 2197
f 3154 3790 3774
f 3155 3706 3154
f 2091 3721 2092
f 2196 3750 3776
f 2193 3776 3781
f 3604 3781 3788
f 2086 3780 3778
f 2087 3778 3777
f 2204 3751 2205
f 2205 3750 3148
f 3909 574 692
f 2124 3777 3760
f 2208 3760 3782
f 3711 3140 3137
f 3785 3138 3140
f 3745 3139 3138
f 3771 3136 2322
f 3712 3137 3136
f 3775 3131 3133
f 3767 3132 3131
f 1813 3838 1814
f 1293 3856 1344
f 2184 3748 3732
f 2181 3732 3734
f 3765 3079 3081
f 3768 3080 3079
f 709 3875 2031
f 2774 3737 3769
f 3786 2134 3559
f 3809 766 765
f 2968 3766 2959
f 2969 3784 2968
f 2958 3737 2961
f 2132 3766 2960
f 2321 3771 3748
f 3860 1449 28
f 3905 582 710
f 3886 577 574
f 3847 1818 3827
f 705 3887 2121
f 3816 3907 698
f 2111 3911 2113
f 3810 1366 1411
f 1812 3822 1815
f 675 3852 674
f 3496 3851 675
f 2110 3868 2109
f 2104 3901 2106
f 2109 3899 944
f 3842 703 739
f 1680 3846 1684
f 1639 3819 3818
f 623 3906 697
f 2139 3866 3865
f 1808 3844 3837
f 3820 1819 1820
f 3872 3900 706
f 1646 3830 1648
f 3889 633 577
f 2139 3875 18
f 2156 3871 3874
f 674 3913 3869
f 2117 3812 2069
f 1815 3847 3823
f 3855 1444 1470
f 697 3912 3816
f 866 3836 3828
f 3864 2136 2135
f 3585 3726 3589
f 3583 3731 3585
f 3753 3738 3739
f 3740 3581 3743
f 1088 3746 1093
f 3739 3743 3753
f 2791 3493 2792
f 3492 2807 3493
f 2792 3494 2909
f 3493 2806 3494
f 3508 3494 3516
f 3516 2806 3539
f 2948 3791 3801
f 2105 3896 2104
f 3538 3804 2805
f 680 3876 683
f 1891 3910 3891
f 2905 3801 2950
f 2900 3799 2905
f 2901 3807 2877
f 2734 3806 3794
f 2877 3806 2878
f 2820 3794 2872
f 2818 3792 2827
f 2823 3792 2826
f 2822 3798 2821
f 2819 3800 3798
f 2817 3795 2816
f 2809 3795 2815
f 2808 3803 2807
f 2805 3803 2804
f 1702 3923 1599
f 3922 1797 1802
f 3915 1706 1709
f 3918 1692 1698
f 1657 3880 1879
f 1890 3895 3910
f 3772 1674 1675
f 1689 3772 3773
f 3926 3538 1688
f 3516 1689 3773
f 3917 1703 1764
f 1598 3928 1770
f 3880 1876 1879
f 1691 3925 3927
f 3925 1688 1687
f 1117 1118 3930
f 1066 1322 3930
f 1243 847 3930
f 3825 848 3930
f 1128 1117 3930
f 1129 1130 3930
f 841 1011 3930
f 1230 3863 3930
f 1242 1243 3930
f 1322 1229 3930
f 1064 1065 3930
f 1003 1128 3930
f 1229 1230 3930
f 3863 1285 3930
f 1285 1288 3930
f 848 839 3930
f 847 3825 3930
f 1118 1129 3930
f 1065 1066 3930
f 1087 1086 3930
f 1008 1002 3930
f 1011 1008 3930
f 1002 1003 3930
f 1076 1069 3930
f 838 841 3930
f 839 838 3930
f 1288 1242 3930
f 1130 1087 3930
f 1086 1076 3930
f 1069 1064 3930
f 2410 2414 3931
f 2411 2410 3931
f 3617 2285 3931
f 2394 2393 3931
f 2393 2396 3931
f 2281 2286 3931
f 2282 2280 3931
f 2398 2399 3931
f 2465 2464 3931
f 2396 2397 3931
f 2470 2469 3931
f 2399 2416 3931
f 2480 2395 3931
f 2459 2480 3931
f 2369 2282 3931
f 2460 2459 3931
f 2415 2411 3931
f 2416 2415 3931
f 2364 2363 3931
f 2286 3617 3931
f 2464 2470 3931
f 2469 3703 3931
f 2285 2465 3931
f 2414 2364 3931
f 2395 2394 3931
f 2363 2367 3931
f 2397 2398 3931
f 2280 2281 3931
f 3703 2460 3931
f 2367 2369 3931
f 3934 3937 3938
f 3934 3939 3935
f 3932 3937 3933
f 3938 3943 3939
f 3937 3940 3941
f 3937 3942 3938
f 3942 3947 3943
f 3941 3944 3945
f 3942 3945 3946
f 3947 3950 3951
f 3944 3949 3945
f 3945 3950 3946
f 3950 3955 3951
f 3949 3952 3953
f 3950 3953 3954
f 3955 3958 3959
f 3953 3956 3957
f 3953 3958 3954
f 3959 3962 3963
f 3957 3960 3961
f 3958 3961 3962
f 3962 3967 3963
f 3960 3965 3961
f 3961 3966 3962
f 3966 3971 3967
f 3965 3968 3969
f 3966 3969 3970
f 3970 3975 3971
f 3968 3973 3969
f 3969 3974 3970
f 3974 3979 3975
f 3973 3976 3977
f 3974 3977 3978
f 3979 3982 3983
f 3976 3981 3977
f 3977 3982 3978
f 3982 3987 3983
f 3981 3984 3985
f 3982 3985 3986
f 3987 3990 3991
f 3984 3989 3985
f 3985 3990 3986
f 3991 3994 3995
f 3989 3992 3993
f 3990 3993 3994
f 3995 3998 3999
f 3992 3997 3993
f 3993 3998 3994
f 3998 4003 3999
f 3997 4000 4001
f 3998 4001 4002
f 4002 4007 4003
f 4000 4005 4001
f 4001 4006 4002
f 4006 4011 4007
f 4005 4008 4009
f 4006 4009 4010
f 4011 4014 4015
f 4008 4013 4009
f 4009 4014 4010
f 4014 4019 4015
f 4013 4016 4017
f 4014 4017 4018
f 4019 4022 4023
f 4016 4021 4017
f 4017 4022 4018
f 4023 4026 4027
f 4021 4024 4025
f 4022 4025 4026
f 4027 4030 4031
f 4024 4029 4025
f 4025 4030 4026
f 4031 4034 4035
f 4029 4032 4033
f 4030 4033 4034
f 4034 4039 4035
f 4032 4037 4033
f 4033 4038 4034
f 4038 4043 4039
f 4037 4040 4041
f 4038 4041 4042
f 4043 4046 4047
f 4040 4045 4041
f 4041 4046 4042
f 4046 4051 4047
f 4045 4048 4049
f 4046 4049 4050
f 4051 4055 4056
f 4048 4054 4049
f 4049 4055 4050
f 4056 4059 4060
f 4053 4058 4054
f 4055 4058 4059
f 3932 4052 3936
f 3936 4052 3940
f 3940 4052 3944
f 3944 4052 3948
f 3948 4052 3952
f 3952 4052 3956
f 3956 4052 3960
f 3960 4052 3964
f 3964 4052 3968
f 3968 4052 3972
f 3972 4052 3976
f 3976 4052 3980
f 3980 4052 3984
f 3984 4052 3988
f 3988 4052 3992
f 3992 4052 3996
f 3996 4052 4000
f 4000 4052 4004
f 4004 4052 4008
f 4008 4052 4012
f 4012 4052 4016
f 4016 4052 4020
f 4020 4052 4024
f 4024 4052 4028
f 4028 4052 4032
f 4032 4052 4036
f 4036 4052 4040
f 4040 4052 4044
f 4044 4052 4048
f 4048 4052 4053
f 4053 4052 4057
f 4060 3934 3935
f 4058 3932 3933
f 4058 3934 4059
f 4057 4052 3932
f 4069 4081 4082
f 4066 4080 4067
f 4065 4077 4078
f 4063 4075 4076
f 4071 4085 4072
f 4069 4083 4070
f 4067 4081 4068
f 4066 4078 4079
f 4063 4077 4064
f 4061 4075 4062
f 4072 4086 4073
f 4071 4083 4084
f 4076 4090 4077
f 4074 4088 4075
f 4086 4098 4099
f 4083 4097 4084
f 4082 4094 4095
f 4079 4093 4080
f 4078 4090 4091
f 4076 4088 4089
f 4085 4097 4098
f 4082 4096 4083
f 4080 4094 4081
f 4079 4091 4092
f 4089 4103 4090
f 4088 4100 4101
f 4098 4112 4099
f 4096 4110 4097
f 4095 4107 4108
f 4092 4106 4093
f 4090 4104 4091
f 4089 4101 4102
f 4097 4111 4098
f 4095 4109 4096
f 4094 4106 4107
f 4092 4104 4105
f 4103 4115 4116
f 4100 4114 4101
f 4112 4124 4125
f 4110 4122 4123
f 4107 4121 4108
f 4105 4119 4106
f 4103 4117 4104
f 4101 4115 4102
f 4110 4124 4111
f 4109 4121 4122
f 4107 4119 4120
f 4105 4117 4118
f 4115 4129 4116
f 4114 4126 4127
f 4124 4138 4125
f 4123 4135 4136
f 4120 4134 4121
f 4119 4131 4132
f 4117 4129 4130
f 4114 4128 4115
f 4124 4136 4137
f 4122 4134 4135
f 4119 4133 4120
f 4117 4131 4118
f 4129 4141 4142
f 4126 4140 4127
f 4138 4150 4151
f 4136 4148 4149
f 4133 4147 4134
f 4131 4145 4132
f 4130 4142 4143
f 4127 4141 4128
f 4137 4149 4150
f 4135 4147 4148
f 4132 4146 4133
f 4131 4143 4144
f 4142 4154 4155
f 4140 4152 4153
f 4150 4164 4151
f 4149 4161 4162
f 4146 4160 4147
f 4144 4158 4145
f 4142 4156 4143
f 4140 4154 4141
f 4149 4163 4150
f 4148 4160 4161
f 4146 4158 4159
f 4144 4156 4157
f 4155 4167 4168
f 4153 4165 4166
f 4163 4177 4164
f 4161 4175 4162
f 4159 4173 4160
f 4158 4170 4171
f 4155 4169 4156
f 4153 4167 4154
f 4163 4175 4176
f 4161 4173 4174
f 4159 4171 4172
f 4156 4170 4157
f 4167 4181 4168
f 4165 4179 4166
f 4176 4190 4177
f 4175 4187 4188
f 4173 4185 4186
f 4170 4184 4171
f 4169 4181 4182
f 4167 4179 4180
f 4175 4189 4176
f 4173 4187 4174
f 4171 4185 4172
f 4170 4182 4183
f 4180 4194 4181
f 4178 4192 4179
f 4190 4202 4203
f 4187 4201 4188
f 4186 4198 4199
f 4183 4197 4184
f 4182 4194 4195
f 4180 4192 4193
f 4189 4201 4202
f 4186 4200 4187
f 4184 4198 4185
f 4183 4195 4196
f 4193 4207 4194
f 4192 4204 4205
f 4202 4216 4203
f 4200 4214 4201
f 4199 4211 4212
f 4196 4210 4197
f 4194 4208 4195
f 4193 4205 4206
f 4201 4215 4202
f 4199 4213 4200
f 4198 4210 4211
f 4196 4208 4209
f 4207 4219 4220
f 4204 4218 4205
f 4216 4228 4229
f 4213 4227 4214
f 4211 4225 4212
f 4209 4223 4210
f 4207 4221 4208
f 4205 4219 4206
f 4214 4228 4215
f 4213 4225 4226
f 4211 4223 4224
f 4209 4221 4222
f 4219 4233 4220
f 4218 4230 4231
f 4228 4242 4229
f 4226 4240 4227
f 4225 4237 4238
f 4223 4235 4236
f 4221 4233 4234
f 4218 4232 4219
f 4228 4240 4241
f 4226 4238 4239
f 4223 4237 4224
f 4221 4235 4222
f 4233 4245 4246
f 4230 4244 4231
f 4242 4254 4255
f 4240 4252 4253
f 4237 4251 4238
f 4235 4249 4236
f 4234 4246 4247
f 4231 4245 4232
f 4241 4253 4254
f 4239 4251 4252
f 4236 4250 4237
f 4235 4247 4248
f 4246 4258 4259
f 4244 4256 4257
f 4254 4268 4255
f 4253 4265 4266
f 4250 4264 4251
f 4248 4262 4249
f 4246 4260 4247
f 4244 4258 4245
f 4253 4267 4254
f 4252 4264 4265
f 4250 4262 4263
f 4248 4260 4261
f 4259 4271 4272
f 4257 4269 4270
f 4267 4281 4268
f 4265 4279 4266
f 4263 4277 4264
f 4262 4274 4275
f 4259 4273 4260
f 4257 4271 4258
f 4266 4280 4267
f 4265 4277 4278
f 4263 4275 4276
f 4260 4274 4261
f 4271 4285 4272
f 4269 4283 4270
f 4281 4293 4294
f 4279 4291 4292
f 4277 4289 4290
f 4274 4288 4275
f 4273 4285 4286
f 4271 4283 4284
f 4280 4292 4293
f 4277 4291 4278
f 4275 4289 4276
f 4274 4286 4287
f 4284 4298 4285
f 4282 4296 4283
f 4294 4306 4307
f 4291 4305 4292
f 4290 4302 4303
f 4287 4301 4288
f 4286 4298 4299
f 4284 4296 4297
f 4293 4305 4306
f 4290 4304 4291
f 4288 4302 4289
f 4287 4299 4300
f 4297 4311 4298
f 4296 4308 4309
f 4306 4320 4307
f 4304 4318 4305
f 4303 4315 4316
f 4300 4314 4301
f 4298 4312 4299
f 4297 4309 4310
f 4305 4319 4306
f 4304 4316 4317
f 4302 4314 4315
f 4300 4312 4313
f 4310 4324 4311
f 4308 4322 4309
f 4320 4332 4333
f 4318 4330 4331
f 4316 4328 4329
f 4313 4327 4314
f 4311 4325 4312
f 4310 4322 4323
f 4318 4332 4319
f 4316 4330 4317
f 4315 4327 4328
f 4312 4326 4313
f 4323 4337 4324
f 4322 4334 4335
f 4332 4346 4333
f 4330 4344 4331
f 4329 4341 4342
f 4327 4339 4340
f 4325 4337 4338
f 4322 4336 4323
f 4332 4344 4345
f 4330 4342 4343
f 4327 4341 4328
f 4325 4339 4326
f 4337 4350 4351
f 4334 4349 4335
f 4346 4359 4360
f 4344 4357 4358
f 4341 4356 4342
f 4340 4353 4354
f 4338 4351 4352
f 4335 4350 4336
f 4345 4358 4359
f 4343 4356 4357
f 4340 4355 4341
f 4338 4353 4339
f 4351 4363 4364
f 4349 4361 4362
f 4359 4373 4360
f 4358 4370 4371
f 4355 4369 4356
f 4354 4366 4367
f 4351 4365 4352
f 4349 4363 4350
f 4358 4372 4359
f 4357 4369 4370
f 4355 4367 4368
f 4352 4366 4353
f 4364 4376 4377
f 4362 4374 4375
f 4373 4385 4386
f 4370 4384 4371
f 4368 4382 4369
f 4367 4379 4380
f 4364 4378 4365
f 4362 4376 4363
f 4372 4384 4385
f 4370 4382 4383
f 4368 4380 4381
f 4365 4379 4366
f 4376 4390 4377
f 4374 4388 4375
f 4385 4399 4386
f 4384 4396 4397
f 4382 4394 4395
f 4379 4393 4380
f 4378 4390 4391
f 4376 4388 4389
f 4384 4398 4385
f 4382 4396 4383
f 4380 4394 4381
f 4379 4391 4392
f 4389 4403 4390
f 4387 4401 4388
f 4399 4411 4412
f 4396 4410 4397
f 4395 4407 4408
f 4393 4405 4406
f 4391 4403 4404
f 4389 4401 4402
f 4398 4410 4411
f 4395 4409 4396
f 4393 4407 4394
f 4391 4405 4392
f 4402 4416 4403
f 4401 4413 4414
f 4411 4425 4412
f 4409 4423 4410
f 4408 4420 4421
f 4406 4418 4419
f 4403 4417 4404
f 4402 4414 4415
f 4410 4424 4411
f 4408 4422 4409
f 4407 4419 4420
f 4404 4418 4405
f 4416 4428 4429
f 4413 4427 4414
f 4425 4437 4438
f 4423 4435 4436
f 4421 4433 4434
f 4418 4432 4419
f 4416 4430 4417
f 4415 4427 4428
f 4423 4437 4424
f 4421 4435 4422
f 4420 4432 4433
f 4418 4430 4431
f 4428 4442 4429
f 4426 4440 4427
f 4437 4451 4438
f 4435 4449 4436
f 4434 4446 4447
f 4432 4444 4445
f 4430 4442 4443
f 4427 4441 4428
f 4437 4449 4450
f 4435 4447 4448
f 4432 4446 4433
f 4430 4444 4431
f 4442 4454 4455
f 4439 4453 4440
f 4451 4463 4464
f 4449 4461 4462
f 4446 4460 4447
f 4444 4458 4445
f 4443 4455 4456
f 4440 4454 4441
f 4450 4462 4463
f 4447 4461 4448
f 4445 4459 4446
f 4444 4456 4457
f 4455 4467 4468
f 4453 4465 4466
f 4463 4477 4464
f 4462 4474 4475
f 4459 4473 4460
f 4457 4471 4458
f 4455 4469 4456
f 4453 4467 4454
f 4462 4476 4463
f 4461 4473 4474
f 4459 4471 4472
f 4457 4469 4470
f 4347 4073 4086
f 4347 4086 4099
f 4347 4099 4112
f 4347 4112 4125
f 4347 4125 4138
f 4347 4138 4151
f 4347 4151 4164
f 4347 4164 4177
f 4347 4177 4190
f 4347 4190 4203
f 4347 4203 4216
f 4347 4216 4229
f 4347 4229 4242
f 4347 4242 4255
f 4347 4255 4268
f 4347 4268 4281
f 4347 4281 4294
f 4347 4294 4307
f 4347 4307 4320
f 4347 4320 4333
f 4347 4333 4346
f 4347 4346 4360
f 4347 4360 4373
f 4347 4373 4386
f 4347 4386 4399
f 4347 4399 4412
f 4347 4412 4425
f 4347 4425 4438
f 4347 4438 4451
f 4347 4451 4464
f 4347 4464 4477
f 4468 4063 4064
f 4466 4061 4062
f 4477 4072 4073
f 4474 4071 4475
f 4472 4069 4473
f 4471 4066 4067
f 4468 4065 4469
f 4466 4063 4467
f 4347 4477 4073
f 4476 4071 4072
f 4474 4069 4070
f 4472 4067 4068
f 4469 4066 4470
f 3935 4465 4060
f 4465 4056 4060
f 4452 4051 4056
f 4439 4047 4051
f 4047 4413 4043
f 4043 4400 4039
f 4039 4387 4035
f 4387 4031 4035
f 4031 4361 4027
f 4361 4023 4027
f 4348 4019 4023
f 4334 4015 4019
f 4015 4308 4011
f 4011 4295 4007
f 4007 4282 4003
f 4282 3999 4003
f 3999 4256 3995
f 4256 3991 3995
f 4243 3987 3991
f 4230 3983 3987
f 3983 4204 3979
f 3979 4191 3975
f 3975 4178 3971
f 4178 3967 3971
f 3967 4152 3963
f 4152 3959 3963
f 4139 3955 3959
f 4126 3951 3955
f 3951 4100 3947
f 3947 4087 3943
f 3943 4074 3939
f 4074 3935 3939
f 4480 4483 4484
f 4480 4485 4481
f 4479 4482 4483
f 4484 4489 4485
f 4482 4487 4483
f 4483 4488 4484
f 4488 4493 4489
f 4487 4490 4491
f 4488 4491 4492
f 4493 4496 4497
f 4490 4495 4491
f 4491 4496 4492
f 4496 4501 4497
f 4495 4498 4499
f 4496 4499 4500
f 4501 4504 4505
f 4498 4503 4499
f 4499 4504 4500
f 4505 4508 4509
f 4503 4506 4507
f 4504 4507 4508
f 4509 4512 4513
f 4506 4511 4507
f 4507 4512 4508
f 4513 4516 4517
f 4511 4514 4515
f 4512 4515 4516
f 4516 4521 4517
f 4514 4519 4515
f 4515 4520 4516
f 4520 4525 4521
f 4518 4523 4519
f 4520 4523 4524
f 4525 4528 4529
f 4522 4527 4523
f 4523 4528 4524
f 4528 4533 4529
f 4527 4530 4531
f 4528 4531 4532
f 4533 4536 4537
f 4530 4535 4531
f 4531 4536 4532
f 4537 4540 4541
f 4534 4539 4535
f 4536 4539 4540
f 4541 4544 4545
f 4539 4542 4543
f 4539 4544 4540
f 4544 4549 4545
f 4542 4547 4543
f 4544 4547 4548
f 4548 4553 4549
f 4547 4550 4551
f 4547 4552 4548
f 4552 4557 4553
f 4551 4554 4555
f 4552 4555 4556
f 4557 4560 4561
f 4554 4559 4555
f 4555 4560 4556
f 4560 4565 4561
f 4559 4562 4563
f 4560 4563 4564
f 4565 4568 4569
f 4562 4567 4563
f 4563 4568 4564
f 4569 4572 4573
f 4567 4570 4571
f 4568 4571 4572
f 4572 4577 4573
f 4570 4575 4571
f 4571 4576 4572
f 4576 4581 4577
f 4575 4578 4579
f 4576 4579 4580
f 4580 4585 4581
f 4578 4583 4579
f 4579 4584 4580
f 4584 4589 4585
f 4583 4586 4587
f 4584 4587 4588
f 4589 4592 4593
f 4586 4591 4587
f 4587 4592 4588
f 4592 4597 4593
f 4591 4594 4595
f 4592 4595 4596
f 4597 4601 4602
f 4594 4600 4595
f 4595 4601 4596
f 4602 4605 4606
f 4600 4603 4604
f 4601 4604 4605
f 4478 4598 4482
f 4482 4598 4486
f 4486 4598 4490
f 4490 4598 4494
f 4494 4598 4498
f 4498 4598 4502
f 4502 4598 4506
f 4506 4598 4510
f 4510 4598 4514
f 4514 4598 4518
f 4518 4598 4522
f 4522 4598 4526
f 4526 4598 4530
f 4530 4598 4534
f 4534 4598 4538
f 4538 4598 4542
f 4542 4598 4546
f 4546 4598 4550
f 4550 4598 4554
f 4554 4598 4558
f 4558 4598 4562
f 4562 4598 4566
f 4566 4598 4570
f 4570 4598 4574
f 4574 4598 4578
f 4578 4598 4582
f 4582 4598 4586
f 4586 4598 4590
f 4590 4598 4594
f 4594 4598 4599
f 4599 4598 4603
f 4606 4480 4481
f 4603 4479 4604
f 4604 4480 4605
f 4603 4598 4478
f 4615 4627 4628
f 4612 4626 4613
f 4611 4623 4624
f 4609 4621 4622
f 4618 4630 4631
f 4615 4629 4616
f 4613 4627 4614
f 4612 4624 4625
f 4609 4623 4610
f 4607 4621 4608
f 4619 4631 4632
f 4617 4629 4630
f 4622 4636 4623
f 4620 4634 4621
f 4632 4644 4645
f 4629 4643 4630
f 4628 4640 4641
f 4626 4638 4639
f 4624 4636 4637
f 4622 4634 4635
f 4631 4643 4644
f 4628 4642 4629
f 4626 4640 4627
f 4624 4638 4625
f 4635 4649 4636
f 4634 4646 4647
f 4644 4658 4645
f 4642 4656 4643
f 4641 4653 4654
f 4639 4651 4652
f 4636 4650 4637
f 4635 4647 4648
f 4643 4657 4644
f 4642 4654 4655
f 4640 4652 4653
f 4637 4651 4638
f 4648 4662 4649
f 4646 4660 4647
f 4658 4670 4671
f 4656 4668 4669
f 4653 4667 4654
f 4651 4665 4652
f 4649 4663 4650
f 4648 4660 4661
f 4656 4670 4657
f 4654 4668 4655
f 4653 4665 4666
f 4651 4663 4664
f 4661 4675 4662
f 4660 4672 4673
f 4670 4684 4671
f 4668 4682 4669
f 4667 4679 4680
f 4665 4677 4678
f 4663 4675 4676
f 4661 4673 4674
f 4670 4682 4683
f 4667 4681 4668
f 4665 4679 4666
f 4663 4677 4664
f 4675 4687 4688
f 4672 4686 4673
f 4684 4696 4697
f 4682 4694 4695
f 4679 4693 4680
f 4678 4690 4691
f 4676 4688 4689
f 4673 4687 4674
f 4683 4695 4696
f 4681 4693 4694
f 4678 4692 4679
f 4676 4690 4677
f 4688 4700 4701
f 4686 4698 4699
f 4696 4710 4697
f 4695 4707 4708
f 4692 4706 4693
f 4691 4703 4704
f 4688 4702 4689
f 4686 4700 4687
f 4695 4709 4696
f 4694 4706 4707
f 4692 4704 4705
f 4689 4703 4690
f 4701 4713 4714
f 4699 4711 4712
f 4710 4722 4723
f 4707 4721 4708
f 4705 4719 4706
f 4704 4716 4717
f 4701 4715 4702
f 4699 4713 4700
f 4709 4721 4722
f 4707 4719 4720
f 4705 4717 4718
f 4702 4716 4703
f 4713 4727 4714
f 4711 4725 4712
f 4723 4735 4736
f 4721 4733 4734
f 4719 4731 4732
f 4716 4730 4717
f 4715 4727 4728
f 4713 4725 4726
f 4721 4735 4722
f 4719 4733 4720
f 4717 4731 4718
f 4716 4728 4729
f 4726 4740 4727
f 4724 4738 4725
f 4736 4748 4749
f 4733 4747 4734
f 4732 4744 4745
f 4730 4742 4743
f 4728 4740 4741
f 4726 4738 4739
f 4735 4747 4748
f 4732 4746 4733
f 4730 4744 4731
f 4728 4742 4729
f 4739 4753 4740
f 4738 4750 4751
f 4748 4762 4749
f 4746 4760 4747
f 4745 4757 4758
f 4743 4755 4756
f 4740 4754 4741
f 4739 4751 4752
f 4747 4761 4748
f 4745 4759 4746
f 4744 4756 4757
f 4741 4755 4742
f 4753 4765 4766
f 4750 4764 4751
f 4762 4774 4775
f 4759 4773 4760
f 4758 4770 4771
f 4755 4769 4756
f 4753 4767 4754
f 4752 4764 4765
f 4760 4774 4761
f 4758 4772 4759
f 4757 4769 4770
f 4755 4767 4768
f 4765 4779 4766
f 4764 4776 4777
f 4774 4788 4775
f 4772 4786 4773
f 4771 4783 4784
f 4769 4781 4782
f 4767 4779 4780
f 4765 4777 4778
f 4774 4786 4787
f 4771 4785 4772
f 4769 4783 4770
f 4767 4781 4768
f 4779 4791 4792
f 4776 4790 4777
f 4788 4800 4801
f 4786 4798 4799
f 4783 4797 4784
f 4782 4794 4795
f 4780 4792 4793
f 4777 4791 4778
f 4787 4799 4800
f 4785 4797 4798
f 4782 4796 4783
f 4780 4794 4781
f 4792 4804 4805
f 4790 4802 4803
f 4800 4814 4801
f 4799 4811 4812
f 4796 4810 4797
f 4795 4807 4808
f 4792 4806 4793
f 4790 4804 4791
f 4799 4813 4800
f 4798 4810 4811
f 4796 4808 4809
f 4793 4807 4794
f 4805 4817 4818
f 4803 4815 4816
f 4814 4826 4827
f 4811 4825 4812
f 4809 4823 4810
f 4808 4820 4821
f 4805 4819 4806
f 4803 4817 4804
f 4813 4825 4826
f 4811 4823 4824
f 4809 4821 4822
f 4806 4820 4807
f 4817 4831 4818
f 4815 4829 4816
f 4826 4840 4827
f 4825 4837 4838
f 4823 4835 4836
f 4820 4834 4821
f 4819 4831 4832
f 4817 4829 4830
f 4825 4839 4826
f 4823 4837 4824
f 4821 4835 4822
f 4820 4832 4833
f 4830 4844 4831
f 4828 4842 4829
f 4840 4852 4853
f 4837 4851 4838
f 4836 4848 4849
f 4834 4846 4847
f 4832 4844 4845
f 4830 4842 4843
f 4839 4851 4852
f 4836 4850 4837
f 4834 4848 4835
f 4832 4846 4833
f 4843 4857 4844
f 4842 4854 4855
f 4852 4866 4853
f 4850 4864 4851
f 4849 4861 4862
f 4847 4859 4860
f 4844 4858 4845
f 4843 4855 4856
f 4851 4865 4852
f 4849 4863 4850
f 4848 4860 4861
f 4845 4859 4846
f 4857 4869 4870
f 4855 4867 4868
f 4866 4878 4879
f 4864 4876 4877
f 4862 4874 4875
f 4859 4873 4860
f 4857 4871 4858
f 4856 4868 4869
f 4864 4878 4865
f 4862 4876 4863
f 4861 4873 4874
f 4859 4871 4872
f 4869 4883 4870
f 4868 4880 4881
f 4878 4892 4879
f 4877 4889 4890
f 4874 4888 4875
f 4873 4885 4886
f 4871 4883 4884
f 4868 4882 4869
f 4878 4890 4891
f 4876 4888 4889
f 4873 4887 4874
f 4871 4885 4872
f 4883 4896 4897
f 4880 4895 4881
f 4892 4905 4906
f 4890 4903 4904
f 4887 4902 4888
f 4885 4900 4886
f 4884 4897 4898
f 4881 4896 4882
f 4891 4904 4905
f 4889 4902 4903
f 4886 4901 4887
f 4885 4898 4899
f 4897 4909 4910
f 4895 4907 4908
f 4905 4919 4906
f 4904 4916 4917
f 4901 4915 4902
f 4899 4913 4900
f 4897 4911 4898
f 4895 4909 4896
f 4904 4918 4905
f 4903 4915 4916
f 4901 4913 4914
f 4899 4911 4912
f 4910 4922 4923
f 4908 4920 4921
f 4919 4931 4932
f 4916 4930 4917
f 4914 4928 4915
f 4913 4925 4926
f 4910 4924 4911
f 4908 4922 4909
f 4918 4930 4931
f 4916 4928 4929
f 4914 4926 4927
f 4911 4925 4912
f 4922 4936 4923
f 4920 4934 4921
f 4931 4945 4932
f 4930 4942 4943
f 4928 4940 4941
f 4925 4939 4926
f 4924 4936 4937
f 4922 4934 4935
f 4930 4944 4931
f 4928 4942 4929
f 4926 4940 4927
f 4925 4937 4938
f 4935 4949 4936
f 4933 4947 4934
f 4945 4957 4958
f 4942 4956 4943
f 4941 4953 4954
f 4938 4952 4939
f 4937 4949 4950
f 4935 4947 4948
f 4944 4956 4957
f 4941 4955 4942
f 4939 4953 4940
f 4938 4950 4951
f 4948 4962 4949
f 4947 4959 4960
f 4957 4971 4958
f 4955 4969 4956
f 4954 4966 4967
f 4951 4965 4952
f 4949 4963 4950
f 4948 4960 4961
f 4956 4970 4957
f 4954 4968 4955
f 4953 4965 4966
f 4951 4963 4964
f 4962 4974 4975
f 4959 4973 4960
f 4971 4983 4984
f 4968 4982 4969
f 4966 4980 4967
f 4964 4978 4965
f 4962 4976 4963
f 4960 4974 4961
f 4969 4983 4970
f 4967 4981 4968
f 4966 4978 4979
f 4964 4976 4977
f 4975 4987 4988
f 4973 4985 4986
f 4983 4997 4984
f 4981 4995 4982
f 4979 4993 4980
f 4978 4990 4991
f 4976 4988 4989
f 4973 4987 4974
f 4983 4995 4996
f 4981 4993 4994
f 4978 4992 4979
f 4976 4990 4977
f 4988 5000 5001
f 4985 4999 4986
f 4997 5009 5010
f 4995 5007 5008
f 4992 5006 4993
f 4991 5003 5004
f 4989 5001 5002
f 4986 5000 4987
f 4996 5008 5009
f 4994 5006 5007
f 4991 5005 4992
f 4989 5003 4990
f 5001 5013 5014
f 4999 5011 5012
f 5009 5023 5010
f 5008 5020 5021
f 5005 5019 5006
f 5004 5016 5017
f 5001 5015 5002
f 4999 5013 5000
f 5008 5022 5009
f 5007 5019 5020
f 5005 5017 5018
f 5002 5016 5003
f 4893 4619 4632
f 4893 4632 4645
f 4893 4645 4658
f 4893 4658 4671
f 4893 4671 4684
f 4893 4684 4697
f 4893 4697 4710
f 4893 4710 4723
f 4893 4723 4736
f 4893 4736 4749
f 4893 4749 4762
f 4893 4762 4775
f 4893 4775 4788
f 4893 4788 4801
f 4893 4801 4814
f 4893 4814 4827
f 4893 4827 4840
f 4893 4840 4853
f 4893 4853 4866
f 4893 4866 4879
f 4893 4879 4892
f 4893 4892 4906
f 4893 4906 4919
f 4893 4919 4932
f 4893 4932 4945
f 4893 4945 4958
f 4893 4958 4971
f 4893 4971 4984
f 4893 4984 4997
f 4893 4997 5010
f 4893 5010 5023
f 5014 4609 4610
f 5012 4607 4608
f 5022 4619 5023
f 5020 4617 5021
f 5018 4615 5019
f 5017 4612 4613
f 5014 4611 5015
f 5012 4609 5013
f 4893 5023 4619
f 5021 4618 5022
f 5020 4615 4616
f 5018 4613 4614
f 5015 4612 5016
f 4481 5011 4606
f 5011 4602 4606
f 4998 4597 4602
f 4985 4593 4597
f 4593 4959 4589
f 4589 4946 4585
f 4585 4933 4581
f 4933 4577 4581
f 4577 4907 4573
f 4907 4569 4573
f 4894 4565 4569
f 4880 4561 4565
f 4561 4854 4557
f 4557 4841 4553
f 4553 4828 4549
f 4828 4545 4549
f 4545 4802 4541
f 4802 4537 4541
f 4789 4533 4537
f 4776 4529 4533
f 4529 4750 4525
f 4525 4737 4521
f 4521 4724 4517
f 4724 4513 4517
f 4513 4698 4509
f 4698 4505 4509
f 4685 4501 4505
f 4672 4497 4501
f 4497 4646 4493
f 4493 4633 4489
f 4489 4620 4485
f 4620 4481 4485
f 4 3 2
f 8 7 6
f 13 16 15
f 17 28 19
f 32 31 30
f 36 35 34
f 37 40 39
f 21 22 23
f 25 26 27
f 41 44 43
f 48 47 46
f 52 51 50
f 53 56 55
f 60 59 58
f 29 30 62
f 66 65 64
f 67 5 6
f 72 71 70
f 76 75 74
f 77 80 79
f 81 84 83
f 59 87 86
f 88 91 90
f 96 95 94
f 100 99 98
f 101 104 103
f 106 105 34
f 108 116 115
f 117 119 36
f 124 127 126
f 131 130 129
f 132 102 134
f 142 141 140
f 148 106 60
f 144 143 127
f 149 152 151
f 156 155 154
f 159 150 158
f 116 108 164
f 171 170 169
f 174 126 173
f 179 182 181
f 186 189 188
f 194 197 196
f 199 142 139
f 206 209 208
f 213 212 211
f 202 215 214
f 96 93 216
f 92 238 43
f 97 184 246
f 250 249 229
f 252 254 58
f 258 257 256
f 260 91 229
f 110 111 112
f 114 264 263
f 265 268 267
f 56 53 270
f 274 273 249
f 185 183 63
f 280 279 278
f 285 284 283
f 288 219 211
f 141 142 92
f 289 290 175
f 148 116 105
f 312 311 170
f 238 262 42
f 318 163 160
f 310 309 308
f 241 239 325
f 160 230 240
f 47 48 307
f 108 109 315
f 345 85 86
f 348 351 350
f 356 359 358
f 355 354 353
f 363 31 32
f 364 252 253
f 366 125 368
f 183 372 371
f 163 162 161
f 209 226 101
f 378 377 165
f 379 295 381
f 383 382 3
f 284 285 386
f 387 127 389
f 391 259 229
f 73 281 397
f 405 408 407
f 203 218 411
f 414 121 413
f 1 356 357
f 277 276 131
f 254 344 57
f 358 384 415
f 417 416 386
f 401 400 192
f 419 389 127
f 421 181 182
f 103 301 302
f 428 367 368
f 380 390 359
f 62 204 266
f 140 141 431
f 357 358 351
f 356 1 379
f 415 392 403
f 437 428 436
f 438 441 440
f 188 451 450
f 265 455 181
f 224 185 64
f 237 212 213
f 275 131 128
f 281 282 460
f 50 462 79
f 73 74 282
f 468 467 466
f 390 355 352
f 482 485 484
f 489 488 487
f 493 496 495
f 472 471 470
f 502 501 500
f 220 221 222
f 512 419 143
f 518 517 511
f 513 239 230
f 205 30 31
f 189 370 451
f 163 318 532
f 533 224 225
f 446 448 447
f 335 541 540
f 544 512 546
f 329 519 291
f 199 534 262
f 385 386 416
f 532 190 191
f 363 117 118
f 578 581 580
f 573 572 571
f 561 563 562
f 241 260 259
f 590 593 592
f 545 546 595
f 503 154 155
f 606 625 624
f 478 481 480
f 646 649 648
f 590 591 689
f 564 565 651
f 728 246 184
f 714 724 716
f 692 574 575
f 541 335 581
f 346 68 248
f 161 231 230
f 128 129 94
f 698 705 704
f 574 577 576
f 290 289 401
f 630 631 725
f 733 736 735
f 755 466 496
f 759 480 481
f 757 763 762
f 764 496 466
f 768 767 3808
f 759 760 488
f 492 474 475
f 474 770 769
f 773 468 465
f 771 774 486
f 484 485 775
f 774 776 489
f 495 496 764
f 495 757 761
f 137 397 784
f 325 239 797
f 165 519 51
f 369 32 29
f 730 731 568
f 90 302 301
f 243 118 516
f 800 734 806
f 817 815 808
f 816 808 823
f 306 303 447
f 815 810 809
f 829 830 828
f 726 725 501
f 274 427 424
f 879 882 881
f 884 883 879
f 219 218 217
f 906 905 904
f 455 204 205
f 898 882 830
f 903 900 880
f 377 291 519
f 923 949 948
f 946 947 951
f 3519 740 739
f 900 899 886
f 225 64 65
f 182 445 442
f 809 952 947
f 954 960 962
f 927 950 965
f 885 879 880
f 925 927 966
f 343 342 341
f 965 964 971
f 968 971 970
f 972 968 969
f 963 961 981
f 336 337 338
f 992 993 827
f 810 815 996
f 1007 1001 1002
f 1012 826 827
f 1011 1009 1007
f 294 293 292
f 907 908 920
f 1017 579 1019
f 1020 1023 1022
f 1035 1024 1020
f 1061 1060 1047
f 1063 1061 1046
f 1044 1020 1021
f 1102 1094 1097
f 1116 1126 1118
f 1016 1015 1014
f 881 897 904
f 816 1116 1127
f 1094 948 949
f 514 342 167
f 146 145 81
f 1133 1135 1130
f 1102 1133 1126
f 822 1126 1116
f 1145 1143 1148
f 1076 1144 1151
f 1148 1143 1086
f 1109 1097 1114
f 1154 1153 1156
f 1153 925 967
f 3464 3497 463
f 1144 1147 1152
f 1156 967 1163
f 1164 1162 1169
f 1145 1171 1176
f 1114 1115 1154
f 1183 1155 1164
f 1184 1183 1177
f 1069 1151 1062
f 1023 1191 1194
f 1162 1163 1170
f 1195 1184 1185
f 1183 1196 1176
f 1201 1063 1152
f 1061 1063 1201
f 3825 847 843
f 1203 1202 1195
f 1202 1201 1184
f 1218 1060 1203
f 1060 1061 1202
f 1225 1218 1217
f 671 695 694
f 1219 1217 1024
f 1217 1203 1034
f 1226 1014 1015
f 1243 1242 1234
f 1231 1230 1229
f 847 1243 1233
f 843 1233 1244
f 1233 1234 1245
f 1923 3761 233
f 2100 2108 499
f 3914 3864 2135
f 61 62 323
f 210 211 217
f 1299 1310 1309
f 3863 1230 1231
f 1066 1047 1321
f 1322 1321 1228
f 1060 1218 1321
f 1325 1324 1323
f 1244 1245 1332
f 1290 1234 1242
f 1337 1330 1339
f 1330 1332 1340
f 1341 1332 1245
f 1342 1340 1332
f 1343 1342 1341
f 1344 1341 1294
f 3857 3856 1345
f 1347 1348 1342
f 3856 3854 1295
f 1349 1350 1348
f 3861 1349 1347
f 3853 1347 1343
f 906 898 829
f 905 906 1353
f 865 1356 1355
f 1355 1353 829
f 1357 1355 825
f 1356 1354 1353
f 3834 1337 1338
f 866 1358 1356
f 1358 1359 1354
f 3828 878 1337
f 838 1362 1012
f 1363 1364 1338
f 1368 1363 1339
f 1348 1368 1340
f 1371 1369 3824
f 524 525 526
f 528 529 530
f 1372 1370 1369
f 535 536 537
f 1367 1368 1348
f 1370 1354 1359
f 1369 1359 3833
f 1373 910 903
f 555 556 557
f 1374 909 910
f 1373 904 905
f 1374 1373 1375
f 1375 905 1354
f 1378 920 908
f 376 373 651
f 1388 928 973
f 586 587 588
f 1390 1389 1388
f 1391 1388 969
f 597 598 599
f 600 601 602
f 1392 1391 970
f 608 609 610
f 612 524 523
f 614 615 616
f 617 618 25
f 620 621 622
f 1397 1390 1391
f 1398 1397 1392
f 1400 987 920
f 1402 1403 1165
f 636 637 638
f 930 1404 1402
f 641 642 643
f 929 1402 1169
f 1404 1405 1403
f 1411 1366 1365
f 1412 1406 1415
f 652 653 654
f 609 656 657
f 659 660 661
f 558 663 586
f 665 666 667
f 1413 1411 1406
f 1418 1416 3810
f 1417 1372 1371
f 1416 1371 3829
f 1419 1417 1416
f 1386 909 1374
f 677 678 679
f 1385 1386 1420
f 1420 1374 1376
f 685 686 687
f 1421 1420 1422
f 528 690 691
f 1422 1376 1372
f 1018 1019 747
f 699 700 701
f 1424 578 579
f 3663 1597 1767
f 700 699 711
f 1093 3746 3754
f 717 718 530
f 721 722 723
f 704 1650 3543
f 19 1429 1426
f 1429 1428 1427
f 1658 1659 3542
f 1439 1437 1434
f 1437 1436 1435
f 1426 1427 1433
f 1442 1431 1432
f 742 743 744
f 1432 1433 1441
f 751 752 753
f 1438 1434 1403
f 1446 1445 1444
f 1447 1448 1446
f 3860 1447 1443
f 1415 1367 1445
f 1414 1415 1446
f 2173 1683 469
f 777 778 779
f 780 781 782
f 1676 1693 1806
f 3859 1451 1349
f 789 790 791
f 745 792 793
f 652 794 795
f 1455 1458 1457
f 1454 1367 1350
f 610 691 802
f 3831 3816 698
f 1352 1044 1045
f 1015 1016 1459
f 811 812 813
f 2118 3815 3817
f 819 820 821
f 1466 1463 1194
f 1467 1468 1465
f 1182 1165 1468
f 832 812 833
f 835 836 837
f 1467 1466 1190
f 1469 1470 1444
f 840 700 712
f 1453 1470 1469
f 599 844 845
f 1226 1450 3849
f 851 852 853
f 855 744 856
f 858 859 860
f 861 862 863
f 1014 1226 3855
f 867 676 868
f 870 871 872
f 874 875 876
f 1310 1323 1471
f 1476 1433 1427
f 1461 1476 1475
f 887 888 889
f 788 791 892
f 894 895 896
f 1460 1475 1227
f 901 902 524
f 1465 1478 1477
f 1865 3503 3500
f 911 912 913
f 916 917 918
f 1850 3505 3507
f 921 922 895
f 1479 1435 1436
f 926 664 667
f 1481 562 563
f 269 1483 84
f 931 932 933
f 934 935 614
f 936 685 688
f 938 659 662
f 1484 270 122
f 941 942 835
f 320 321 509
f 1849 3510 3505
f 84 1483 1484
f 1487 1490 1488
f 1757 1758 3502
f 365 1492 1491
f 461 79 80
f 117 363 362
f 1494 540 541
f 926 601 957
f 1477 1441 1433
f 1709 1588 1585
f 119 117 1496
f 271 1497 504
f 511 517 189
f 345 1496 1492
f 57 344 299
f 1501 1499 268
f 267 268 1499
f 974 975 976
f 1678 1652 1693
f 3846 1682 1807
f 557 982 663
f 983 941 984
f 1443 1444 3849
f 421 1500 268
f 989 990 991
f 1490 1487 418
f 279 280 309
f 997 868 676
f 998 26 999
f 1504 418 38
f 1506 1508 1507
f 360 361 1508
f 1506 1486 207
f 939 1005 1006
f 270 1484 1483
f 66 63 546
f 1010 742 793
f 367 428 437
f 244 31 363
f 1670 3532 3534
f 209 206 1510
f 388 389 426
f 427 274 250
f 161 520 521
f 100 246 45
f 1025 1026 608
f 1029 1030 1031
f 939 662 1033
f 41 42 594
f 1036 780 783
f 702 701 1038
f 1040 1041 1042
f 362 32 369
f 187 1520 477
f 70 1487 539
f 1049 600 603
f 613 867 869
f 860 1050 1051
f 1005 1052 1053
f 753 1055 1056
f 1057 1058 1059
f 293 288 1522
f 288 212 1521
f 292 1522 1523
f 331 1507 1508
f 306 452 453
f 100 44 41
f 462 1524 78
f 330 331 1524
f 635 1067 1068
f 1485 1527 1526
f 206 1485 1528
f 1070 1071 1072
f 942 941 1073
f 916 933 1075
f 440 1529 1530
f 157 158 1514
f 1529 162 5
f 371 595 546
f 790 586 663
f 1077 858 857
f 1403 1434 1435
f 1080 1081 1082
f 531 520 1529
f 21 1083 1084
f 272 1532 1531
f 690 712 802
f 335 3571 3567
f 1090 1030 1029
f 1092 795 794
f 1533 396 137
f 661 660 1095
f 69 444 445
f 1099 1100 1101
f 38 39 1536
f 1104 1105 1106
f 852 1107 1108
f 1377 908 909
f 291 377 411
f 316 1536 516
f 539 1488 1533
f 1505 1536 316
f 1110 1111 1112
f 1539 1537 460
f 522 441 1537
f 834 837 1120
f 1122 1123 1124
f 612 1125 1041
f 935 793 615
f 276 278 130
f 1686 3549 3522
f 193 190 1541
f 231 521 1540
f 556 1037 982
f 365 253 85
f 190 532 318
f 1810 765 3574
f 3924 1867 3512
f 1132 983 985
f 208 101 102
f 1134 1033 662
f 1491 518 80
f 429 133 1542
f 1137 1138 915
f 172 436 428
f 1139 1140 1141
f 549 96 54
f 1517 1519 1518
f 834 1119 984
f 1543 513 286
f 1544 797 239
f 133 134 1544
f 506 361 257
f 420 327 328
f 1158 1159 1160
f 587 1104 1103
f 607 1161 1027
f 304 1546 1545
f 364 1491 77
f 69 70 198
f 700 840 1112
f 3877 626 3525
f 1166 719 657
f 1167 1168 858
f 1300 3523 3524
f 1172 1173 1174
f 218 203 200
f 1179 1180 1181
f 372 183 97
f 89 104 227
f 1186 1187 1188
f 172 173 1517
f 1482 84 81
f 1090 1192 1193
f 394 395 353
f 526 525 1198
f 1199 1200 1026
f 606 623 697
f 1204 1205 1206
f 1207 1208 523
f 1209 1210 867
f 914 913 685
f 1478 1436 1441
f 1029 1028 1161
f 1211 1212 1213
f 3858 1453 1451
f 844 1215 1216
f 423 193 273
f 1220 1221 1222
f 22 1223 1224
f 882 898 897
f 1519 1517 173
f 1189 1188 1232
f 349 350 550
f 1071 1235 1236
f 1237 1238 1239
f 1221 1186 1189
f 1510 1528 1512
f 939 1032 1241
f 1556 1530 5
f 1553 1554 394
f 404 1556 67
f 1247 1248 1249
f 142 199 238
f 1251 1067 635
f 850 1252 1253
f 1254 1167 1077
f 57 132 133
f 443 430 552
f 1187 1172 1175
f 1256 1070 831
f 432 405 382
f 741 748 747
f 434 350 351
f 349 432 383
f 251 124 1481
f 395 384 352
f 1518 1519 1550
f 1558 410 378
f 109 263 314
f 285 1514 1513
f 395 394 393
f 202 203 410
f 417 408 405
f 1246 1257 1258
f 3 1559 297
f 1259 1260 1261
f 403 404 347
f 955 954 953
f 462 50 51
f 1096 1095 687
f 429 147 60
f 896 1264 1265
f 1267 721 1268
f 423 424 327
f 37 179 180
f 20 23 1187
f 1256 1168 1071
f 1188 1175 1269
f 1236 1270 1271
f 1272 536 535
f 565 564 463
f 1273 792 745
f 876 1254 1255
f 316 33 164
f 437 1516 503
f 194 1494 1495
f 1275 1276 864
f 624 625 631
f 1277 1274 1137
f 569 568 567
f 1481 124 125
f 324 325 547
f 1279 1108 1107
f 1525 332 329
f 1281 1278 1137
f 171 168 1553
f 1488 73 396
f 1557 1561 1562
f 1282 856 1206
f 1053 1277 1278
f 778 777 607
f 713 583 3566
f 251 225 144
f 4 357 348
f 709 708 707
f 728 48 45
f 261 135 1563
f 789 1286 1287
f 74 314 263
f 403 284 385
f 1178 1181 1240
f 1223 1259 1289
f 1220 20 1186
f 296 1518 354
f 784 459 1538
f 1181 1180 1291
f 1269 1292 1257
f 1566 1538 438
f 136 784 1566
f 1563 1564 169
f 107 114 109
f 1297 1282 1298
f 1464 1477 1476
f 1520 187 507
f 1301 1302 1303
f 1306 1307 1308
f 175 456 1532
f 1532 456 200
f 1311 1266 1312
f 872 1314 1315
f 3836 843 878
f 1305 1308 864
f 1040 1275 863
f 1564 1566 399
f 592 1576 1575
f 591 1575 1088
f 1581 1584 1583
f 1196 1152 1147
f 710 582 583
f 285 407 408
f 953 954 961
f 1594 1592 1589
f 1585 1588 1587
f 1592 1591 1590
f 3885 945 944
f 1600 1599 1598
f 1604 1603 1602
f 1399 1392 979
f 1589 1590 1596
f 1610 1609 1608
f 298 257 361
f 551 552 276
f 1627 1626 3814
f 859 811 818
f 1078 857 1328
f 1555 439 1530
f 572 573 680
f 772 465 776
f 977 1281 918
f 404 403 392
f 1054 1331 750
f 1644 1645 1643
f 932 1265 1082
f 1067 1333 1334
f 1540 1539 264
f 597 1335 643
f 471 761 762
f 1642 696 3831
f 1644 1642 3842
f 923 946 950
f 96 549 548
f 520 531 522
f 445 444 443
f 849 839 848
f 480 759 755
f 1646 760 481
f 311 426 1567
f 464 463 3497
f 3497 1360 1361
f 234 237 236
f 190 193 192
f 153 154 152
f 231 287 286
f 1552 1553 1551
f 760 1646 1648
f 3832 1647 1649
f 828 827 826
f 52 167 166
f 1663 1662 1661
f 287 107 115
f 668 671 670
f 634 645 640
f 553 560 559
f 118 36 33
f 492 484 491
f 3552 1652 1651
f 582 589 584
f 384 395 392
f 1381 1382 1383
f 1562 1561 435
f 952 953 951
f 3529 3566 583
f 1660 1661 1667
f 1394 1395 1396
f 1660 1665 1664
f 1671 1670 1669
f 1624 1625 1673
f 1407 1408 1409
f 1677 1676 1675
f 1613 1679 1677
f 1679 1678 1676
f 1626 1681 3811
f 534 199 198
f 803 733 734
f 400 248 191
f 65 66 143
f 3526 1657 1656
f 402 159 157
f 629 628 627
f 461 477 49
f 758 757 495
f 796 787 786
f 406 407 1513
f 342 343 166
f 1694 1659 1658
f 1692 1687 1694
f 3557 1693 1652
f 3921 1704 1703
f 326 547 302
f 3916 3921 1702
f 3919 3918 1698
f 1699 1691 3927
f 1557 406 1560
f 1127 1116 1117
f 400 401 289
f 1706 1702 1707
f 1707 1702 1599
f 1709 1706 1708
f 1714 1712 1711
f 3919 3915 1709
f 1704 1711 1577
f 1716 1714 1713
f 1559 1562 1549
f 1722 1721 1720
f 1335 597 596
f 410 411 377
f 973 1170 1163
f 168 169 399
f 1571 682 1089
f 1572 681 682
f 749 646 647
f 1730 1724 1723
f 1594 1582 1729
f 1729 1723 1591
f 1384 1378 1377
f 1732 1731 1712
f 1724 1730 1731
f 1722 1724 1732
f 1721 1722 1733
f 1734 1733 1716
f 1735 1737 1736
f 1733 1732 1714
f 1663 1664 1741
f 1742 1665 1740
f 1738 1739 1737
f 1665 1660 1666
f 1665 1742 1744
f 1725 1726 1746
f 1591 1725 1745
f 1590 1745 1747
f 1745 1746 1748
f 1659 1688 3538
f 3287 1760 3545
f 1185 1177 1182
f 1664 1744 1749
f 1741 1749 1739
f 1746 1742 1743
f 1726 1744 1742
f 1115 924 1153
f 1654 3546 3575
f 1896 3562 3549
f 1720 1749 1744
f 1721 1739 1749
f 1750 1718 1701
f 1697 1736 1750
f 1151 1152 1063
f 1751 1752 1670
f 1695 1658 1752
f 961 962 986
f 1770 1769 1768
f 1766 1594 1593
f 1731 1759 1579
f 1579 1777 1774
f 3928 1772 1771
f 1764 1772 3928
f 1777 1776 1775
f 3762 3763 1699
f 1004 1127 1128
f 1774 1775 1771
f 987 1400 1399
f 1578 1774 1772
f 1783 1782 1781
f 1597 1598 1770
f 639 1878 3895
f 3928 3929 1769
f 1793 1792 1789
f 3929 3920 1798
f 3508 3516 3773
f 1802 1867 3924
f 1788 1790 1794
f 1793 1794 1795
f 3773 3772 1675
f 1584 1581 1783
f 1771 1797 3920
f 1801 1799 1798
f 1768 1769 1798
f 1775 1796 1797
f 508 514 515
f 1796 1803 1802
f 1800 1798 3920
f 1794 1805 1804
f 3532 1670 1752
f 485 1808 1807
f 3809 3844 1640
f 3837 3844 1810
f 485 482 1640
f 1690 1691 3770
f 487 488 1648
f 3839 1813 1816
f 3838 1811 1648
f 3839 1812 1811
f 1812 1809 487
f 1641 1809 767
f 465 466 755
f 767 1815 3823
f 3822 1816 3826
f 1809 1812 1815
f 3837 1653 1651
f 675 672 3541
f 1814 1649 1822
f 1821 1822 3821
f 1824 1822 1649
f 1827 1849 1850
f 1668 1669 1662
f 1779 1780 1848
f 1790 1827 1805
f 1833 1836 1853
f 3521 3506 693
f 1614 1615 1616
f 1852 1853 3498
f 1620 1621 1622
f 1855 1765 1574
f 1847 1852 3501
f 1766 1765 1855
f 1629 1630 1631
f 1633 1622 1634
f 1635 1636 1637
f 1848 1833 1852
f 1855 1861 1863
f 1803 1866 1867
f 1862 1863 1831
f 1782 1855 1862
f 3922 3924 1865
f 1873 1872 1870
f 1874 1869 799
f 2045 3878 3897
f 1219 1345 1295
f 1615 1614 1396
f 3884 3895 1877
f 645 3898 3786
f 1345 1219 1035
f 634 639 3884
f 15 1887 1327
f 3910 3895 1878
f 1894 604 605
f 3506 3551 627
f 3560 640 645
f 340 341 454
f 1897 194 195
f 1889 1882 1877
f 1901 94 129
f 196 749 754
f 1705 1704 3921
f 340 378 166
f 1570 1480 563
f 1904 1494 194
f 1781 1862 1832
f 1905 549 55
f 1000 994 995
f 986 919 920
f 1191 1185 1190
f 2094 2077 2075
f 1920 1921 1919
f 453 454 1912
f 1915 1919 1918
f 3882 2112 2106
f 1655 3575 3531
f 1916 1918 1926
f 704 3554 3561
f 278 1916 1925
f 3565 3564 1818
f 1097 949 1115
f 1927 1928 727
f 3578 3579 3654
f 1920 310 307
f 1929 307 48
f 503 504 1497
f 1902 1903 787
f 1816 1821 3820
f 1925 1926 1923
f 1535 1569 1568
f 254 252 258
f 1509 1497 366
f 119 86 35
f 219 288 293
f 141 46 47
f 542 205 244
f 1940 552 430
f 1779 1828 1827
f 1701 1710 3915
f 1661 3550 3515
f 270 53 754
f 197 1947 749
f 1727 1728 1212
f 53 54 232
f 1465 1468 1479
f 1284 3862 3854
f 1951 446 412
f 168 398 1554
f 1486 1485 206
f 506 77 78
f 994 1001 1007
f 951 953 963
f 1013 3859 3861
f 3826 3820 1820
f 1498 1909 1954
f 299 298 543
f 1754 1755 1756
f 1681 469 1683
f 1696 1694 1695
f 13 14 738
f 473 476 475
f 482 1641 768
f 204 62 30
f 1761 1762 820
f 611 1763 1125
f 1501 1503 1908
f 1074 1073 711
f 1960 1944 82
f 120 1956 1960
f 35 86 87
f 1773 1199 1025
f 1965 1545 1569
f 494 761 471
f 1966 1967 1969
f 446 1951 1971
f 174 368 125
f 1580 1579 1578
f 1785 1786 1787
f 1972 1546 304
f 1254 876 875
f 1973 341 342
f 321 1912 1973
f 1910 277 275
f 509 1973 514
f 1486 1507 1527
f 1974 1874 804
f 1977 1976 1974
f 1980 448 1966
f 379 1 2
f 1718 1715 1710
f 884 995 992
f 1680 1684 1678
f 902 990 525
f 344 255 256
f 135 138 137
f 448 446 1967
f 589 605 604
f 910 909 908
f 1981 1966 1968
f 1982 1981 1987
f 1988 1979 1987
f 1990 1988 1989
f 1991 1989 1993
f 322 321 320
f 992 828 830
f 1144 1076 1086
f 1995 1977 1978
f 1133 1129 1118
f 1997 1995 1994
f 870 1823 1335
f 805 806 1982
f 727 184 2000
f 1996 1994 1988
f 1994 1978 1979
f 1829 616 792
f 1830 1073 941
f 798 803 800
f 729 732 731
f 2011 2012 2023
f 1834 1835 846
f 402 283 284
f 2022 2023 2024
f 1838 718 989
f 810 955 952
f 1823 1839 1840
f 1430 1426 1432
f 1215 844 1841
f 1316 1208 873
f 2112 1401 1384
f 1842 1843 1844
f 1159 846 845
f 837 27 1846
f 1971 1951 2030
f 517 369 370
f 1471 2026 2027
f 3551 3525 626
f 2174 2175 770
f 935 934 1854
f 1613 1619 1611
f 1231 1228 1225
f 1856 1857 891
f 1300 1309 748
f 1150 1149 1858
f 1643 606 696
f 1215 1265 1264
f 1320 1860 902
f 1956 1943 1944
f 2031 668 669
f 2034 1325 1310
f 1879 1880 1656
f 40 245 242
f 1992 1993 2039
f 888 958 957
f 1882 1889 1996
f 1078 1138 1255
f 1871 912 1192
f 294 411 218
f 1323 2041 2026
f 123 1960 83
f 1324 2036 2041
f 384 358 359
f 1324 1325 2038
f 1883 1884 1885
f 287 1540 114
f 1096 1886 1134
f 915 1329 931
f 806 1980 1981
f 3533 3529 584
f 1425 2030 2042
f 1018 2042 1948
f 3562 1896 740
f 1948 2042 649
f 1881 1882 1990
f 1900 129 130
f 992 995 994
f 923 927 925
f 3878 2045 2047
f 1643 2048 625
f 2050 2052 2051
f 2045 1405 1404
f 3876 2047 945
f 1139 1080 1079
f 1037 1856 892
f 2055 2053 2057
f 1198 989 718
f 1619 2058 1612
f 2058 1605 1606
f 2059 2060 1607
f 2058 1619 1624
f 71 72 179
f 405 406 1557
f 322 1548 1972
f 2061 2052 2063
f 2066 2065 2067
f 2052 2061 2064
f 1609 1610 2066
f 1515 151 152
f 1009 827 993
f 1644 3843 3815
f 279 1915 1916
f 1285 3863 3862
f 1647 2066 1825
f 2056 2057 2067
f 319 320 1953
f 667 666 1913
f 2070 631 625
f 2052 2050 2055
f 2038 1654 1655
f 1606 1601 2073
f 1235 1917 1270
f 2072 2073 2075
f 2059 1606 2072
f 2074 2075 2077
f 1601 1602 2078
f 2049 2048 1643
f 1000 1004 1001
f 1089 943 684
f 1931 1286 1306
f 1462 1459 1021
f 1932 1933 1934
f 875 874 1846
f 1936 1051 1937
f 44 45 46
f 1534 1955 1956
f 1541 318 317
f 2081 2082 2084
f 146 1945 1959
f 1360 1941 1942
f 985 984 1032
f 1995 1997 1892
f 2079 2080 2082
f 2095 2096 2076
f 2081 2093 2078
f 2055 2050 2054
f 501 2096 2095
f 2097 2100 2099
f 2098 2099 2094
f 2140 2141 3893
f 2141 2046 3894
f 2051 2070 2048
f 592 2102 2101
f 2071 2064 2076
f 2102 2097 2098
f 593 2103 2102
f 1019 1895 746
f 1950 11 12
f 725 2071 2096
f 1385 2105 2104
f 1379 2104 2106
f 2107 2108 2100
f 3908 726 502
f 3896 502 499
f 940 1389 2109
f 928 929 1170
f 3868 590 684
f 1962 1963 1964
f 3878 680 573
f 2039 1993 1968
f 1389 1390 2110
f 1398 2111 2113
f 3757 3755 3753
f 3911 3883 2107
f 949 923 924
f 260 241 324
f 1390 1397 2113
f 2070 2051 2064
f 3867 3911 2103
f 2105 1385 1421
f 2114 1421 1423
f 3892 2114 2115
f 3908 2105 2114
f 554 2116 1902
f 972 1163 967
f 1765 1593 1573
f 1984 1985 1986
f 2053 2117 2069
f 3573 3556 724
f 1625 1677 1674
f 3881 3888 2119
f 3903 2115 2123
f 56 1954 1906
f 626 3877 3879
f 2001 2002 2003
f 3912 3841 2127
f 2006 2007 2008
f 2127 1413 1412
f 2014 2015 2016
f 2018 2019 2020
f 1495 1424 1947
f 1379 1377 1386
f 3814 3811 1680
f 2029 1885 1884
f 3902 2128 2120
f 629 3879 3914
f 682 683 943
f 724 1650 2121
f 1757 1819 3821
f 765 1810 3844
f 3851 714 715
f 706 707 3870
f 981 986 987
f 1457 1868 1656
f 2017 2016 2032
f 1458 1655 1868
f 1776 1777 1792
f 1959 1945 1946
f 3663 3715 3725
f 3913 3881 2122
f 1093 1089 689
f 966 965 968
f 3852 715 3881
f 2172 3577 2170
f 670 2138 2137
f 3761 787 1903
f 1429 19 28
f 964 963 978
f 3841 3813 1413
f 1473 1474 669
f 3834 3833 1359
f 2138 798 1870
f 1872 1473 2137
f 715 716 3888
f 1881 1991 1992
f 3843 3842 739
f 1837 1847 3513
f 253 58 59
f 1808 3837 3840
f 1647 3832 3818
f 3865 3866 671
f 2112 3882 3883
f 1405 2045 2044
f 3829 3824 1364
f 273 1541 391
f 576 632 3520
f 3875 3865 668
f 1430 1431 2140
f 2136 3850 3860
f 1430 2139 18
f 3893 3894 570
f 1442 1439 2046
f 1431 1442 2141
f 3869 3913 3850
f 3808 3823 1817
f 3866 3893 695
f 2142 2025 798
f 571 2143 2142
f 3819 3814 1618
f 2143 2022 2025
f 694 2142 2138
f 681 1572 2144
f 2144 2011 2022
f 328 210 457
f 1572 2010 2011
f 630 3892 3903
f 2085 2086 2087
f 2090 2091 2092
f 572 2144 2143
f 1875 1976 2153
f 1873 1875 2149
f 2103 2107 2097
f 2157 2043 2155
f 2128 1412 1414
f 3874 3871 589
f 3872 3870 628
f 2149 2153 2158
f 2159 2158 3905
f 698 3907 3902
f 3823 3847 3827
f 2158 2156 3874
f 1438 2044 2046
f 2035 2154 2160
f 2161 2160 3889
f 3871 3891 605
f 3873 17 18
f 370 29 61
f 649 1951 413
f 2153 2157 2156
f 1428 1429 1449
f 1490 76 73
f 3890 3905 710
f 2155 1891 3891
f 1456 1457 1880
f 2125 2088 2087
f 2160 2159 3890
f 300 1959 505
f 1064 1062 1046
f 2043 1892 1891
f 2129 2130 2004
f 2131 2132 2133
f 3848 3849 1450
f 1998 1975 804
f 3879 673 3864
f 474 492 490
f 1164 1165 1182
f 707 2162 3909
f 708 1472 2162
f 2162 2161 3886
f 548 549 1905
f 1145 1136 1114
f 705 2121 1650
f 2043 2157 1977
f 737 738 554
f 1034 1195 1191
f 458 1905 1907
f 195 196 232
f 2040 2039 1969
f 2145 2146 2147
f 2054 2050 2049
f 3832 1646 1639
f 9 12 11
f 252 364 506
f 472 478 479
f 1865 3924 3791
f 900 903 910
f 1941 2150 2151
f 1921 1928 1927
f 2163 1897 1898
f 271 156 153
f 1904 1326 12
f 282 263 264
f 1872 1873 2154
f 1326 1904 1897
f 628 692 693
f 1724 1722 1719
f 1549 1562 436
f 1582 1583 1730
f 1921 1920 1929
f 3563 3511 10
f 2152 2037 1950
f 475 772 774
f 769 2172 2171
f 2171 2165 476
f 476 773 772
f 1791 565 464
f 2166 2167 2168
f 595 371 372
f 483 1809 1641
f 762 2174 2173
f 771 483 484
f 486 487 1809
f 297 1549 1517
f 763 2175 2174
f 776 755 759
f 184 185 2176
f 412 447 303
f 2005 2176 185
f 3811 1681 1682
f 2164 2170 756
f 1472 2035 2161
f 950 951 964
f 2177 2178 2179
f 227 226 1510
f 2182 2183 2184
f 2186 2019 2018
f 1985 2182 2181
f 214 736 729
f 865 849 842
f 849 865 1357
f 559 3187 3188
f 16 13 737
f 560 553 498
f 3193 3196 3195
f 3200 3197 3198
f 3211 3214 3213
f 3215 3218 3217
f 2187 2188 2002
f 2169 2168 2189
f 2192 2086 2085
f 2193 2194 2195
f 2198 2199 2200
f 1998 1982 1979
f 3664 3665 3668
f 2116 1898 1903
f 1859 2006 2009
f 3904 2123 2126
f 1135 1148 1087
f 2201 2202 2015
f 1149 111 110
f 3221 3222 3218
f 2203 2204 2205
f 579 580 1895
f 1755 2207 2208
f 3891 3910 1893
f 1211 2151 2150
f 868 997 2210
f 944 945 930
f 2130 2129 2202
f 233 1903 1898
f 665 751 750
f 1167 1254 999
f 2211 2212 2213
f 2215 2216 2217
f 3867 593 590
f 2220 221 220
f 823 824 948
f 3225 3220 3227
f 266 204 455
f 3882 2108 2107
f 2221 2222 3519
f 2223 2224 2225
f 2207 2125 2124
f 673 674 3869
f 817 1000 996
f 2227 2228 2146
f 1947 1948 646
f 3900 2135 17
f 2229 1635 1638
f 1679 1613 1618
f 1637 2231 2232
f 2233 2234 1617
f 2231 2235 2236
f 1381 1638 2238
f 3586 2241 2242
f 1630 2234 2233
f 1681 1626 472
f 1408 1407 2243
f 3236 3239 3238
f 3232 3241 3240
f 1637 2230 2238
f 3237 3238 3233
f 1409 1408 1634
f 1380 1383 2247
f 1628 2248 2245
f 2249 1623 1622
f 1632 1634 1408
f 2248 1628 1631
f 2235 2231 1637
f 3245 3246 3199
f 631 2070 2071
f 515 167 52
f 782 781 2251
f 2253 2254 2255
f 397 281 459
f 1456 2039 2040
f 2040 2041 2036
f 1401 2112 2111
f 2041 2040 1970
f 1535 121 414
f 1586 1587 2080
f 2256 983 1132
f 1700 1699 3918
f 3815 1896 1686
f 1263 2256 1886
f 598 1841 844
f 2257 2258 2259
f 2258 2261 2262
f 2259 2262 2263
f 2260 2259 2216
f 1967 1971 1970
f 2212 1964 1963
f 922 921 2218
f 1312 1098 1101
f 1307 1306 1286
f 1548 1569 1546
f 2266 2267 2268
f 2265 2268 2270
f 2272 2265 2269
f 2273 2266 2265
f 2275 2276 2277
f 2278 2274 2277
f 2284 2285 3617
f 2287 2283 2286
f 2288 2289 2283
f 2290 2284 3639
f 2291 2292 2293
f 2295 2291 2294
f 2296 2297 2291
f 2297 2298 2292
f 2294 2293 2299
f 2279 2294 2300
f 2298 2301 2302
f 2292 2302 2303
f 2293 2303 2304
f 2304 2305 2306
f 2308 2309 2310
f 2302 2307 2310
f 2301 2311 2307
f 2312 2308 2307
f 2313 2314 2315
f 2318 2319 2320
f 3748 3771 2322
f 2324 2325 2273
f 2313 2324 2326
f 2328 2324 2313
f 2329 2325 2324
f 2331 2332 2333
f 2330 2333 2267
f 2325 2330 2266
f 2329 2331 2330
f 2333 2334 2335
f 2336 2334 2333
f 2338 2336 2332
f 2331 2339 2337
f 2329 2340 2339
f 2328 2341 2340
f 2316 2342 2341
f 2342 2316 2315
f 2344 2345 2346
f 2341 2344 2347
f 2342 2348 2344
f 2348 2349 2345
f 2350 2351 2352
f 2339 2350 2353
f 2340 2347 2350
f 2347 2346 2351
f 2337 2353 2354
f 2353 2352 2355
f 2356 2277 2276
f 2356 2357 2358
f 2356 2359 2296
f 2279 2277 2356
f 2360 2361 2270
f 2267 2335 2360
f 2362 2363 2364
f 2362 2365 2361
f 2366 2362 2358
f 2366 2367 2363
f 2357 2276 2368
f 2366 2368 2369
f 2276 2275 2370
f 2368 2370 2282
f 2372 2373 2374
f 2375 2376 2377
f 2378 2379 2380
f 2382 2378 2381
f 2384 2385 2378
f 2385 2386 2379
f 2388 2389 2390
f 2387 2390 2392
f 2393 2394 2387
f 2394 2395 2388
f 2186 2401 2402
f 2403 2404 2327
f 2272 2403 2326
f 2271 2405 2403
f 2405 2406 2404
f 2404 2407 2408
f 2409 2410 2411
f 2409 2412 2271
f 2413 2409 2269
f 2413 2414 2410
f 2417 2415 2416
f 2417 2418 2406
f 2412 2417 2405
f 2411 2415 2417
f 2406 2419 2407
f 3569 3520 632
f 2420 2398 2397
f 2420 2421 2423
f 2424 2420 2422
f 2424 2399 2398
f 2425 2391 2392
f 2421 2425 2426
f 2397 2396 2425
f 2396 2393 2391
f 2427 2314 2408
f 2430 2427 2428
f 2343 2315 2427
f 2432 2343 2430
f 2431 2430 2429
f 2435 2431 2433
f 2436 2432 2431
f 2428 2408 2407
f 2422 2437 2407
f 2438 2437 2422
f 2429 2428 2437
f 2440 2434 2433
f 2441 2439 2433
f 2442 2443 2439
f 2443 2444 2440
f 2445 2446 2444
f 2447 2445 2443
f 2383 2381 2445
f 2381 2380 2446
f 2448 2438 2423
f 2449 2448 2426
f 2441 2448 2449
f 2441 2429 2438
f 2449 2392 2390
f 2450 2390 2389
f 2447 2450 2451
f 2442 2449 2450
f 2451 2389 2453
f 2452 2453 2455
f 2382 2452 2454
f 2383 2451 2452
f 2456 2457 2373
f 2459 2460 2461
f 2463 2464 2465
f 2462 2465 2285
f 2466 2462 2284
f 2467 2463 2462
f 2461 2460 3703
f 2468 2469 2470
f 2472 2468 2471
f 2474 2461 3701
f 2475 2476 2477
f 2458 2455 2453
f 2479 2453 2389
f 2395 2480 2479
f 2480 2459 2458
f 2481 2482 2483
f 2484 113 2485
f 2471 2470 2464
f 2473 2471 2463
f 2487 2467 2466
f 2486 2466 2290
f 2490 2486 2488
f 2491 2487 2486
f 2492 2473 2467
f 2493 2492 2487
f 2494 2495 2492
f 2495 2472 2473
f 3690 2496 2474
f 3691 2497 2496
f 2498 2494 2493
f 2500 2498 2499
f 3700 3687 2498
f 3687 3691 2494
f 2306 2504 2278
f 2305 2505 2504
f 2504 2505 2507
f 2506 2507 2288
f 2274 2506 2508
f 2278 2504 2506
f 3633 3632 2489
f 3620 3633 2488
f 2507 2509 2289
f 2505 2510 2509
f 2508 2288 2287
f 2511 2287 2281
f 2370 2511 2280
f 2275 2508 2511
f 2512 2490 2489
f 2514 2512 2513
f 2517 2512 2514
f 2517 2491 2490
f 2499 2493 2491
f 2499 2517 2516
f 2510 2505 2519
f 2518 2519 2521
f 3616 2518 2520
f 3632 2510 2518
f 2522 2304 2303
f 2523 2522 2310
f 2305 2304 2522
f 2524 2522 2523
f 2519 2524 2525
f 2505 2305 2524
f 2308 2312 2527
f 2526 2527 2529
f 2531 2526 2528
f 2309 2308 2526
f 1214 2532 2151
f 2419 2406 2418
f 2533 2345 2349
f 2534 2533 2317
f 2535 2536 2533
f 2536 2346 2345
f 2537 2351 2346
f 2538 2537 2536
f 2539 2540 2537
f 2540 2352 2351
f 2312 2355 2541
f 2527 2541 2542
f 2543 2435 2434
f 2545 2543 2544
f 2319 2318 2543
f 2318 2436 2435
f 2514 2515 2548
f 2547 2548 2550
f 2552 2547 2549
f 2552 2516 2514
f 2520 2521 2554
f 2553 2554 2556
f 3590 2553 2555
f 3621 2520 2553
f 2523 2309 2531
f 2557 2531 2530
f 2525 2523 2557
f 2559 2557 2558
f 2554 2559 2560
f 2521 2525 2559
f 2561 2375 2007
f 2376 2562 2225
f 2564 2565 2566
f 2563 2566 338
f 2569 2563 2567
f 2570 2564 2563
f 2572 2573 2574
f 2571 2574 2576
f 2544 2571 2575
f 2544 2434 2572
f 2578 2570 2569
f 2579 2577 2569
f 2574 2577 2579
f 2573 2578 2577
f 2581 2582 2583
f 2584 2580 2583
f 3697 3675 2580
f 3676 2581 2580
f 2582 2516 2552
f 2583 2552 2551
f 2500 2501 2589
f 2590 2588 2589
f 3693 3695 2588
f 3695 3700 2500
f 2501 2516 2591
f 2592 2593 2594
f 2386 2385 2503
f 2596 2379 2386
f 2596 2374 2373
f 2599 2596 2597
f 2599 2380 2379
f 2600 2446 2380
f 2600 2599 2598
f 2603 2600 2601
f 2603 2444 2446
f 2604 2603 2602
f 2440 2604 2605
f 2444 2603 2604
f 2606 2582 2581
f 2606 2607 2590
f 2591 2516 2582
f 3676 2587 2456
f 3689 2456 2372
f 2478 2477 2608
f 2609 2610 2611
f 2564 2570 2613
f 2612 2613 2598
f 2457 2612 2597
f 2565 2564 2612
f 2614 2613 2570
f 2615 2614 2578
f 2602 2601 2614
f 2601 2598 2613
f 2572 2434 2605
f 2616 2605 2602
f 2573 2572 2616
f 1459 1016 1045
f 1265 1215 1079
f 1612 1608 1609
f 2067 2057 2069
f 1135 1109 1136
f 1938 1937 2618
f 95 548 458
f 2058 1607 1608
f 1454 1469 1445
f 655 2620 1048
f 722 1049 2621
f 1131 985 1033
f 562 1481 366
f 1723 1719 1725
f 1786 1123 1122
f 267 300 323
f 1325 2034 1654
f 1468 1165 1435
f 658 657 529
f 8 532 247
f 382 1557 1559
f 788 619 1307
f 940 930 929
f 911 2622 2623
f 2621 2620 655
f 2624 1857 2625
f 998 1846 27
f 635 638 2626
f 2627 641 644
f 2628 2627 1840
f 1200 1199 2627
f 1199 1773 641
f 1520 515 49
f 1452 1350 1349
f 2630 2631 1859
f 644 643 1335
f 1197 1198 717
f 2632 717 719
f 2628 2632 1166
f 2629 1197 2632
f 1762 2633 1050
f 1823 870 873
f 2634 2635 794
f 1042 794 2635
f 93 94 1901
f 2036 2038 1458
f 1527 332 1525
f 877 876 1274
f 134 409 797
f 1328 893 931
f 607 777 1091
f 1043 2635 2637
f 2636 2637 2639
f 1275 2636 2638
f 1275 1040 1043
f 1272 2624 2626
f 2640 2626 638
f 1110 2641 2640
f 536 1272 2640
f 1472 708 1474
f 2042 2030 1951
f 1058 1106 1105
f 2642 2623 2643
f 1192 2642 2644
f 912 2623 2642
f 3898 1657 3526
f 1049 1048 2620
f 616 1829 1885
f 1331 1913 666
f 990 989 1198
f 1911 1912 321
f 1298 1282 1205
f 76 1490 1504
f 1502 1500 421
f 610 609 658
f 1146 937 659
f 2646 911 914
f 1280 1239 1238
f 1453 1454 1452
f 835 942 1843
f 1271 1270 1173
f 1893 1878 1826
f 1050 2633 1937
f 2651 2652 814
f 1006 1053 1281
f 2653 1084 2654
f 1001 1004 1003
f 585 997 679
f 2624 1272 621
f 555 678 2028
f 1207 526 1197
f 1626 1627 478
f 426 389 419
f 1030 1193 1773
f 3898 645 634
f 534 1533 138
f 1125 1092 1042
f 333 228 88
f 569 1570 561
f 1489 2656 871
f 1857 2624 620
f 1673 1674 3770
f 622 861 864
f 619 788 891
f 261 544 545
f 393 1555 1556
f 2658 2659 2647
f 1075 2658 2657
f 1081 1080 2658
f 1080 1139 2659
f 2644 2643 1141
f 2660 1141 1140
f 642 2660 1336
f 1193 2644 2660
f 679 678 555
f 1503 1501 1500
f 1318 1317 1101
f 2661 2659 1139
f 2661 1142 2663
f 2662 2647 2659
f 2662 2663 2622
f 2664 2622 911
f 2648 2664 2646
f 2648 2647 2662
f 2083 2094 2093
f 1442 1440 1437
f 519 329 330
f 1885 2029 1209
f 799 800 805
f 1946 1943 1952
f 1302 1301 1253
f 566 2005 224
f 1389 940 928
f 683 682 681
f 836 835 1842
f 2665 1842 1845
f 2666 2665 1303
f 24 836 2665
f 831 1072 2650
f 1845 1844 1304
f 2010 2013 2012
f 1051 1936 2667
f 1522 1521 1511
f 531 440 441
f 1250 635 2625
f 2669 2625 1857
f 783 2669 1856
f 782 1250 2669
f 720 2670 2671
f 1055 1931 1930
f 1333 1067 1251
f 619 622 1308
f 652 655 2619
f 521 522 1539
f 1838 988 537
f 2672 537 536
f 1113 2672 2641
f 1113 527 1838
f 1016 1013 1351
f 3897 573 570
f 226 227 104
f 3564 3669 3827
f 1036 1037 1884
f 2674 1301 1304
f 2673 1304 1844
f 1334 2673 2675
f 1333 2674 2673
f 2676 702 1039
f 1843 2676 2675
f 942 1074 2676
f 1074 699 702
f 752 1057 1055
f 1200 1166 656
f 1120 1846 874
f 2677 874 877
f 1241 2677 1052
f 1119 1120 2677
f 1560 1513 151
f 1208 1316 611
f 215 735 736
f 1460 1459 1462
f 1208 1207 1839
f 854 856 1282
f 72 445 182
f 544 1563 1565
f 217 200 456
f 2047 1404 930
f 1204 2618 1937
f 913 777 686
f 840 527 1113
f 1531 729 730
f 2678 778 1283
f 601 667 1914
f 1537 1538 459
f 1819 1757 3509
f 991 1860 862
f 2679 711 1073
f 2680 1830 983
f 779 2680 2256
f 778 2678 2680
f 2678 2679 1830
f 180 542 245
f 1886 1132 1131
f 1138 1137 1274
f 1841 598 1140
f 75 313 314
f 193 423 420
f 2681 2682 1099
f 170 1567 1565
f 349 416 417
f 1121 1124 2684
f 547 797 409
f 123 122 121
f 2643 2663 1142
f 1542 1544 513
f 899 900 907
f 1210 677 676
f 791 663 982
f 24 27 837
f 893 896 932
f 1860 1320 863
f 535 538 862
f 1569 1548 1547
f 181 455 542
f 660 659 937
f 2013 567 568
f 887 890 2631
f 1524 1508 361
f 520 161 162
f 2653 855 854
f 1238 1237 2655
f 718 1838 527
f 1492 1493 518
f 792 616 615
f 599 846 1835
f 290 457 456
f 312 171 1552
f 1248 2687 1179
f 153 149 177
f 1240 1181 1222
f 1257 1292 1235
f 1291 1084 1083
f 1052 877 1277
f 743 742 2618
f 444 140 430
f 23 1224 1172
f 2687 2654 1180
f 102 103 409
f 1283 607 610
f 373 497 650
f 1180 2654 1084
f 855 2653 2655
f 1173 1270 1917
f 2689 850 853
f 2688 853 1108
f 2686 2688 1279
f 2687 2689 2688
f 2691 1302 1252
f 2690 1252 850
f 1248 2690 2689
f 1248 1247 2691
f 2692 617 24
f 2691 2692 2666
f 1247 1258 2692
f 1258 1168 617
f 394 1554 1555
f 2693 1260 1259
f 1072 1236 1262
f 1257 1071 1168
f 398 439 1555
f 871 1784 1314
f 1178 1232 1249
f 1224 1289 1173
f 1010 2617 2618
f 1175 1174 1292
f 2654 2687 2686
f 2694 1157 1216
f 71 418 1487
f 701 1112 1111
f 1072 1261 2649
f 1085 2695 22
f 895 2694 1264
f 1601 1606 1605
f 1259 1262 1271
f 21 20 1220
f 988 991 538
f 598 597 1336
f 1050 860 818
f 1298 2645 1761
f 1168 1167 618
f 858 1168 1256
f 39 242 516
f 2652 1761 819
f 313 316 315
f 2026 1970 1971
f 2656 1489 596
f 814 819 818
f 2696 2651 813
f 1260 2696 2649
f 2693 2697 2696
f 2697 1296 2651
f 381 355 390
f 3818 3819 1611
f 1475 1427 1428
f 1292 1174 1917
f 1551 353 354
f 1526 1525 1523
f 1593 1589 1595
f 1232 1269 1246
f 2695 2693 1223
f 2698 1297 1296
f 2698 2697 2693
f 2685 2698 2695
f 2685 854 1297
f 562 1497 271
f 2652 2651 1296
f 1365 1366 1364
f 1958 1946 1953
f 585 588 2210
f 1561 1560 1515
f 975 2648 1146
f 347 67 68
f 1038 1111 636
f 2700 781 780
f 2699 780 1036
f 2701 2699 1883
f 851 2700 2699
f 2674 1333 2251
f 2702 2251 781
f 1253 2702 2700
f 1301 2674 2702
f 1519 387 388
f 1273 1239 1280
f 2703 1280 1107
f 2701 2703 852
f 1829 1273 2703
f 91 260 326
f 1784 871 2656
f 2683 2684 2705
f 604 1894 3499
f 1669 3534 3548
f 2062 2063 2060
f 621 535 861
f 2023 731 732
f 686 779 1263
f 857 1051 2668
f 883 830 882
f 637 636 1111
f 2668 894 893
f 2667 921 894
f 1039 1038 1068
f 313 75 1504
f 1911 1972 305
f 1936 2706 1964
f 2707 2402 2401
f 2708 2707 2183
f 738 2163 2116
f 2349 2348 2432
f 2711 2712 2020
f 2400 2711 2019
f 2714 2715 2716
f 2717 2718 2719
f 2721 2722 2723
f 2726 2727 2728
f 2725 2728 2730
f 2731 2725 2729
f 2732 2726 2725
f 2734 2735 2736
f 2738 2739 2740
f 2737 2740 2741
f 2744 2745 2746
f 2745 2744 2748
f 2749 2750 2747
f 2753 2749 2751
f 2250 1380 2246
f 2754 1396 1614
f 3598 2754 2755
f 3608 2745 2747
f 1617 2756 2755
f 2242 2758 1620
f 2191 2085 2760
f 2761 2759 2760
f 3648 2759 2761
f 3623 2191 2759
f 3209 3248 3223
f 1395 1394 2236
f 1395 2235 1636
f 1616 1635 2229
f 1617 2234 2763
f 2756 2763 3628
f 2765 2763 2234
f 2766 2764 3628
f 3202 3199 3246
f 1516 437 435
f 2768 2769 3552
f 1495 541 578
f 2135 2136 28
f 3526 3540 2773
f 1690 1689 3926
f 2778 2779 2780
f 2777 2780 2781
f 2784 2778 2777
f 3555 3521 575
f 1494 1904 9
f 3529 2016 2015
f 451 61 505
f 2786 2787 2788
f 2779 2786 2785
f 2789 2752 2741
f 2790 2753 2752
f 2792 2793 2794
f 2793 2795 2796
f 2796 2797 2750
f 2794 2796 2749
f 2798 1393 1396
f 3591 2798 2754
f 2798 2799 2800
f 3591 3662 2799
f 2797 2796 2795
f 2791 2794 2753
f 216 233 232
f 3804 2806 2807
f 3805 2809 2804
f 2769 2810 3557
f 183 185 184
f 2811 2812 2775
f 2804 2811 2776
f 2809 2813 2811
f 2812 2811 2813
f 3805 2808 2816
f 3796 2818 2815
f 3798 3800 2820
f 3793 2823 2819
f 2824 2736 2735
f 2823 2825 2824
f 2825 2823 2826
f 3793 2822 2827
f 3796 2817 2826
f 2713 2716 2829
f 2828 2829 2831
f 2822 2821 2828
f 2821 2820 2713
f 2832 2827 2822
f 2833 2832 2830
f 2834 2835 2832
f 2835 2818 2827
f 2837 2838 2839
f 2836 2839 2841
f 2842 2836 2840
f 2843 2837 2836
f 2840 2841 2845
f 2718 2844 2845
f 2730 2728 2844
f 2727 2840 2844
f 2846 2845 2841
f 2829 2846 2847
f 2847 2841 2839
f 2848 2839 2838
f 2833 2848 2849
f 2831 2847 2848
f 2850 2814 2851
f 2853 2850 2852
f 2783 2777 2782
f 2785 2788 2853
f 2780 2785 2856
f 2857 2858 2855
f 2859 2857 2782
f 2861 2843 2842
f 2860 2842 2727
f 2862 2860 2726
f 2863 2861 2860
f 2861 2863 2858
f 2843 2861 2857
f 2856 2853 2854
f 2781 2856 2864
f 2837 2843 2859
f 2838 2837 2864
f 2852 2851 2834
f 2854 2852 2849
f 2865 2815 2818
f 2851 2865 2835
f 2813 2809 2815
f 2814 2813 2865
f 2866 2812 2814
f 2788 2866 2850
f 2866 2788 2787
f 2812 2866 2867
f 1892 1889 1890
f 2720 2719 2846
f 298 299 256
f 2872 2714 2713
f 3794 3800 2735
f 2729 2730 2874
f 2846 2716 2715
f 2876 2877 2878
f 2733 2875 2878
f 3806 3807 2879
f 3806 2880 2872
f 2882 2883 2884
f 2881 2884 2715
f 2880 2881 2714
f 2879 2882 2881
f 2885 2886 2887
f 2888 2889 2890
f 2885 2890 2892
f 2893 2886 2885
f 1942 2151 2532
f 2895 2892 2720
f 2884 2895 2870
f 2883 2896 2895
f 2896 2891 2892
f 2889 2874 2717
f 2890 2717 2720
f 2897 2893 2891
f 2898 2897 2896
f 2899 2898 2883
f 2900 2899 2882
f 3797 2900 2879
f 2876 2902 2901
f 2901 2902 2904
f 1785 2656 1835
f 2905 2906 2899
f 2907 2908 2897
f 3797 2901 2903
f 632 576 577
f 3532 3547 2867
f 434 385 550
f 2768 2770 3640
f 2910 2911 1623
f 2241 2912 2758
f 3640 2770 2913
f 1623 2911 2757
f 3587 2242 2757
f 2229 1381 1380
f 2765 1630 1629
f 2915 2914 1629
f 3642 3641 2914
f 3641 3622 2765
f 2919 2916 3642
f 2918 2915 2912
f 3614 2918 2241
f 3618 2919 3613
f 3541 2177 2180
f 3521 2002 2188
f 3705 3573 714
f 2925 2766 2917
f 2924 2917 2916
f 3610 2924 2919
f 3611 2925 2924
f 2926 2927 2766
f 3658 2926 2925
f 1715 1713 1705
f 785 497 498
f 1387 651 565
f 374 375 1899
f 3573 2203 2206
f 2929 2930 2886
f 2932 2933 2934
f 1905 1906 1908
f 2930 2935 2936
f 2938 2935 2930
f 1493 369 517
f 1603 1585 1586
f 2939 2938 2929
f 2940 2939 2908
f 3665 1707 1600
f 2886 2930 2937
f 2906 2907 2898
f 2908 2929 2893
f 2942 2934 2933
f 2941 2933 2937
f 3501 2941 2936
f 3498 2942 2941
f 2943 2944 2710
f 2943 2873 2874
f 2945 2943 2889
f 2946 2944 2943
f 2932 2945 2888
f 2931 2946 2945
f 727 1928 1929
f 2903 2904 2947
f 545 594 42
f 1480 1570 533
f 2907 2906 2949
f 2906 2905 2950
f 1558 452 215
f 3799 2903 2948
f 2054 1645 1644
f 3705 3684 2203
f 1828 1837 1849
f 2953 2954 2955
f 2952 2955 2957
f 2956 2261 2258
f 2953 2952 2258
f 2454 2455 2474
f 3747 2958 2959
f 3747 2132 2131
f 2961 2962 2963
f 2958 2963 2964
f 222 221 2485
f 2477 2226 2966
f 2631 2561 2006
f 2384 2454 2496
f 2967 2968 2959
f 2968 2967 2970
f 3759 2033 2971
f 3784 2971 2960
f 2972 2971 2033
f 2007 2377 2973
f 3560 3559 2134
f 1836 1833 1832
f 3506 2188 2090
f 955 810 959
f 672 675 674
f 633 710 713
f 2024 732 733
f 2025 2024 803
f 425 1552 1550
f 2975 2976 888
f 1319 1158 1157
f 1212 1935 2977
f 889 957 2228
f 1978 1974 1975
f 1138 1078 1329
f 751 665 2979
f 1619 1613 1625
f 2252 2255 1728
f 1157 1160 845
f 2706 1936 1938
f 2980 2255 2254
f 2982 2975 887
f 802 712 711
f 678 677 2029
f 527 840 690
f 1839 1207 2629
f 2983 2984 602
f 2983 1914 1913
f 2985 2983 1331
f 2986 2984 2983
f 2987 2637 2635
f 2985 2988 2639
f 2990 1319 1318
f 2991 2992 2993
f 2995 2991 2994
f 1106 1058 2991
f 1058 1057 2992
f 1415 1406 1365
f 1317 922 2217
f 1932 1728 2255
f 926 2998 2999
f 3001 2993 2992
f 3000 2992 1057
f 2999 3000 2978
f 2998 3001 3000
f 3002 2998 2209
f 3002 3003 2996
f 2993 3001 3002
f 1103 1106 2995
f 3004 2995 2996
f 2209 2210 3004
f 588 1103 3004
f 295 296 433
f 2638 2639 2988
f 3005 2988 1056
f 1305 3005 1930
f 1276 2638 3005
f 1987 1968 1993
f 2633 1762 1761
f 1423 1422 1417
f 3561 3517 739
f 2671 2670 2704
f 1473 1872 2035
f 922 1317 2694
f 1401 1400 1378
f 556 2028 1884
f 842 848 3825
f 1854 2706 2617
f 933 1082 1081
f 1440 1441 1436
f 529 657 719
f 1031 1025 1027
f 777 913 912
f 2645 1205 1204
f 441 438 1538
f 790 1287 587
f 2065 2066 1610
f 1860 991 990
f 60 106 87
f 1424 1017 1948
f 332 1527 1507
f 261 262 138
f 187 188 449
f 1719 1720 1726
f 1931 1055 1059
f 3006 1059 1105
f 1287 3006 1104
f 1286 1931 3006
f 3007 3008 3009
f 3009 3008 653
f 618 999 26
f 2029 677 1210
f 957 601 600
f 1049 2146 2228
f 2631 890 3011
f 890 889 2227
f 3011 2227 2145
f 2561 3011 3012
f 1026 656 609
f 2706 1854 1961
f 3013 2965 2485
f 2148 2147 1267
f 3015 1267 1266
f 2997 2264 1101
f 642 641 1773
f 186 477 461
f 1041 1040 1320
f 1121 3016 3017
f 2984 2986 2987
f 3018 2987 2634
f 1048 603 3018
f 603 602 2984
f 2679 2678 801
f 2062 2072 2074
f 2061 2074 2076
f 414 303 1545
f 3016 1121 2683
f 3019 2683 2704
f 3020 3019 2670
f 3007 3016 3019
f 1871 1090 1091
f 3021 1787 1122
f 3022 3021 3017
f 1314 3021 3022
f 1784 1787 3021
f 1316 1315 1763
f 3023 3022 3010
f 3023 3009 795
f 1763 3023 1092
f 1315 3022 3023
f 3016 3007 3010
f 752 751 2978
f 2986 2639 2637
f 3024 654 653
f 3020 3024 3008
f 720 723 3024
f 723 2621 654
f 2681 1098 1268
f 2671 3025 1268
f 2705 2681 3025
f 1313 3026 3027
f 3026 3028 3029
f 3027 3029 3030
f 1311 3027 3031
f 2012 568 731
f 917 2657 974
f 743 1206 856
f 1888 2027 2030
f 2682 2705 2684
f 3032 2684 1124
f 1100 3032 2989
f 1099 2682 3032
f 1123 2990 2989
f 3033 1834 1159
f 2990 3033 1158
f 1123 1786 3033
f 1786 1785 1834
f 1054 1056 2988
f 2979 665 664
f 2623 2622 2663
f 1095 660 688
f 3034 3035 2261
f 3036 3034 2956
f 3037 3038 3034
f 3038 3039 3035
f 3040 3041 3026
f 2263 3042 3041
f 3042 3039 3043
f 3041 3043 3028
f 3044 3045 3043
f 3046 3047 3045
f 3047 3048 3049
f 3043 3045 3049
f 3038 3037 3051
f 3050 3051 3053
f 3052 3046 3044
f 3039 3038 3050
f 3054 3035 3039
f 3042 2263 2262
f 2261 3035 3054
f 2216 2263 2997
f 2212 2211 2667
f 3056 868 2209
f 934 3057 1961
f 2013 3755 3757
f 3058 3059 3060
f 3059 3062 3063
f 3060 3063 2213
f 3061 3060 1963
f 3063 3064 2214
f 3062 3065 3064
f 3065 2257 2260
f 3064 2260 2215
f 3066 3067 3031
f 2608 2966 3067
f 2966 2562 3068
f 3031 3067 3068
f 2455 2458 2461
f 2476 2223 2226
f 3551 2090 2089
f 3526 2774 3769
f 433 354 355
f 2115 1423 1419
f 3509 2868 2922
f 3769 3737 2131
f 3069 2611 2167
f 2971 2972 2928
f 2961 2774 2773
f 3070 2475 2478
f 2610 2609 3071
f 2502 2371 2374
f 3072 2592 2595
f 2964 3046 3052
f 3048 2593 3074
f 2593 2592 3075
f 3075 3030 3029
f 3074 3029 3028
f 3072 3076 3075
f 3076 3072 2482
f 2481 2608 3066
f 3076 3066 3030
f 2967 3052 3053
f 2482 3072 3073
f 479 480 493
f 706 3900 3873
f 3561 2194 2221
f 2013 2010 3754
f 3533 2032 2016
f 3562 3519 2222
f 1171 1154 1155
f 2586 2566 2565
f 2982 110 113
f 2562 2376 3077
f 2376 2375 3012
f 3012 2145 2148
f 3077 2148 3015
f 2963 3047 3046
f 3051 3078 2970
f 1683 2173 491
f 3850 2122 1447
f 1986 2181 3734
f 3079 3080 2546
f 3081 3079 2575
f 1983 1986 3768
f 3082 2323 2319
f 3080 3082 2545
f 3734 3732 3082
f 3732 3748 2323
f 1309 1471 1888
f 3073 2595 2772
f 2760 3083 3084
f 2760 2085 2088
f 3085 3084 3086
f 3089 3085 3090
f 3089 2762 3084
f 3092 3088 3090
f 3093 2748 2744
f 2751 2747 2748
f 3093 2741 2752
f 2742 2741 3093
f 3094 3093 2743
f 3096 3097 3098
f 3099 3096 3087
f 3097 3094 3095
f 3100 2743 2746
f 3101 2927 3102
f 2764 2766 2927
f 2745 2764 3101
f 3102 3092 3091
f 3100 3091 3095
f 2869 2802 3592
f 3102 3103 3104
f 3658 2868 2869
f 2927 2926 3103
f 3098 3095 3091
f 3087 3098 3090
f 2088 2125 3105
f 3083 3105 3086
f 2483 3073 2771
f 2401 2186 2185
f 3099 3086 3105
f 2125 2207 3106
f 3108 2737 2742
f 3107 2742 3094
f 3110 3108 3107
f 3109 3107 3097
f 3111 3109 3096
f 3112 3110 3109
f 3113 2738 2737
f 3115 2723 2722
f 3117 3115 3114
f 3119 3117 3116
f 3118 3116 3120
f 3116 3114 3113
f 3122 3112 3111
f 3122 3123 1755
f 3124 3125 3126
f 3125 3118 3121
f 3128 3119 3118
f 3129 3128 3125
f 2020 2712 3128
f 3853 3857 1346
f 1065 1046 1047
f 1814 3838 3830
f 2021 2020 3129
f 3111 3099 3106
f 3123 3106 2207
f 2377 2225 2224
f 3014 2485 113
f 1756 2208 3782
f 3131 3132 2530
f 3133 3131 2528
f 1753 1756 3767
f 3134 3124 3127
f 2327 2408 2314
f 2436 2318 2317
f 2018 2021 3711
f 2534 3136 3137
f 2320 2322 3136
f 2185 2018 3712
f 3138 3139 2542
f 3134 3135 3744
f 3785 3130 3134
f 3140 3138 2539
f 2535 3137 3140
f 3711 2021 3130
f 2558 2530 3132
f 3782 3760 3141
f 2560 2558 3141
f 3760 3777 3142
f 958 888 2976
f 1933 1932 2980
f 2399 2424 2418
f 2348 2342 2343
f 2322 2320 2319
f 2718 2717 2874
f 2709 2729 2873
f 2894 2871 1361
f 346 289 176
f 1876 1877 1882
f 2802 2803 3607
f 3104 3144 3088
f 2974 2222 3649
f 3089 3145 2761
f 3088 3144 3145
f 2803 2974 3603
f 3870 3909 692
f 2123 1419 1418
f 1365 1363 1368
f 1581 1766 1782
f 3569 2202 2129
f 3555 2003 2002
f 3146 2585 2551
f 3751 3146 3147
f 3742 3149 3146
f 3149 2584 2585
f 3196 3198 3197
f 3604 2192 2191
f 3142 3150 2556
f 3777 3778 3150
f 3646 3152 2550
f 3150 3151 2555
f 3778 3780 3151
f 3788 3781 3152
f 3153 3147 2551
f 3152 3153 2549
f 3781 3776 3153
f 3776 3750 3147
f 3148 2767 2206
f 2183 2401 2321
f 2132 2960 2928
f 3684 3685 2204
f 3719 2198 2197
f 2594 2962 2773
f 2595 2594 2951
f 1870 798 799
f 3713 2179 2178
f 3706 2178 3736
f 336 3154 3774
f 339 3155 3154
f 3789 3683 3149
f 3683 3697 2584
f 2963 2962 3048
f 3722 3730 337
f 339 338 2566
f 3156 3157 2168
f 2610 3156 2167
f 2954 2953 3156
f 3157 3156 2953
f 3707 2166 2169
f 2567 3158 3159
f 337 3158 2567
f 3730 3069 2166
f 3764 2190 1983
f 2579 3160 3081
f 2568 3159 3160
f 3709 2169 2190
f 3065 3062 3162
f 3161 3162 1984
f 3157 3161 2189
f 2257 3065 3161
f 734 735 1922
f 3059 3058 2708
f 3163 2708 2182
f 3162 3163 1985
f 3062 3059 3163
f 3203 3206 3205
f 2122 2119 1448
f 3817 1686 1685
f 139 140 444
f 1570 569 566
f 2957 3164 3165
f 2955 3166 3164
f 1912 454 341
f 3130 3129 3124
f 1548 322 319
f 1949 1950 1327
f 2969 2970 3078
f 3167 3078 3169
f 3724 2014 2017
f 3720 2017 2033
f 3168 3169 3165
f 3170 3165 3164
f 3779 3170 3171
f 3724 3168 3170
f 3171 3164 3166
f 3172 3166 3071
f 3752 3172 3173
f 3756 3171 3172
f 3169 3037 3036
f 2593 3048 2962
f 3173 3071 2609
f 3174 2609 2199
f 3783 3174 2198
f 3749 3173 3174
f 2190 2189 1984
f 2196 2195 2767
f 2119 2120 1414
f 1464 1463 1466
f 2199 2611 3069
f 2457 2456 2587
f 2226 2225 2562
f 481 478 1627
f 333 1512 235
f 3078 3051 3037
f 3040 2264 2997
f 2219 1934 1933
f 2385 2384 2497
f 221 2220 3175
f 2220 1933 3143
f 3175 3143 2976
f 2484 3175 2975
f 2954 3071 3166
f 2630 1858 110
f 1547 319 1952
f 2091 2090 2188
f 3733 3736 2178
f 1918 1919 1927
f 3563 112 111
f 955 956 960
f 2037 3014 112
f 3143 2980 2981
f 2218 2211 2214
f 672 3877 3787
f 2152 3013 3014
f 1147 1144 1143
f 2248 2246 1409
f 1615 1636 1635
f 1410 1409 2246
f 3241 3243 3242
f 1382 3176 3177
f 3177 1410 2247
f 2247 1383 3177
f 3176 2238 2230
f 1410 3177 3179
f 3179 3180 2243
f 1633 3181 2800
f 1621 1620 2758
f 1622 1621 2245
f 2236 1394 3181
f 2237 2236 3182
f 2250 1631 2233
f 2912 1629 1628
f 135 136 1564
f 1567 419 512
f 1085 1084 2653
f 3184 869 868
f 869 3184 3057
f 1266 1268 1098
f 1267 2147 722
f 937 1146 2646
f 2146 1049 722
f 2211 2218 921
f 1957 510 507
f 1313 1312 2264
f 1496 362 1493
f 2887 2937 2933
f 1687 1688 1659
f 145 1499 1498
f 37 38 418
f 1935 1934 3185
f 104 89 301
f 2101 2098 2083
f 543 298 360
f 1934 2219 3186
f 234 1521 212
f 3845 3821 1822
f 1976 1875 1874
f 223 3186 2219
f 3655 3656 3605
f 2165 2164 467
f 467 468 2165
f 773 476 2165
f 1935 1212 1728
f 3240 3225 3226
f 3261 3249 3250
f 3215 3216 3244
f 3265 3221 3215
f 3267 3245 3198
f 3205 3206 3269
f 3214 3211 3265
f 3271 3213 3214
f 3251 3252 3239
f 3222 3221 3266
f 3232 3235 3234
f 3216 3242 3243
f 3196 3193 3268
f 3244 3243 3254
f 3238 3239 3247
f 3264 3244 3255
f 3253 3242 3216
f 3211 3266 3221
f 3257 3217 3218
f 3258 3222 3272
f 3274 3275 3280
f 3228 3229 3262
f 3275 3231 3281
f 3226 3227 3273
f 3236 3263 3260
f 3281 3263 3236
f 3287 3271 3192
f 3235 3226 3280
f 3234 3280 3281
f 3288 3290 3259
f 3260 3250 3276
f 3289 3212 3278
f 3210 3209 3224
f 3199 3202 3201
f 3228 3231 3230
f 3290 3288 3285
f 3282 3279 3271
f 3260 3263 3262
f 3243 3241 3268
f 3267 3268 3241
f 3194 3207 3208
f 3191 3270 3269
f 3270 3191 3192
f 3275 3274 3230
f 3264 3269 3270
f 3252 3251 3276
f 3248 3252 3291
f 3213 3271 3279
f 3272 3266 3289
f 3277 3278 3212
f 3228 3263 3281
f 3220 3225 3253
f 3219 3253 3217
f 3256 3218 3222
f 3247 3239 3252
f 3245 3267 3232
f 3266 3211 3212
f 3208 3205 3255
f 3288 3289 3284
f 3204 3205 3208
f 560 1899 3187
f 3209 3210 3201
f 3189 3192 3191
f 448 1980 807
f 647 648 122
f 1833 1848 1780
f 510 509 508
f 3210 1949 1887
f 1887 15 3200
f 15 16 3197
f 16 3188 3195
f 3195 3188 3187
f 3194 3187 1899
f 3207 1899 375
f 387 173 126
f 3189 1791 1760
f 3577 763 757
f 763 3577 2172
f 3583 3582 3580
f 3581 3580 3579
f 3594 3597 3596
f 3400 3601 3602
f 3626 3624 3625
f 3631 3635 3599
f 3636 3637 3595
f 3647 3584 3588
f 3650 3582 3584
f 3653 3579 3580
f 3653 2176 3654
f 1801 1864 3656
f 3651 3580 3582
f 3644 3638 3595
f 1767 1768 3659
f 1597 3663 3661
f 1708 1707 3665
f 3671 3668 3667
f 3666 3667 3673
f 1588 1708 3664
f 2080 3671 3666
f 2082 3666 3672
f 3674 3677 3635
f 3677 3678 3636
f 3682 3647 3645
f 3692 3651 3650
f 3681 3645 3644
f 786 3694 3692
f 3694 3653 3651
f 785 3692 3686
f 497 3686 3682
f 650 3682 3681
f 3696 564 3681
f 3405 3606 3605
f 3702 3699 3678
f 3699 3698 3679
f 3645 3588 3638
f 1799 3657 3659
f 3708 3704 3458
f 3462 3710 3708
f 3714 463 564
f 3615 3606 3602
f 3710 3714 3696
f 3635 3636 3596
f 3629 3626 3627
f 3597 3600 3599
f 3630 3716 3715
f 3627 3625 3597
f 3717 3716 3723
f 3715 3663 3660
f 3716 3717 3725
f 3668 3665 3661
f 3668 3725 3717
f 3667 3717 3718
f 3727 3728 3673
f 3728 1576 3672
f 3726 3727 3718
f 1576 2101 2084
f 3727 3726 3731
f 3203 376 1387
f 3190 1387 1791
f 3283 2152 1949
f 317 240 259
f 2000 2176 3653
f 3601 3599 3600
f 3589 3588 3584
f 3577 758 756
f 3585 3584 3582
f 3678 3679 3637
f 3204 375 376
f 1801 3655 3657
f 3729 3735 3728
f 1575 3735 3738
f 3735 1575 1576
f 1776 1795 1796
f 1293 1294 1290
f 1326 14 1327
f 1294 1245 1234
f 878 1244 1330
f 497 373 374
f 122 648 413
f 3699 3702 3704
f 3606 3405 3401
f 3708 3710 3698
f 3464 3714 3710
f 3704 3674 3443
f 439 398 399
f 1512 1528 1526
f 1668 1741 1738
f 839 849 1362
f 1362 1357 826
f 3843 740 1896
f 2053 2054 2118
f 3888 3887 2120
f 696 697 3816
f 1826 1878 639
f 3740 3739 3729
f 956 885 886
f 1980 806 1922
f 33 34 105
f 1343 1344 3856
f 3907 2127 2128
f 1766 1581 1582
f 14 1326 2163
f 595 98 99
f 3233 3238 3246
f 1346 1035 1044
f 748 1888 1425
f 3193 3208 3254
f 3190 3191 3206
f 3612 3605 3606
f 3624 3612 3615
f 3631 3415 3443
f 3679 3680 3644
f 3686 3650 3647
f 3702 3677 3674
f 3625 3615 3600
f 3601 3400 3415
f 3739 3738 3735
f 3630 3627 3594
f 3741 3723 3716
f 1284 1290 1288
f 3698 3696 3680
f 1778 1781 1780
f 1792 1759 1584
f 695 570 571
f 3638 3741 3594
f 3741 3638 3588
f 3247 3248 3209
f 3292 3293 3294
f 3296 3297 3298
f 3299 3298 3300
f 3302 3303 3304
f 3306 3307 3308
f 3307 3310 3311
f 3303 3302 3301
f 3312 3305 3304
f 3314 3315 3316
f 3318 3319 3320
f 3324 3318 3321
f 3326 3327 3328
f 3329 3330 3331
f 3333 3334 3335
f 3337 3338 3339
f 3333 3336 3341
f 3342 3341 3343
f 3319 3345 3344
f 3338 3335 3334
f 3346 3301 3302
f 3305 3348 3347
f 3312 3224 3223
f 3350 3337 3340
f 3312 3349 3348
f 3352 3343 3341
f 3311 3353 3354
f 3341 3336 3327
f 3359 3360 3361
f 3360 3359 3250
f 3318 3363 3345
f 3364 3363 3318
f 3314 3364 3324
f 3366 3299 3301
f 3299 3366 3367
f 3308 3354 3368
f 3369 3317 3295
f 3317 3369 3364
f 3370 3295 3317
f 3325 3371 3365
f 3352 3320 3319
f 3296 3367 3353
f 3297 3296 3311
f 3363 3368 3354
f 3345 3354 3353
f 3344 3353 3367
f 3366 3333 3342
f 3347 3339 3334
f 3339 3347 3348
f 3348 3349 3351
f 3363 3364 3369
f 3294 3309 3368
f 3293 3306 3309
f 3331 3373 3374
f 3346 3334 3333
f 3323 3322 3352
f 3356 3355 3321
f 3355 3357 3325
f 3357 3358 3371
f 3322 3356 3320
f 3361 3330 3329
f 3373 3372 3375
f 3374 3375 3376
f 3329 3332 3376
f 3327 3375 3372
f 3336 3335 3375
f 3335 3338 3376
f 3376 3338 3337
f 3337 3350 3359
f 3359 3350 3276
f 3377 3292 3295
f 3277 3316 3315
f 3371 3378 3379
f 3378 3371 3358
f 3365 3379 3315
f 3316 3277 3279
f 3282 3377 3370
f 3313 3283 3224
f 3378 3285 3284
f 3380 3286 3285
f 3379 3284 3278
f 3276 3350 3351
f 3291 3351 3349
f 3313 3304 2965
f 2965 3304 3303
f 222 3303 3300
f 223 3300 3298
f 3298 3297 3185
f 3297 3310 2977
f 3310 3307 1213
f 3307 3306 1214
f 2532 1214 3306
f 2894 2532 3293
f 2871 2894 3292
f 3253 3225 3240
f 3283 3313 3013
f 1997 1996 1889
f 1237 745 744
f 1535 1534 120
f 1531 1532 201
f 1119 1241 1032
f 946 948 824
f 163 8 5
f 3589 3726 3723
f 1155 1156 1162
f 427 213 327
f 553 1902 796
f 3381 2232 2231
f 3381 3178 2230
f 2237 3183 3180
f 3383 3384 3385
f 3384 3386 3387
f 3386 3388 3389
f 3388 3390 3391
f 3392 3393 3394
f 3395 3394 3396
f 3398 3399 3397
f 3400 3401 3399
f 3403 3404 3405
f 3406 3407 3404
f 3408 3409 3407
f 3410 3411 3409
f 3412 3413 3411
f 3415 3400 3398
f 3414 3398 3396
f 3416 3396 3394
f 3417 3394 3393
f 3393 3419 3420
f 3419 3390 3421
f 3390 3388 3422
f 3388 3386 3423
f 3386 3384 3424
f 3384 3383 3425
f 3425 3383 3426
f 2904 3427 3428
f 3429 3427 2904
f 3430 3429 2902
f 2875 3431 3430
f 3432 3433 2733
f 2825 3434 3435
f 3437 3438 3439
f 3441 3437 3436
f 2724 2723 3434
f 3436 3439 3115
f 3440 3436 3117
f 3443 3415 3414
f 3442 3414 3416
f 3444 3416 3417
f 3445 3417 3418
f 3446 3418 3420
f 3420 3421 3448
f 3421 3422 3449
f 3422 3423 3450
f 3423 3424 3451
f 3424 3425 3452
f 3425 3184 3056
f 3451 3452 2253
f 3450 3451 2252
f 3449 3450 1727
f 3448 3449 2150
f 3453 3447 3448
f 3454 3446 3447
f 3455 3445 3446
f 3456 3444 3445
f 3442 3444 3456
f 3443 3442 3457
f 3459 3460 3458
f 3457 3456 3455
f 3459 3455 3454
f 3462 3460 3459
f 3461 3454 3453
f 3464 3462 3461
f 3463 3453 1941
f 3404 3399 3401
f 3407 3397 3399
f 3409 3395 3397
f 3411 3392 3395
f 3465 3466 3413
f 3467 3468 3469
f 3465 3412 3431
f 3470 3467 3466
f 3438 3470 3432
f 3467 3470 3438
f 3468 3467 3437
f 3471 3469 3468
f 3472 3468 3441
f 3473 3441 3440
f 2712 3440 3119
f 3475 3471 3472
f 3474 3472 3473
f 3476 3473 2712
f 3477 3476 2711
f 3478 3474 3476
f 3479 3475 3474
f 3392 3411 3413
f 3466 3469 3480
f 3419 3393 3392
f 3390 3419 3480
f 3469 3471 3391
f 3389 3391 3471
f 3387 3389 3475
f 3385 3387 3479
f 3482 3477 2400
f 3483 3478 3477
f 3481 3479 3478
f 3484 3482 2402
f 3058 3484 2707
f 3061 3485 3484
f 3485 3483 3482
f 3382 3385 3481
f 3486 3481 3483
f 3426 3383 3382
f 3487 3382 3486
f 3486 3485 3061
f 1961 3057 3487
f 3057 3184 3426
f 3428 3403 3402
f 3427 3406 3403
f 3429 3408 3406
f 3430 3410 3408
f 3431 3412 3410
f 3470 3465 3433
f 3434 3439 3438
f 2723 3115 3439
f 2875 2733 3433
f 2736 2824 3435
f 2947 3428 3488
f 3464 3463 1360
f 1900 1925 1924
f 1736 1717 1718
f 1955 1952 1943
f 1671 1738 1735
f 1696 1750 1698
f 1800 1865 1864
f 2063 2055 2056
f 1737 1734 1717
f 1751 1735 1697
f 943 3885 3899
f 3656 3488 3402
f 1577 1578 1764
f 3917 1598 1599
f 1945 146 82
f 68 6 7
f 147 1542 1543
f 1109 1135 1133
f 1503 1910 1907
f 1499 1501 1909
f 452 1922 735
f 1824 2068 3835
f 1825 2067 2068
f 1463 1462 1022
f 841 1012 1009
f 1568 1547 1955
f 1910 1503 1502
f 1939 1502 422
f 309 280 1940
f 1804 1851 1866
f 269 1482 1954
f 2065 1607 2060
f 3812 1685 1758
f 280 276 552
f 1875 1873 1869
f 1739 1721 1734
f 1778 1779 1790
f 310 1920 1915
f 1909 1908 1906
f 1789 1783 1778
f 978 981 980
f 1584 1759 1731
f 425 426 311
f 148 1543 115
f 2044 3897 3894
f 277 1910 1939
f 1943 1946 1945
f 1461 1462 1463
f 2253 3452 3056
f 2981 2254 3489
f 2209 2998 3489
f 2254 2253 3055
f 2998 926 958
f 2826 2817 2721
f 3490 2739 2721
f 2816 3491 3490
f 2334 2297 2296
f 2298 2297 2334
f 2301 2298 2336
f 2311 2301 2338
f 2312 2311 2354
f 2359 2358 2361
f 2335 2296 2359
f 2414 2413 2365
f 2413 2270 2361
f 2355 2352 2540
f 2541 2540 2539
f 2722 2721 2739
f 3114 2722 2738
f 3110 3112 3121
f 3108 3110 3120
f 3122 1754 3127
f 3112 3122 3126
f 3127 1754 1753
f 3139 3133 2529
f 3744 3775 3133
f 3490 2789 2740
f 3491 2790 2789
f 228 229 91
f 245 244 243
f 248 7 247
f 2 297 296
f 145 146 300
f 327 213 210
f 329 332 331
f 239 241 240
f 373 376 375
f 178 177 176
f 1218 1225 1228
f 3862 1231 1295
f 808 809 824
f 3858 3859 1013
f 3813 3810 1411
f 2154 2149 2159
f 3845 3835 1758
f 306 807 1922
f 2157 2153 1976
f 708 709 2031
f 1450 1226 1227
f 1672 1604 1605
f 1813 1814 1821
f 1717 1716 1715
f 176 159 402
f 1710 1705 3916
f 1712 1580 1577
f 1705 1713 1711
f 971 978 979
f 822 823 1094
f 2909 2810 2793
f 2810 2769 2795
f 2799 2910 2249
f 3662 3643 2910
f 2769 2768 2801
f 3177 3176 3178
f 3178 3381 3180
f 3181 1394 1393
f 3181 1633 1632
f 3182 1632 2244
f 3183 2244 2243
f 3492 2791 2790
f 2808 3492 3491
f 2239 3574 3572
f 1149 1150 3571
f 1150 2009 3567
f 2202 3569 3566
f 2921 3564 3565
f 3568 3560 2133
f 1777 1579 1759
f 1201 1196 1183
f 3561 3554 2195
f 3553 3576 2770
f 3927 3925 1687
f 1516 152 154
f 3549 3562 2974
f 3550 3548 2779
f 2771 2772 3575
f 3070 2771 3546
f 3547 3544 2775
f 1376 1375 1370
f 2767 3543 3556
f 2195 3554 3543
f 2775 3544 3542
f 3377 3282 3545
f 3804 3802 3539
f 2776 3542 3538
f 2240 3572 3535
f 2920 3535 3669
f 3548 3534 2786
f 1805 1850 1851
f 3534 3532 2787
f 2951 2773 3540
f 2772 2951 3531
f 2973 2224 3530
f 2224 2223 3537
f 1957 1953 320
f 306 305 304
f 2770 3576 3528
f 2913 3528 3574
f 2923 3565 3527
f 308 1940 431
f 207 208 132
f 1879 1876 1881
f 3733 3787 3525
f 2475 3070 3558
f 2476 2475 3524
f 2223 2476 3523
f 3522 3549 2803
f 2037 3563 11
f 1959 1958 450
f 2003 3555 3520
f 9 10 334
f 2009 2008 3518
f 2008 2973 3536
f 3877 672 673
f 3515 3550 2778
f 2935 3514 3513
f 111 1149 3570
f 3510 3514 2935
f 683 3876 3885
f 3508 3557 2810
f 736 733 732
f 1795 1804 1803
f 3505 3510 2938
f 3507 3505 2939
f 2950 3512 3504
f 2940 2949 3504
f 3801 3791 3512
f 2868 3509 3502
f 2869 3502 3522
f 1024 1034 1023
f 3500 3503 2948
f 551 1939 442
f 2972 3499 3568
f 2032 3533 3499
f 216 93 1924
f 203 202 201
f 1828 1848 1847
f 1958 1957 449
f 272 271 178
f 2871 3545 3495
f 3619 3669 3564
f 2801 2768 3643
f 2005 3758 3654
f 960 886 899
f 3657 3655 3612
f 3780 3788 3646
f 3151 3646 3593
f 2193 3604 3623
f 3607 3603 3145
f 3603 3649 2761
f 3592 3607 3144
f 2926 3658 3634
f 3634 3592 3104
f 3755 3754 3746
f 566 567 3758
f 3488 3656 1864
f 1602 1586 2079
f 2868 3658 3611
f 2922 3611 3610
f 2923 3610 3618
f 3670 3613 2918
f 3619 3670 3614
f 2921 3618 3670
f 2920 3614 3586
f 3613 3642 2915
f 2917 2766 3622
f 2916 2917 3641
f 2239 3587 3652
f 2911 3640 3652
f 3643 3640 2911
f 2797 2801 3662
f 2797 3591 3598
f 3622 3628 2763
f 3608 3628 2764
f 2194 3623 3648
f 2221 3648 3649
f 2756 3608 3609
f 2750 3598 3609
f 3669 3535 1817
f 3763 3770 1691
f 2515 3621 3590
f 2548 3590 3593
f 2513 2489 3632
f 2513 3616 3621
f 2509 3633 3620
f 2510 3632 3633
f 2289 3620 3639
f 2283 3639 3617
f 2240 3586 3587
f 3659 3657 3624
f 716 2121 3887
f 727 1999 3761
f 2165 2171 2170
f 3660 3659 3626
f 3743 3581 3578
f 2175 2172 769
f 2100 500 2095
f 3758 567 3757
f 640 3560 3568
f 1653 3576 3553
f 1895 3536 3530
f 746 3530 3537
f 1653 1810 3528
f 3762 1603 1604
f 2093 2075 2073
f 959 996 995
f 962 899 919
f 1400 1401 1398
f 1000 817 1127
f 956 959 884
f 1662 3548 3550
f 2034 3558 3546
f 3926 1689 3539
f 3535 3572 766
f 3572 3574 765
f 334 3570 3571
f 1868 3531 3540
f 1684 1651 1652
f 1682 1683 775
f 1585 1603 3762
f 3763 3762 1672
f 2173 2174 490
f 1658 3544 3547
f 3556 3543 1650
f 1571 3754 2010
f 1587 3664 3671
f 2099 2095 2077
f 787 3761 1999
f 2000 3694 786
f 3155 339 3697
f 3713 3155 3683
f 2180 2179 3685
f 3496 2180 3684
f 1684 3846 3840
f 1760 464 3495
f 2607 3689 3693
f 2581 3676 3689
f 2371 2502 3700
f 2371 3695 3693
f 2587 3676 3675
f 2586 3675 3697
f 2497 3691 3687
f 2502 2503 3687
f 2494 3691 3690
f 3690 3688 2472
f 3688 3701 2468
f 3701 3703 2469
f 726 3908 3892
f 581 3567 3518
f 10 3511 3570
f 1837 3514 3510
f 741 3537 3523
f 1299 3524 3558
f 1851 3507 3504
f 3527 3565 1820
f 580 3518 3536
f 1758 1685 3522
f 1693 3557 3508
f 3504 3512 1867
f 1894 1826 3568
f 2126 1418 3813
f 3906 2126 3841
f 2113 3911 3867
f 2179 3713 3789
f 624 3903 3904
f 2192 3604 3788
f 2177 3541 3787
f 1364 3824 3833
f 3858 3855 1470
f 3135 1753 3775
f 2069 3812 3835
f 1351 3861 3853
f 2108 3882 3901
f 2089 2092 3736
f 3828 3834 1358
f 2001 3749 3783
f 2187 3783 3719
f 2130 3756 3752
f 2004 3752 3749
f 2014 3724 3779
f 2201 3779 3756
f 3167 3720 3759
f 3168 3724 3720
f 3159 3709 3764
f 3160 3764 3765
f 3730 3707 3158
f 3158 3707 3709
f 2200 3069 3730
f 3685 3789 3742
f 3722 3774 2197
f 3790 3736 2092
f 3774 3790 3721
f 3154 3706 3790
f 3155 3713 3706
f 2091 3719 3721
f 2196 3148 3750
f 2193 2196 3776
f 3604 2193 3781
f 2086 2192 3780
f 2087 2086 3778
f 2204 3742 3751
f 2205 3751 3750
f 3909 3886 574
f 2124 2087 3777
f 2208 2124 3760
f 3711 3785 3140
f 3785 3745 3138
f 3745 3744 3139
f 3771 3712 3136
f 3712 3711 3137
f 3775 3767 3131
f 3767 3782 3132
f 1813 3839 3838
f 1293 3854 3856
f 2184 2321 3748
f 2181 2184 3732
f 3765 3768 3079
f 3768 3734 3080
f 709 3873 3875
f 2774 2961 3737
f 3786 3769 2134
f 3809 3808 766
f 2968 3784 3766
f 2969 3759 3784
f 2958 3747 3737
f 2132 3747 3766
f 2321 2185 3771
f 3860 3848 1449
f 3905 3874 582
f 3886 3889 577
f 3847 3826 1818
f 705 3902 3887
f 3816 3912 3907
f 2111 3883 3911
f 3810 3829 1366
f 1812 3839 3822
f 675 3851 3852
f 3496 3705 3851
f 2110 3867 3868
f 2104 3896 3901
f 2109 3868 3899
f 3842 3831 703
f 1680 3811 3846
f 1639 1627 3819
f 623 3904 3906
f 2139 2140 3866
f 1808 1640 3844
f 3820 3821 1819
f 3872 3914 3900
f 1646 3832 3830
f 3889 3890 633
f 2139 3865 3875
f 2156 2155 3871
f 674 3852 3913
f 2117 3817 3812
f 1815 3822 3847
f 3855 3849 1444
f 697 3906 3912
f 866 842 3836
f 3864 3869 2136
f 3585 3731 3726
f 3583 3740 3731
f 3753 3746 3738
f 3740 3583 3581
f 1088 3738 3746
f 3739 3740 3743
f 2791 3492 3493
f 3492 2808 2807
f 2792 3493 3494
f 3493 2807 2806
f 3508 2909 3494
f 3516 3494 2806
f 2948 3503 3791
f 2105 3908 3896
f 3538 3802 3804
f 680 3878 3876
f 1891 1890 3910
f 2905 3799 3801
f 2900 3797 3799
f 2901 3797 3807
f 2734 2878 3806
f 2877 3807 3806
f 2820 3800 3794
f 2818 3796 3792
f 2823 3793 3792
f 2822 3793 3798
f 2819 2735 3800
f 2817 3796 3795
f 2809 3805 3795
f 2808 3805 3803
f 2805 3804 3803
f 1702 3921 3923
f 3922 3920 1797
f 3915 3916 1706
f 3918 3927 1692
f 1657 3898 3880
f 1890 1877 3895
f 3772 3770 1674
f 1689 1690 3772
f 3926 3802 3538
f 3516 3539 1689
f 3917 3923 1703
f 1598 3917 3928
f 3880 3884 1876
f 1691 1690 3925
f 3925 3926 1688
f 3934 3933 3937
f 3934 3938 3939
f 3932 3936 3937
f 3938 3942 3943
f 3937 3936 3940
f 3937 3941 3942
f 3942 3946 3947
f 3941 3940 3944
f 3942 3941 3945
f 3947 3946 3950
f 3944 3948 3949
f 3945 3949 3950
f 3950 3954 3955
f 3949 3948 3952
f 3950 3949 3953
f 3955 3954 3958
f 3953 3952 3956
f 3953 3957 3958
f 3959 3958 3962
f 3957 3956 3960
f 3958 3957 3961
f 3962 3966 3967
f 3960 3964 3965
f 3961 3965 3966
f 3966 3970 3971
f 3965 3964 3968
f 3966 3965 3969
f 3970 3974 3975
f 3968 3972 3973
f 3969 3973 3974
f 3974 3978 3979
f 3973 3972 3976
f 3974 3973 3977
f 3979 3978 3982
f 3976 3980 3981
f 3977 3981 3982
f 3982 3986 3987
f 3981 3980 3984
f 3982 3981 3985
f 3987 3986 3990
f 3984 3988 3989
f 3985 3989 3990
f 3991 3990 3994
f 3989 3988 3992
f 3990 3989 3993
f 3995 3994 3998
f 3992 3996 3997
f 3993 3997 3998
f 3998 4002 4003
f 3997 3996 4000
f 3998 3997 4001
f 4002 4006 4007
f 4000 4004 4005
f 4001 4005 4006
f 4006 4010 4011
f 4005 4004 4008
f 4006 4005 4009
f 4011 4010 4014
f 4008 4012 4013
f 4009 4013 4014
f 4014 4018 4019
f 4013 4012 4016
f 4014 4013 4017
f 4019 4018 4022
f 4016 4020 4021
f 4017 4021 4022
f 4023 4022 4026
f 4021 4020 4024
f 4022 4021 4025
f 4027 4026 4030
f 4024 4028 4029
f 4025 4029 4030
f 4031 4030 4034
f 4029 4028 4032
f 4030 4029 4033
f 4034 4038 4039
f 4032 4036 4037
f 4033 4037 4038
f 4038 4042 4043
f 4037 4036 4040
f 4038 4037 4041
f 4043 4042 4046
f 4040 4044 4045
f 4041 4045 4046
f 4046 4050 4051
f 4045 4044 4048
f 4046 4045 4049
f 4051 4050 4055
f 4048 4053 4054
f 4049 4054 4055
f 4056 4055 4059
f 4053 4057 4058
f 4055 4054 4058
f 4060 4059 3934
f 4058 4057 3932
f 4058 3933 3934
f 4069 4068 4081
f 4066 4079 4080
f 4065 4064 4077
f 4063 4062 4075
f 4071 4084 4085
f 4069 4082 4083
f 4067 4080 4081
f 4066 4065 4078
f 4063 4076 4077
f 4061 4074 4075
f 4072 4085 4086
f 4071 4070 4083
f 4076 4089 4090
f 4074 4087 4088
f 4086 4085 4098
f 4083 4096 4097
f 4082 4081 4094
f 4079 4092 4093
f 4078 4077 4090
f 4076 4075 4088
f 4085 4084 4097
f 4082 4095 4096
f 4080 4093 4094
f 4079 4078 4091
f 4089 4102 4103
f 4088 4087 4100
f 4098 4111 4112
f 4096 4109 4110
f 4095 4094 4107
f 4092 4105 4106
f 4090 4103 4104
f 4089 4088 4101
f 4097 4110 4111
f 4095 4108 4109
f 4094 4093 4106
f 4092 4091 4104
f 4103 4102 4115
f 4100 4113 4114
f 4112 4111 4124
f 4110 4109 4122
f 4107 4120 4121
f 4105 4118 4119
f 4103 4116 4117
f 4101 4114 4115
f 4110 4123 4124
f 4109 4108 4121
f 4107 4106 4119
f 4105 4104 4117
f 4115 4128 4129
f 4114 4113 4126
f 4124 4137 4138
f 4123 4122 4135
f 4120 4133 4134
f 4119 4118 4131
f 4117 4116 4129
f 4114 4127 4128
f 4124 4123 4136
f 4122 4121 4134
f 4119 4132 4133
f 4117 4130 4131
f 4129 4128 4141
f 4126 4139 4140
f 4138 4137 4150
f 4136 4135 4148
f 4133 4146 4147
f 4131 4144 4145
f 4130 4129 4142
f 4127 4140 4141
f 4137 4136 4149
f 4135 4134 4147
f 4132 4145 4146
f 4131 4130 4143
f 4142 4141 4154
f 4140 4139 4152
f 4150 4163 4164
f 4149 4148 4161
f 4146 4159 4160
f 4144 4157 4158
f 4142 4155 4156
f 4140 4153 4154
f 4149 4162 4163
f 4148 4147 4160
f 4146 4145 4158
f 4144 4143 4156
f 4155 4154 4167
f 4153 4152 4165
f 4163 4176 4177
f 4161 4174 4175
f 4159 4172 4173
f 4158 4157 4170
f 4155 4168 4169
f 4153 4166 4167
f 4163 4162 4175
f 4161 4160 4173
f 4159 4158 4171
f 4156 4169 4170
f 4167 4180 4181
f 4165 4178 4179
f 4176 4189 4190
f 4175 4174 4187
f 4173 4172 4185
f 4170 4183 4184
f 4169 4168 4181
f 4167 4166 4179
f 4175 4188 4189
f 4173 4186 4187
f 4171 4184 4185
f 4170 4169 4182
f 4180 4193 4194
f 4178 4191 4192
f 4190 4189 4202
f 4187 4200 4201
f 4186 4185 4198
f 4183 4196 4197
f 4182 4181 4194
f 4180 4179 4192
f 4189 4188 4201
f 4186 4199 4200
f 4184 4197 4198
f 4183 4182 4195
f 4193 4206 4207
f 4192 4191 4204
f 4202 4215 4216
f 4200 4213 4214
f 4199 4198 4211
f 4196 4209 4210
f 4194 4207 4208
f 4193 4192 4205
f 4201 4214 4215
f 4199 4212 4213
f 4198 4197 4210
f 4196 4195 4208
f 4207 4206 4219
f 4204 4217 4218
f 4216 4215 4228
f 4213 4226 4227
f 4211 4224 4225
f 4209 4222 4223
f 4207 4220 4221
f 4205 4218 4219
f 4214 4227 4228
f 4213 4212 4225
f 4211 4210 4223
f 4209 4208 4221
f 4219 4232 4233
f 4218 4217 4230
f 4228 4241 4242
f 4226 4239 4240
f 4225 4224 4237
f 4223 4222 4235
f 4221 4220 4233
f 4218 4231 4232
f 4228 4227 4240
f 4226 4225 4238
f 4223 4236 4237
f 4221 4234 4235
f 4233 4232 4245
f 4230 4243 4244
f 4242 4241 4254
f 4240 4239 4252
f 4237 4250 4251
f 4235 4248 4249
f 4234 4233 4246
f 4231 4244 4245
f 4241 4240 4253
f 4239 4238 4251
f 4236 4249 4250
f 4235 4234 4247
f 4246 4245 4258
f 4244 4243 4256
f 4254 4267 4268
f 4253 4252 4265
f 4250 4263 4264
f 4248 4261 4262
f 4246 4259 4260
f 4244 4257 4258
f 4253 4266 4267
f 4252 4251 4264
f 4250 4249 4262
f 4248 4247 4260
f 4259 4258 4271
f 4257 4256 4269
f 4267 4280 4281
f 4265 4278 4279
f 4263 4276 4277
f 4262 4261 4274
f 4259 4272 4273
f 4257 4270 4271
f 4266 4279 4280
f 4265 4264 4277
f 4263 4262 4275
f 4260 4273 4274
f 4271 4284 4285
f 4269 4282 4283
f 4281 4280 4293
f 4279 4278 4291
f 4277 4276 4289
f 4274 4287 4288
f 4273 4272 4285
f 4271 4270 4283
f 4280 4279 4292
f 4277 4290 4291
f 4275 4288 4289
f 4274 4273 4286
f 4284 4297 4298
f 4282 4295 4296
f 4294 4293 4306
f 4291 4304 4305
f 4290 4289 4302
f 4287 4300 4301
f 4286 4285 4298
f 4284 4283 4296
f 4293 4292 4305
f 4290 4303 4304
f 4288 4301 4302
f 4287 4286 4299
f 4297 4310 4311
f 4296 4295 4308
f 4306 4319 4320
f 4304 4317 4318
f 4303 4302 4315
f 4300 4313 4314
f 4298 4311 4312
f 4297 4296 4309
f 4305 4318 4319
f 4304 4303 4316
f 4302 4301 4314
f 4300 4299 4312
f 4310 4323 4324
f 4308 4321 4322
f 4320 4319 4332
f 4318 4317 4330
f 4316 4315 4328
f 4313 4326 4327
f 4311 4324 4325
f 4310 4309 4322
f 4318 4331 4332
f 4316 4329 4330
f 4315 4314 4327
f 4312 4325 4326
f 4323 4336 4337
f 4322 4321 4334
f 4332 4345 4346
f 4330 4343 4344
f 4329 4328 4341
f 4327 4326 4339
f 4325 4324 4337
f 4322 4335 4336
f 4332 4331 4344
f 4330 4329 4342
f 4327 4340 4341
f 4325 4338 4339
f 4337 4336 4350
f 4334 4348 4349
f 4346 4345 4359
f 4344 4343 4357
f 4341 4355 4356
f 4340 4339 4353
f 4338 4337 4351
f 4335 4349 4350
f 4345 4344 4358
f 4343 4342 4356
f 4340 4354 4355
f 4338 4352 4353
f 4351 4350 4363
f 4349 4348 4361
f 4359 4372 4373
f 4358 4357 4370
f 4355 4368 4369
f 4354 4353 4366
f 4351 4364 4365
f 4349 4362 4363
f 4358 4371 4372
f 4357 4356 4369
f 4355 4354 4367
f 4352 4365 4366
f 4364 4363 4376
f 4362 4361 4374
f 4373 4372 4385
f 4370 4383 4384
f 4368 4381 4382
f 4367 4366 4379
f 4364 4377 4378
f 4362 4375 4376
f 4372 4371 4384
f 4370 4369 4382
f 4368 4367 4380
f 4365 4378 4379
f 4376 4389 4390
f 4374 4387 4388
f 4385 4398 4399
f 4384 4383 4396
f 4382 4381 4394
f 4379 4392 4393
f 4378 4377 4390
f 4376 4375 4388
f 4384 4397 4398
f 4382 4395 4396
f 4380 4393 4394
f 4379 4378 4391
f 4389 4402 4403
f 4387 4400 4401
f 4399 4398 4411
f 4396 4409 4410
f 4395 4394 4407
f 4393 4392 4405
f 4391 4390 4403
f 4389 4388 4401
f 4398 4397 4410
f 4395 4408 4409
f 4393 4406 4407
f 4391 4404 4405
f 4402 4415 4416
f 4401 4400 4413
f 4411 4424 4425
f 4409 4422 4423
f 4408 4407 4420
f 4406 4405 4418
f 4403 4416 4417
f 4402 4401 4414
f 4410 4423 4424
f 4408 4421 4422
f 4407 4406 4419
f 4404 4417 4418
f 4416 4415 4428
f 4413 4426 4427
f 4425 4424 4437
f 4423 4422 4435
f 4421 4420 4433
f 4418 4431 4432
f 4416 4429 4430
f 4415 4414 4427
f 4423 4436 4437
f 4421 4434 4435
f 4420 4419 4432
f 4418 4417 4430
f 4428 4441 4442
f 4426 4439 4440
f 4437 4450 4451
f 4435 4448 4449
f 4434 4433 4446
f 4432 4431 4444
f 4430 4429 4442
f 4427 4440 4441
f 4437 4436 4449
f 4435 4434 4447
f 4432 4445 4446
f 4430 4443 4444
f 4442 4441 4454
f 4439 4452 4453
f 4451 4450 4463
f 4449 4448 4461
f 4446 4459 4460
f 4444 4457 4458
f 4443 4442 4455
f 4440 4453 4454
f 4450 4449 4462
f 4447 4460 4461
f 4445 4458 4459
f 4444 4443 4456
f 4455 4454 4467
f 4453 4452 4465
f 4463 4476 4477
f 4462 4461 4474
f 4459 4472 4473
f 4457 4470 4471
f 4455 4468 4469
f 4453 4466 4467
f 4462 4475 4476
f 4461 4460 4473
f 4459 4458 4471
f 4457 4456 4469
f 4468 4467 4063
f 4466 4465 4061
f 4477 4476 4072
f 4474 4070 4071
f 4472 4068 4069
f 4471 4470 4066
f 4468 4064 4065
f 4466 4062 4063
f 4476 4475 4071
f 4474 4473 4069
f 4472 4471 4067
f 4469 4065 4066
f 3935 4061 4465
f 4465 4452 4056
f 4452 4439 4051
f 4439 4426 4047
f 4047 4426 4413
f 4043 4413 4400
f 4039 4400 4387
f 4387 4374 4031
f 4031 4374 4361
f 4361 4348 4023
f 4348 4334 4019
f 4334 4321 4015
f 4015 4321 4308
f 4011 4308 4295
f 4007 4295 4282
f 4282 4269 3999
f 3999 4269 4256
f 4256 4243 3991
f 4243 4230 3987
f 4230 4217 3983
f 3983 4217 4204
f 3979 4204 4191
f 3975 4191 4178
f 4178 4165 3967
f 3967 4165 4152
f 4152 4139 3959
f 4139 4126 3955
f 4126 4113 3951
f 3951 4113 4100
f 3947 4100 4087
f 3943 4087 4074
f 4074 4061 3935
f 4480 4479 4483
f 4480 4484 4485
f 4479 4478 4482
f 4484 4488 4489
f 4482 4486 4487
f 4483 4487 4488
f 4488 4492 4493
f 4487 4486 4490
f 4488 4487 4491
f 4493 4492 4496
f 4490 4494 4495
f 4491 4495 4496
f 4496 4500 4501
f 4495 4494 4498
f 4496 4495 4499
f 4501 4500 4504
f 4498 4502 4503
f 4499 4503 4504
f 4505 4504 4508
f 4503 4502 4506
f 4504 4503 4507
f 4509 4508 4512
f 4506 4510 4511
f 4507 4511 4512
f 4513 4512 4516
f 4511 4510 4514
f 4512 4511 4515
f 4516 4520 4521
f 4514 4518 4519
f 4515 4519 4520
f 4520 4524 4525
f 4518 4522 4523
f 4520 4519 4523
f 4525 4524 4528
f 4522 4526 4527
f 4523 4527 4528
f 4528 4532 4533
f 4527 4526 4530
f 4528 4527 4531
f 4533 4532 4536
f 4530 4534 4535
f 4531 4535 4536
f 4537 4536 4540
f 4534 4538 4539
f 4536 4535 4539
f 4541 4540 4544
f 4539 4538 4542
f 4539 4543 4544
f 4544 4548 4549
f 4542 4546 4547
f 4544 4543 4547
f 4548 4552 4553
f 4547 4546 4550
f 4547 4551 4552
f 4552 4556 4557
f 4551 4550 4554
f 4552 4551 4555
f 4557 4556 4560
f 4554 4558 4559
f 4555 4559 4560
f 4560 4564 4565
f 4559 4558 4562
f 4560 4559 4563
f 4565 4564 4568
f 4562 4566 4567
f 4563 4567 4568
f 4569 4568 4572
f 4567 4566 4570
f 4568 4567 4571
f 4572 4576 4577
f 4570 4574 4575
f 4571 4575 4576
f 4576 4580 4581
f 4575 4574 4578
f 4576 4575 4579
f 4580 4584 4585
f 4578 4582 4583
f 4579 4583 4584
f 4584 4588 4589
f 4583 4582 4586
f 4584 4583 4587
f 4589 4588 4592
f 4586 4590 4591
f 4587 4591 4592
f 4592 4596 4597
f 4591 4590 4594
f 4592 4591 4595
f 4597 4596 4601
f 4594 4599 4600
f 4595 4600 4601
f 4602 4601 4605
f 4600 4599 4603
f 4601 4600 4604
f 4606 4605 4480
f 4603 4478 4479
f 4604 4479 4480
f 4615 4614 4627
f 4612 4625 4626
f 4611 4610 4623
f 4609 4608 4621
f 4618 4617 4630
f 4615 4628 4629
f 4613 4626 4627
f 4612 4611 4624
f 4609 4622 4623
f 4607 4620 4621
f 4619 4618 4631
f 4617 4616 4629
f 4622 4635 4636
f 4620 4633 4634
f 4632 4631 4644
f 4629 4642 4643
f 4628 4627 4640
f 4626 4625 4638
f 4624 4623 4636
f 4622 4621 4634
f 4631 4630 4643
f 4628 4641 4642
f 4626 4639 4640
f 4624 4637 4638
f 4635 4648 4649
f 4634 4633 4646
f 4644 4657 4658
f 4642 4655 4656
f 4641 4640 4653
f 4639 4638 4651
f 4636 4649 4650
f 4635 4634 4647
f 4643 4656 4657
f 4642 4641 4654
f 4640 4639 4652
f 4637 4650 4651
f 4648 4661 4662
f 4646 4659 4660
f 4658 4657 4670
f 4656 4655 4668
f 4653 4666 4667
f 4651 4664 4665
f 4649 4662 4663
f 4648 4647 4660
f 4656 4669 4670
f 4654 4667 4668
f 4653 4652 4665
f 4651 4650 4663
f 4661 4674 4675
f 4660 4659 4672
f 4670 4683 4684
f 4668 4681 4682
f 4667 4666 4679
f 4665 4664 4677
f 4663 4662 4675
f 4661 4660 4673
f 4670 4669 4682
f 4667 4680 4681
f 4665 4678 4679
f 4663 4676 4677
f 4675 4674 4687
f 4672 4685 4686
f 4684 4683 4696
f 4682 4681 4694
f 4679 4692 4693
f 4678 4677 4690
f 4676 4675 4688
f 4673 4686 4687
f 4683 4682 4695
f 4681 4680 4693
f 4678 4691 4692
f 4676 4689 4690
f 4688 4687 4700
f 4686 4685 4698
f 4696 4709 4710
f 4695 4694 4707
f 4692 4705 4706
f 4691 4690 4703
f 4688 4701 4702
f 4686 4699 4700
f 4695 4708 4709
f 4694 4693 4706
f 4692 4691 4704
f 4689 4702 4703
f 4701 4700 4713
f 4699 4698 4711
f 4710 4709 4722
f 4707 4720 4721
f 4705 4718 4719
f 4704 4703 4716
f 4701 4714 4715
f 4699 4712 4713
f 4709 4708 4721
f 4707 4706 4719
f 4705 4704 4717
f 4702 4715 4716
f 4713 4726 4727
f 4711 4724 4725
f 4723 4722 4735
f 4721 4720 4733
f 4719 4718 4731
f 4716 4729 4730
f 4715 4714 4727
f 4713 4712 4725
f 4721 4734 4735
f 4719 4732 4733
f 4717 4730 4731
f 4716 4715 4728
f 4726 4739 4740
f 4724 4737 4738
f 4736 4735 4748
f 4733 4746 4747
f 4732 4731 4744
f 4730 4729 4742
f 4728 4727 4740
f 4726 4725 4738
f 4735 4734 4747
f 4732 4745 4746
f 4730 4743 4744
f 4728 4741 4742
f 4739 4752 4753
f 4738 4737 4750
f 4748 4761 4762
f 4746 4759 4760
f 4745 4744 4757
f 4743 4742 4755
f 4740 4753 4754
f 4739 4738 4751
f 4747 4760 4761
f 4745 4758 4759
f 4744 4743 4756
f 4741 4754 4755
f 4753 4752 4765
f 4750 4763 4764
f 4762 4761 4774
f 4759 4772 4773
f 4758 4757 4770
f 4755 4768 4769
f 4753 4766 4767
f 4752 4751 4764
f 4760 4773 4774
f 4758 4771 4772
f 4757 4756 4769
f 4755 4754 4767
f 4765 4778 4779
f 4764 4763 4776
f 4774 4787 4788
f 4772 4785 4786
f 4771 4770 4783
f 4769 4768 4781
f 4767 4766 4779
f 4765 4764 4777
f 4774 4773 4786
f 4771 4784 4785
f 4769 4782 4783
f 4767 4780 4781
f 4779 4778 4791
f 4776 4789 4790
f 4788 4787 4800
f 4786 4785 4798
f 4783 4796 4797
f 4782 4781 4794
f 4780 4779 4792
f 4777 4790 4791
f 4787 4786 4799
f 4785 4784 4797
f 4782 4795 4796
f 4780 4793 4794
f 4792 4791 4804
f 4790 4789 4802
f 4800 4813 4814
f 4799 4798 4811
f 4796 4809 4810
f 4795 4794 4807
f 4792 4805 4806
f 4790 4803 4804
f 4799 4812 4813
f 4798 4797 4810
f 4796 4795 4808
f 4793 4806 4807
f 4805 4804 4817
f 4803 4802 4815
f 4814 4813 4826
f 4811 4824 4825
f 4809 4822 4823
f 4808 4807 4820
f 4805 4818 4819
f 4803 4816 4817
f 4813 4812 4825
f 4811 4810 4823
f 4809 4808 4821
f 4806 4819 4820
f 4817 4830 4831
f 4815 4828 4829
f 4826 4839 4840
f 4825 4824 4837
f 4823 4822 4835
f 4820 4833 4834
f 4819 4818 4831
f 4817 4816 4829
f 4825 4838 4839
f 4823 4836 4837
f 4821 4834 4835
f 4820 4819 4832
f 4830 4843 4844
f 4828 4841 4842
f 4840 4839 4852
f 4837 4850 4851
f 4836 4835 4848
f 4834 4833 4846
f 4832 4831 4844
f 4830 4829 4842
f 4839 4838 4851
f 4836 4849 4850
f 4834 4847 4848
f 4832 4845 4846
f 4843 4856 4857
f 4842 4841 4854
f 4852 4865 4866
f 4850 4863 4864
f 4849 4848 4861
f 4847 4846 4859
f 4844 4857 4858
f 4843 4842 4855
f 4851 4864 4865
f 4849 4862 4863
f 4848 4847 4860
f 4845 4858 4859
f 4857 4856 4869
f 4855 4854 4867
f 4866 4865 4878
f 4864 4863 4876
f 4862 4861 4874
f 4859 4872 4873
f 4857 4870 4871
f 4856 4855 4868
f 4864 4877 4878
f 4862 4875 4876
f 4861 4860 4873
f 4859 4858 4871
f 4869 4882 4883
f 4868 4867 4880
f 4878 4891 4892
f 4877 4876 4889
f 4874 4887 4888
f 4873 4872 4885
f 4871 4870 4883
f 4868 4881 4882
f 4878 4877 4890
f 4876 4875 4888
f 4873 4886 4887
f 4871 4884 4885
f 4883 4882 4896
f 4880 4894 4895
f 4892 4891 4905
f 4890 4889 4903
f 4887 4901 4902
f 4885 4899 4900
f 4884 4883 4897
f 4881 4895 4896
f 4891 4890 4904
f 4889 4888 4902
f 4886 4900 4901
f 4885 4884 4898
f 4897 4896 4909
f 4895 4894 4907
f 4905 4918 4919
f 4904 4903 4916
f 4901 4914 4915
f 4899 4912 4913
f 4897 4910 4911
f 4895 4908 4909
f 4904 4917 4918
f 4903 4902 4915
f 4901 4900 4913
f 4899 4898 4911
f 4910 4909 4922
f 4908 4907 4920
f 4919 4918 4931
f 4916 4929 4930
f 4914 4927 4928
f 4913 4912 4925
f 4910 4923 4924
f 4908 4921 4922
f 4918 4917 4930
f 4916 4915 4928
f 4914 4913 4926
f 4911 4924 4925
f 4922 4935 4936
f 4920 4933 4934
f 4931 4944 4945
f 4930 4929 4942
f 4928 4927 4940
f 4925 4938 4939
f 4924 4923 4936
f 4922 4921 4934
f 4930 4943 4944
f 4928 4941 4942
f 4926 4939 4940
f 4925 4924 4937
f 4935 4948 4949
f 4933 4946 4947
f 4945 4944 4957
f 4942 4955 4956
f 4941 4940 4953
f 4938 4951 4952
f 4937 4936 4949
f 4935 4934 4947
f 4944 4943 4956
f 4941 4954 4955
f 4939 4952 4953
f 4938 4937 4950
f 4948 4961 4962
f 4947 4946 4959
f 4957 4970 4971
f 4955 4968 4969
f 4954 4953 4966
f 4951 4964 4965
f 4949 4962 4963
f 4948 4947 4960
f 4956 4969 4970
f 4954 4967 4968
f 4953 4952 4965
f 4951 4950 4963
f 4962 4961 4974
f 4959 4972 4973
f 4971 4970 4983
f 4968 4981 4982
f 4966 4979 4980
f 4964 4977 4978
f 4962 4975 4976
f 4960 4973 4974
f 4969 4982 4983
f 4967 4980 4981
f 4966 4965 4978
f 4964 4963 4976
f 4975 4974 4987
f 4973 4972 4985
f 4983 4996 4997
f 4981 4994 4995
f 4979 4992 4993
f 4978 4977 4990
f 4976 4975 4988
f 4973 4986 4987
f 4983 4982 4995
f 4981 4980 4993
f 4978 4991 4992
f 4976 4989 4990
f 4988 4987 5000
f 4985 4998 4999
f 4997 4996 5009
f 4995 4994 5007
f 4992 5005 5006
f 4991 4990 5003
f 4989 4988 5001
f 4986 4999 5000
f 4996 4995 5008
f 4994 4993 5006
f 4991 5004 5005
f 4989 5002 5003
f 5001 5000 5013
f 4999 4998 5011
f 5009 5022 5023
f 5008 5007 5020
f 5005 5018 5019
f 5004 5003 5016
f 5001 5014 5015
f 4999 5012 5013
f 5008 5021 5022
f 5007 5006 5019
f 5005 5004 5017
f 5002 5015 5016
f 5014 5013 4609
f 5012 5011 4607
f 5022 4618 4619
f 5020 4616 4617
f 5018 4614 4615
f 5017 5016 4612
f 5014 4610 4611
f 5012 4608 4609
f 5021 4617 4618
f 5020 5019 4615
f 5018 5017 4613
f 5015 4611 4612
f 4481 4607 5011
f 5011 4998 4602
f 4998 4985 4597
f 4985 4972 4593
f 4593 4972 4959
f 4589 4959 4946
f 4585 4946 4933
f 4933 4920 4577
f 4577 4920 4907
f 4907 4894 4569
f 4894 4880 4565
f 4880 4867 4561
f 4561 4867 4854
f 4557 4854 4841
f 4553 4841 4828
f 4828 4815 4545
f 4545 4815 4802
f 4802 4789 4537
f 4789 4776 4533
f 4776 4763 4529
f 4529 4763 4750
f 4525 4750 4737
f 4521 4737 4724
f 4724 4711 4513
f 4513 4711 4698
f 4698 4685 4505
f 4685 4672 4501
f 4672 4659 4497
f 4497 4659 4646
f 4493 4646 4633
f 4489 4633 4620
f 4620 4607 4481

